pickup_location_id,distance_band,duration_band,peer_q1_fare,peer_median_fare,peer_q3_fare,peer_group_size,peer_mean_fare,peer_median_fare_per_mile,peer_iqr_fare,peer_robust_sigma
132,10-20,40+,52.00,52.00,52.00,444727,51.01,2.91,0.00,0.00
132,10-20,20-40,40.50,52.00,52.00,410296,46.64,2.86,11.50,8.52
237,1-2,5-10,6.50,7.00,8.00,379732,7.25,5.45,1.50,1.11
138,5-10,20-40,26.00,28.50,30.00,367224,28.17,3.25,4.00,2.97
161,1-2,10-20,9.00,9.50,10.50,366236,9.86,6.67,1.50,1.11
236,0-1,0-5,4.00,4.50,5.00,355019,4.46,7.81,1.00,0.74
236,1-2,5-10,6.50,7.50,8.00,350416,7.35,5.38,1.50,1.11
237,0-1,0-5,4.00,4.50,5.00,347422,4.54,7.55,1.00,0.74
186,1-2,10-20,9.00,10.00,11.00,335717,10.02,6.90,2.00,1.48
237,1-2,10-20,9.00,9.50,10.50,307584,9.81,6.57,1.50,1.11
162,1-2,10-20,9.00,9.50,10.50,299757,9.91,6.58,1.50,1.11
237,0-1,5-10,5.50,6.00,6.50,292057,6.12,8.02,1.00,0.74
142,1-2,5-10,6.50,7.50,8.00,287359,7.32,5.36,1.50,1.11
234,1-2,10-20,9.00,9.50,10.50,268966,9.76,6.46,1.50,1.11
138,10-20,20-40,32.50,34.50,37.50,266238,35.71,3.00,5.00,3.71
162,1-2,5-10,6.50,7.50,8.00,265660,7.28,5.42,1.50,1.11
161,1-2,5-10,7.00,7.50,8.00,264306,7.32,5.59,1.00,0.74
161,0-1,5-10,5.50,6.00,6.50,262837,6.18,8.33,1.00,0.74
236,1-2,10-20,9.00,9.50,10.50,256919,9.91,6.33,1.50,1.11
239,1-2,5-10,6.50,7.50,8.00,254323,7.36,5.36,1.50,1.11
48,1-2,5-10,6.50,7.00,7.50,253904,7.20,5.36,1.00,0.74
234,1-2,5-10,6.50,7.00,7.50,253878,7.21,5.60,1.00,0.74
186,1-2,5-10,6.50,7.00,7.50,247369,7.19,5.47,1.00,0.74
230,1-2,10-20,9.00,9.50,10.50,244808,9.77,6.67,1.50,1.11
170,1-2,10-20,9.00,9.50,10.50,237714,9.94,6.64,1.50,1.11
163,1-2,10-20,9.00,9.50,10.50,231990,9.90,6.64,1.50,1.11
239,0-1,0-5,4.00,4.50,5.00,231844,4.56,7.50,1.00,0.74
230,1-2,5-10,6.50,7.00,8.00,223799,7.25,5.56,1.50,1.11
170,1-2,5-10,6.50,7.00,7.50,221952,7.30,5.51,1.00,0.74
161,2-3,10-20,10.50,11.50,12.50,217643,11.62,4.80,2.00,1.48
48,0-1,0-5,4.00,4.50,5.00,216405,4.66,7.14,1.00,0.74
141,0-1,0-5,4.00,4.50,5.00,216385,4.51,7.25,1.00,0.74
142,1-2,10-20,9.00,9.50,10.50,208941,9.88,6.25,1.50,1.11
263,0-1,0-5,4.00,4.50,5.00,208890,4.45,7.41,1.00,0.74
236,0-1,5-10,5.50,6.00,6.50,205556,6.02,7.78,1.00,0.74
238,1-2,5-10,6.50,7.50,8.00,205289,7.30,5.37,1.50,1.11
79,1-2,5-10,6.50,7.50,8.00,202762,7.27,5.46,1.50,1.11
163,1-2,5-10,6.50,7.50,8.00,201249,7.31,5.51,1.50,1.11
230,0-1,5-10,5.50,6.00,6.50,199994,6.17,7.95,1.00,0.74
162,0-1,5-10,5.50,6.00,6.50,189141,6.14,8.13,1.00,0.74
107,1-2,5-10,6.50,7.50,8.00,188234,7.27,5.56,1.50,1.11
141,1-2,5-10,6.50,7.00,7.50,187138,7.19,5.32,1.00,0.74
234,0-1,5-10,5.50,6.00,6.50,185758,6.13,7.79,1.00,0.74
68,1-2,10-20,9.00,9.50,10.50,185345,9.92,6.48,1.50,1.11
142,0-1,0-5,4.00,4.50,5.00,184509,4.66,7.50,1.00,0.74
162,2-3,10-20,10.50,11.50,12.50,183998,11.58,4.78,2.00,1.48
48,1-2,10-20,9.00,9.50,10.50,183657,9.82,6.56,1.50,1.11
107,1-2,10-20,9.00,9.50,10.50,181367,9.81,6.43,1.50,1.11
142,2-3,10-20,10.50,11.50,12.50,180861,11.43,4.75,2.00,1.48
238,0-1,0-5,4.00,4.50,5.00,179879,4.60,7.29,1.00,0.74
170,0-1,5-10,5.50,6.00,6.50,179697,6.24,7.93,1.00,0.74
236,2-3,10-20,10.50,11.50,12.50,179055,11.58,4.84,2.00,1.48
68,1-2,5-10,6.50,7.50,8.00,178711,7.26,5.42,1.50,1.11
164,1-2,10-20,9.00,9.50,10.50,176545,9.76,6.47,1.50,1.11
164,1-2,5-10,6.50,7.00,7.50,174862,7.22,5.50,1.00,0.74
249,1-2,5-10,6.50,7.00,8.00,173735,7.23,5.38,1.50,1.11
170,0-1,0-5,4.00,4.50,5.00,167817,4.94,7.50,1.00,0.74
162,0-1,0-5,4.00,4.50,5.00,167447,4.76,7.81,1.00,0.74
230,2-3,10-20,10.50,11.50,12.50,161556,11.56,4.74,2.00,1.48
138,5-10,10-20,21.00,23.00,25.00,156466,22.95,2.99,4.00,2.97
229,1-2,5-10,6.50,7.00,7.50,154798,7.18,5.16,1.00,0.74
186,0-1,5-10,5.50,6.00,6.50,154394,6.21,7.94,1.00,0.74
161,0-1,0-5,4.00,4.50,5.00,153686,4.82,8.33,1.00,0.74
138,10-20,40+,38.00,41.50,45.00,152695,42.65,3.44,7.00,5.19
48,0-1,5-10,5.50,6.00,6.50,152233,6.12,7.83,1.00,0.74
170,2-3,10-20,10.50,11.50,12.50,150952,11.65,4.81,2.00,1.48
234,0-1,0-5,4.00,4.50,5.00,150787,4.67,7.55,1.00,0.74
100,1-2,10-20,9.00,9.50,10.50,150042,9.80,6.76,1.50,1.11
237,2-3,10-20,10.50,11.50,12.50,149150,11.64,4.83,2.00,1.48
230,0-1,0-5,4.00,4.50,5.00,149026,4.89,7.69,1.00,0.74
79,0-1,0-5,4.00,4.50,5.00,148081,4.65,7.50,1.00,0.74
163,0-1,5-10,5.50,6.00,6.50,147975,6.19,8.11,1.00,0.74
79,1-2,10-20,9.00,9.50,10.50,147062,9.64,6.17,1.50,1.11
239,2-3,10-20,10.50,11.50,12.50,146604,11.55,4.83,2.00,1.48
43,1-2,5-10,7.00,7.50,8.00,145977,7.40,5.40,1.00,0.74
100,1-2,5-10,6.50,7.00,7.50,145438,7.15,5.63,1.00,0.74
186,2-3,10-20,10.50,11.50,12.50,142430,11.72,4.85,2.00,1.48
132,20+,40+,52.00,52.00,61.00,141127,63.06,2.52,9.00,6.67
164,0-1,5-10,5.50,6.00,6.50,140350,6.12,7.89,1.00,0.74
90,1-2,5-10,6.50,7.00,7.50,138715,7.19,5.43,1.00,0.74
239,1-2,10-20,9.00,9.50,10.50,137272,9.91,5.92,1.50,1.11
142,0-1,5-10,5.50,6.00,6.50,134926,6.02,7.50,1.00,0.74
249,1-2,10-20,9.00,9.50,10.50,134381,9.71,6.30,1.50,1.11
107,0-1,0-5,4.00,4.50,5.00,133242,4.66,7.50,1.00,0.74
100,0-1,5-10,5.50,6.00,6.50,132086,6.18,7.93,1.00,0.74
90,1-2,10-20,9.00,9.50,10.50,132072,9.82,6.47,1.50,1.11
234,2-3,10-20,10.50,11.50,12.50,131546,11.59,4.82,2.00,1.48
263,1-2,5-10,6.50,7.00,8.00,131078,7.21,5.22,1.50,1.11
141,1-2,10-20,9.00,9.50,10.50,131026,9.86,6.43,1.50,1.11
48,2-3,10-20,10.50,11.50,12.50,130978,11.48,4.66,2.00,1.48
164,0-1,0-5,4.00,4.50,5.00,130493,4.82,7.55,1.00,0.74
140,1-2,5-10,6.50,7.00,8.00,128629,7.25,5.38,1.50,1.11
246,1-2,10-20,9.00,10.00,11.00,128614,9.99,6.51,2.00,1.48
79,2-3,10-20,10.50,11.50,12.50,128429,11.49,4.75,2.00,1.48
68,2-3,10-20,10.50,11.50,12.50,127408,11.62,4.79,2.00,1.48
90,0-1,0-5,4.00,4.50,5.00,125906,4.56,7.50,1.00,0.74
163,2-3,10-20,10.50,11.50,12.50,125111,11.58,4.81,2.00,1.48
140,0-1,0-5,4.00,4.50,5.00,124405,4.61,7.35,1.00,0.74
107,0-1,5-10,5.50,6.00,6.50,124370,6.12,7.78,1.00,0.74
229,1-2,10-20,9.00,9.50,10.50,123965,9.86,6.50,1.50,1.11
68,0-1,0-5,4.00,4.50,5.00,123848,4.69,7.50,1.00,0.74
79,0-1,5-10,5.50,6.00,6.50,121412,6.07,7.61,1.00,0.74
113,1-2,5-10,6.50,7.00,7.50,120584,7.21,5.66,1.00,0.74
43,1-2,10-20,9.00,9.50,10.50,119302,9.97,6.36,1.50,1.11
141,0-1,5-10,5.50,6.00,6.50,118558,6.05,7.86,1.00,0.74
113,1-2,10-20,9.00,9.50,10.50,116657,9.71,6.38,1.50,1.11
79,3-5,10-20,13.00,14.00,15.00,116220,14.26,3.78,2.00,1.48
229,0-1,0-5,4.00,4.50,5.00,115864,4.59,7.27,1.00,0.74
238,2-3,10-20,10.50,11.50,12.50,115751,11.63,4.79,2.00,1.48
114,1-2,5-10,6.50,7.50,8.00,113928,7.27,5.42,1.50,1.11
246,1-2,5-10,6.50,7.50,8.00,113832,7.32,5.38,1.50,1.11
231,1-2,5-10,6.50,7.50,8.00,112257,7.30,5.30,1.50,1.11
100,0-1,0-5,4.00,4.50,5.00,110488,4.78,7.50,1.00,0.74
249,0-1,0-5,4.00,4.50,5.00,109727,4.56,7.50,1.00,0.74
186,0-1,0-5,4.00,4.50,5.00,109586,4.77,7.14,1.00,0.74
90,0-1,5-10,5.50,6.00,6.50,107546,6.07,7.81,1.00,0.74
233,1-2,10-20,9.00,9.50,11.00,106751,9.95,6.67,2.00,1.48
163,0-1,0-5,4.00,4.50,5.00,105618,4.84,8.00,1.00,0.74
186,3-5,20-40,17.00,18.50,20.00,104445,18.72,4.88,3.00,2.22
68,0-1,5-10,5.50,6.00,6.50,104216,6.14,7.81,1.00,0.74
262,0-1,0-5,4.00,4.50,5.00,104002,4.62,7.50,1.00,0.74
140,1-2,10-20,9.00,9.50,10.50,103744,9.93,6.35,1.50,1.11
143,0-1,0-5,4.00,4.50,5.00,101727,4.57,7.50,1.00,0.74
249,2-3,10-20,10.50,11.50,12.50,100668,11.41,4.73,2.00,1.48
143,1-2,5-10,6.50,7.50,8.00,100308,7.29,5.38,1.50,1.11
164,2-3,10-20,10.50,11.50,12.50,99978,11.58,4.78,2.00,1.48
113,0-1,5-10,5.50,6.00,6.50,97973,6.07,7.69,1.00,0.74
137,1-2,5-10,6.50,7.00,7.50,97648,7.16,5.36,1.00,0.74
141,2-3,10-20,10.50,11.50,12.50,95474,11.53,4.75,2.00,1.48
233,1-2,5-10,6.50,7.00,8.00,95218,7.25,5.32,1.50,1.11
239,0-1,5-10,5.50,6.00,6.00,94985,5.97,7.37,0.50,0.37
246,2-3,10-20,10.50,11.50,12.50,94581,11.72,4.79,2.00,1.48
229,0-1,5-10,5.50,6.00,6.50,94403,6.11,7.97,1.00,0.74
231,2-3,10-20,10.50,11.50,12.50,94237,11.52,4.66,2.00,1.48
48,3-5,10-20,13.00,14.00,15.50,93582,14.41,3.86,2.50,1.85
107,2-3,10-20,10.50,11.50,12.50,92081,11.57,4.80,2.00,1.48
249,0-1,5-10,5.50,6.00,6.50,88822,6.03,7.56,1.00,0.74
262,1-2,5-10,6.50,7.00,8.00,88195,7.22,5.50,1.50,1.11
140,2-3,10-20,10.50,11.50,12.50,88125,11.75,4.81,2.00,1.48
238,1-2,10-20,9.00,9.50,10.50,88121,9.78,5.88,1.50,1.11
229,2-3,10-20,10.50,11.50,12.50,88114,11.40,4.74,2.00,1.48
151,1-2,5-10,6.50,7.50,8.00,86960,7.33,5.36,1.50,1.11
43,2-3,10-20,10.50,11.50,12.50,86099,11.67,4.85,2.00,1.48
158,1-2,5-10,7.00,7.50,8.00,85805,7.35,5.33,1.00,0.74
263,2-3,10-20,10.50,11.00,12.00,85218,11.40,4.68,1.50,1.11
113,0-1,0-5,4.00,4.50,5.00,84861,4.62,7.63,1.00,0.74
138,5-10,40+,33.50,35.00,37.50,84831,35.59,3.95,4.00,2.97
161,0-1,10-20,8.00,8.50,9.50,84537,8.79,10.84,1.50,1.11
148,1-2,5-10,7.00,7.50,8.00,84144,7.40,5.38,1.00,0.74
137,1-2,10-20,9.00,9.50,10.50,83837,9.84,6.46,1.50,1.11
230,3-5,10-20,13.00,14.00,15.50,82928,14.38,3.90,2.50,1.85
263,0-1,5-10,5.50,6.00,6.00,82819,5.91,7.69,0.50,0.37
151,0-1,0-5,4.00,4.50,5.00,80156,4.59,7.38,1.00,0.74
140,0-1,5-10,5.50,6.00,6.50,78601,6.08,7.83,1.00,0.74
114,1-2,10-20,9.00,9.50,10.00,78560,9.60,6.07,1.00,0.74
148,2-3,10-20,10.50,11.50,12.50,77796,11.51,4.63,2.00,1.48
230,3-5,20-40,16.50,18.00,20.00,77529,18.54,4.69,3.50,2.59
186,3-5,10-20,13.00,14.50,15.00,76686,14.37,3.95,2.00,1.48
100,2-3,10-20,10.50,11.50,12.50,75969,11.70,4.78,2.00,1.48
148,3-5,10-20,13.00,14.50,15.50,75825,14.47,3.81,2.50,1.85
161,5-10,20-40,22.50,25.00,28.00,75790,25.56,3.62,5.50,4.08
231,0-1,0-5,4.00,4.50,5.00,75296,4.80,7.69,1.00,0.74
158,1-2,10-20,9.00,9.50,10.50,75208,9.77,6.12,1.50,1.11
231,3-5,10-20,13.00,14.00,15.50,74482,14.41,3.88,2.50,1.85
144,1-2,5-10,6.50,7.00,8.00,74140,7.26,5.45,1.50,1.11
230,5-10,20-40,22.00,24.50,28.00,74065,25.34,3.64,6.00,4.45
264,1-2,5-10,6.50,7.00,8.00,74033,7.28,5.42,1.50,1.11
143,2-3,10-20,10.50,11.50,12.50,73881,11.59,4.80,2.00,1.48
161,3-5,20-40,16.50,18.00,19.50,73654,18.29,4.85,3.00,2.22
114,2-3,10-20,10.50,11.50,12.50,72614,11.47,4.73,2.00,1.48
43,0-1,0-5,4.00,4.50,5.00,72270,4.91,7.26,1.00,0.74
236,3-5,20-40,17.00,18.50,20.00,72049,18.72,4.89,3.00,2.22
137,0-1,0-5,4.00,4.50,5.00,71808,4.64,7.03,1.00,0.74
113,2-3,10-20,10.50,11.50,12.50,71641,11.61,4.83,2.00,1.48
234,3-5,20-40,17.00,18.00,19.50,71107,18.49,4.71,2.50,1.85
186,2-3,20-40,14.50,15.50,17.00,70913,16.18,6.42,2.50,1.85
262,2-3,10-20,10.50,11.50,12.50,70721,11.61,4.71,2.00,1.48
50,1-2,5-10,6.50,7.00,8.00,69805,7.26,5.31,1.50,1.11
158,2-3,10-20,10.50,11.50,12.50,69275,11.56,4.76,2.00,1.48
234,3-5,10-20,13.50,14.50,15.50,68878,14.47,3.92,2.00,1.48
162,5-10,20-40,22.50,25.00,28.00,68486,25.33,3.53,5.50,4.08
90,2-3,10-20,10.50,11.50,12.50,67981,11.52,4.81,2.00,1.48
231,1-2,10-20,9.00,9.50,10.50,67628,9.67,6.10,1.50,1.11
263,1-2,10-20,9.00,9.50,10.50,67544,9.81,6.07,1.50,1.11
75,1-2,5-10,6.50,7.00,8.00,67413,7.32,5.24,1.50,1.11
162,3-5,10-20,13.00,14.00,15.00,66926,14.15,3.88,2.00,1.48
143,1-2,10-20,9.00,9.50,10.50,66824,9.97,6.11,1.50,1.11
237,3-5,20-40,16.50,18.00,19.50,66695,18.35,4.89,3.00,2.22
231,3-5,20-40,17.00,18.00,20.00,66535,18.66,4.73,3.00,2.22
211,1-2,5-10,6.50,7.50,8.00,66425,7.26,5.41,1.50,1.11
161,3-5,10-20,13.00,14.00,15.00,66404,14.15,3.92,2.00,1.48
161,2-3,20-40,14.50,15.50,16.50,65732,15.72,6.15,2.00,1.48
264,0-1,0-5,4.00,4.50,5.00,64993,6.73,8.00,1.00,0.74
186,1-2,20-40,13.50,14.50,15.50,64385,14.84,9.36,2.00,1.48
75,0-1,0-5,4.00,4.50,5.00,64206,4.73,7.00,1.00,0.74
170,3-5,10-20,13.00,14.00,15.50,63808,14.43,3.80,2.50,1.85
68,3-5,10-20,13.50,14.50,15.50,63676,14.51,3.92,2.00,1.48
48,3-5,20-40,16.50,18.00,19.50,63500,18.48,4.67,3.00,2.22
132,5-10,10-20,18.50,21.00,23.50,63327,21.47,3.04,5.00,3.71
107,3-5,10-20,13.00,14.00,15.50,63146,14.28,3.80,2.50,1.85
231,5-10,20-40,22.00,24.00,26.50,62320,24.51,3.60,4.50,3.34
186,0-1,10-20,8.00,8.50,9.50,61890,8.99,10.98,1.50,1.11
233,0-1,0-5,4.00,4.50,5.00,61593,4.86,7.38,1.00,0.74
186,5-10,20-40,22.00,24.50,27.50,61406,25.20,3.69,5.50,4.08
43,0-1,5-10,5.50,6.00,6.50,61024,6.16,7.69,1.00,0.74
264,1-2,10-20,9.00,9.50,10.50,60935,9.81,6.43,1.50,1.11
114,0-1,5-10,5.50,6.00,6.50,60852,6.06,7.59,1.00,0.74
79,3-5,20-40,16.50,18.00,19.50,60830,18.36,4.61,3.00,2.22
13,3-5,10-20,13.50,14.50,15.50,60648,14.74,3.83,2.00,1.48
262,0-1,5-10,5.50,6.00,6.50,60111,6.01,7.50,1.00,0.74
144,2-3,10-20,10.50,11.50,12.50,59882,11.66,4.76,2.00,1.48
246,0-1,0-5,4.00,4.50,5.00,59639,4.72,7.14,1.00,0.74
238,0-1,5-10,5.50,6.00,6.00,59265,5.94,7.22,0.50,0.37
231,0-1,5-10,5.50,6.00,6.50,59194,6.05,7.86,1.00,0.74
114,0-1,0-5,4.00,4.50,5.00,59176,4.71,7.58,1.00,0.74
230,0-1,10-20,8.00,8.50,9.50,58756,8.81,10.64,1.50,1.11
233,2-3,10-20,10.50,11.50,12.50,58726,11.49,4.75,2.00,1.48
132,20+,20-40,52.00,52.00,58.00,58619,57.40,2.57,6.00,4.45
246,0-1,5-10,5.50,6.00,6.50,57993,6.18,7.83,1.00,0.74
68,3-5,20-40,17.00,18.00,19.83,57608,18.52,4.76,2.83,2.10
142,3-5,10-20,13.00,14.00,15.00,56966,14.16,3.93,2.00,1.48
137,0-1,5-10,5.50,6.00,6.50,56954,6.13,7.75,1.00,0.74
50,0-1,0-5,4.00,4.50,5.00,56553,4.62,7.00,1.00,0.74
236,3-5,10-20,13.00,14.00,15.00,56139,14.24,3.95,2.00,1.48
48,5-10,20-40,21.50,24.50,27.50,55978,25.06,3.61,6.00,4.45
164,3-5,10-20,13.00,14.00,15.50,55972,14.34,3.85,2.50,1.85
237,1-2,0-5,5.50,5.50,6.00,55746,5.66,4.90,0.50,0.37
236,2-3,20-40,14.50,15.50,17.00,55705,15.98,6.38,2.50,1.85
246,3-5,10-20,13.50,14.50,15.50,55388,14.53,3.93,2.00,1.48
162,3-5,20-40,16.50,17.50,19.50,55232,18.15,4.85,3.00,2.22
163,3-5,20-40,16.50,18.00,20.00,55150,18.43,4.85,3.50,2.59
87,3-5,10-20,13.50,15.00,16.00,55135,14.77,3.71,2.50,1.85
50,1-2,10-20,9.00,9.50,11.00,54866,9.97,6.50,2.00,1.48
237,3-5,10-20,13.00,14.00,15.00,54842,14.06,3.95,2.00,1.48
233,0-1,5-10,5.50,6.00,6.50,54790,6.21,8.06,1.00,0.74
79,5-10,20-40,21.00,23.00,26.00,53845,23.94,3.57,5.00,3.71
236,5-10,20-40,22.50,25.50,27.50,53631,25.34,3.53,5.00,3.71
162,0-1,10-20,8.00,8.50,9.50,53513,8.88,10.80,1.50,1.11
13,5-10,20-40,22.00,23.50,26.00,53159,24.10,3.60,4.00,2.97
151,2-3,10-20,10.50,11.50,12.50,52991,11.56,4.77,2.00,1.48
140,3-5,10-20,13.00,14.50,15.50,52813,14.33,3.91,2.50,1.85
144,1-2,10-20,8.50,9.50,10.00,52685,9.58,6.07,1.50,1.11
125,1-2,5-10,6.50,7.50,8.00,52365,7.32,5.31,1.50,1.11
263,3-5,10-20,13.00,14.00,15.00,52156,14.17,3.78,2.00,1.48
142,3-5,20-40,16.50,18.00,19.50,51900,18.39,4.69,3.00,2.22
239,3-5,10-20,13.00,14.00,15.00,51876,14.14,3.92,2.00,1.48
237,2-3,20-40,14.50,15.50,17.00,51867,16.00,6.36,2.50,1.85
170,5-10,20-40,22.00,24.50,27.50,51857,25.18,3.54,5.50,4.08
148,0-1,0-5,4.00,4.50,5.00,51439,4.96,7.86,1.00,0.74
249,3-5,10-20,13.00,14.50,15.50,51090,14.60,3.83,2.50,1.85
166,1-2,5-10,6.50,7.50,8.00,50784,7.41,5.34,1.50,1.11
170,0-1,10-20,8.00,8.50,9.50,50529,9.00,10.71,1.50,1.11
141,3-5,10-20,13.00,14.00,15.00,50247,14.01,3.85,2.00,1.48
162,2-3,20-40,14.50,15.50,16.50,50184,15.78,6.20,2.00,1.48
234,5-10,20-40,21.50,24.00,27.00,50082,24.57,3.65,5.50,4.08
148,1-2,10-20,9.00,9.50,10.00,49566,9.57,5.90,1.00,0.74
132,5-10,20-40,24.00,26.50,29.00,49070,26.82,3.22,5.00,3.71
211,1-2,10-20,9.00,9.50,10.00,48912,9.61,6.07,1.00,0.74
237,0-1,10-20,8.00,8.50,9.00,48590,8.64,10.49,1.00,0.74
237,5-10,20-40,23.00,25.50,28.00,47973,25.80,3.54,5.00,3.71
137,2-3,10-20,10.50,11.50,12.50,47565,11.43,4.77,2.00,1.48
262,1-2,10-20,9.00,9.50,10.50,47415,9.73,6.12,1.50,1.11
143,0-1,5-10,5.50,6.00,6.50,47060,5.96,7.50,1.00,0.74
163,3-5,10-20,13.00,14.00,15.00,46827,14.18,3.94,2.00,1.48
230,10-20,20-40,34.00,36.50,50.50,46766,41.60,3.05,16.50,12.23
87,5-10,20-40,21.00,23.00,25.50,46671,23.72,3.66,4.50,3.34
164,5-10,20-40,22.00,24.50,28.00,46610,25.27,3.54,6.00,4.45
249,3-5,20-40,17.00,18.00,20.00,46478,18.62,4.57,3.00,2.22
264,0-1,5-10,5.50,6.00,6.50,46459,6.12,7.86,1.00,0.74
236,1-2,0-5,5.50,5.50,6.00,46342,5.75,4.90,0.50,0.37
68,5-10,20-40,22.00,24.00,27.00,46043,24.85,3.62,5.00,3.71
238,3-5,10-20,13.00,14.00,15.50,46021,14.34,3.88,2.50,1.85
13,1-2,5-10,7.00,7.50,8.00,45343,7.50,5.30,1.00,0.74
211,2-3,10-20,10.50,11.50,12.50,45314,11.63,4.77,2.00,1.48
170,3-5,20-40,16.50,18.00,20.00,45134,18.50,4.80,3.50,2.59
148,0-1,5-10,5.50,6.00,6.50,44921,6.06,7.69,1.00,0.74
141,1-2,0-5,5.50,5.50,6.00,44812,5.66,4.76,0.50,0.37
249,5-10,20-40,21.50,23.50,26.50,44716,24.12,3.61,5.00,3.71
100,3-5,10-20,13.00,14.00,15.50,44107,14.48,3.91,2.50,1.85
163,5-10,20-40,22.50,25.00,28.00,43948,25.54,3.68,5.50,4.08
264,2-3,10-20,10.50,11.50,12.50,43886,11.58,4.78,2.00,1.48
113,3-5,20-40,17.00,18.50,20.00,43633,18.69,4.67,3.00,2.22
100,3-5,20-40,16.50,18.00,19.50,43507,18.48,4.75,3.00,2.22
239,3-5,20-40,17.00,18.00,20.00,43391,18.53,4.77,3.00,2.22
166,0-1,0-5,4.00,4.50,5.00,43330,4.69,7.27,1.00,0.74
107,3-5,20-40,17.00,18.00,19.50,43096,18.51,4.72,2.50,1.85
144,0-1,5-10,5.50,6.00,6.50,42854,6.09,7.78,1.00,0.74
114,3-5,10-20,13.50,14.50,15.50,42828,14.49,3.90,2.00,1.48
234,2-3,20-40,14.50,15.50,16.50,42686,15.85,6.36,2.00,1.48
170,2-3,20-40,14.50,15.50,16.50,42671,15.86,6.25,2.00,1.48
144,3-5,20-40,16.50,18.00,19.50,42323,18.43,4.83,3.00,2.22
246,3-5,20-40,16.50,18.00,19.50,42093,18.42,4.81,3.00,2.22
236,2-3,5-10,8.50,9.00,9.50,42072,8.99,4.02,1.00,0.74
163,0-1,10-20,8.00,8.50,9.50,41846,8.84,10.80,1.50,1.11
41,1-2,5-10,6.50,7.00,8.00,41382,7.28,5.42,1.50,1.11
230,2-3,20-40,14.50,15.50,16.50,41323,15.77,6.20,2.00,1.48
68,2-3,20-40,14.50,15.50,17.00,40582,15.93,6.33,2.50,1.85
229,3-5,10-20,13.00,14.00,15.00,40509,13.99,3.85,2.00,1.48
142,2-3,5-10,8.50,9.00,9.50,40094,9.10,4.02,1.00,0.74
140,3-5,20-40,17.00,18.00,20.00,39585,18.51,4.85,3.00,2.22
262,3-5,10-20,13.00,14.00,15.50,39582,14.31,3.86,2.50,1.85
50,2-3,10-20,10.50,11.50,12.50,39481,11.56,4.75,2.00,1.48
238,3-5,20-40,17.00,18.00,20.00,39377,18.60,4.90,3.00,2.22
239,2-3,20-40,14.50,15.50,17.00,38901,15.98,6.30,2.50,1.85
163,2-3,20-40,14.50,15.50,16.50,38874,15.87,6.35,2.00,1.48
230,10-20,40+,42.00,52.00,52.00,38710,49.42,3.21,10.00,7.41
48,0-1,10-20,8.00,8.50,9.50,38398,8.90,10.84,1.50,1.11
100,5-10,20-40,22.50,25.00,28.50,38397,25.59,3.57,6.00,4.45
166,2-3,10-20,10.50,11.50,12.50,37985,11.60,4.75,2.00,1.48
48,1-2,0-5,5.50,5.50,6.00,37896,5.71,4.92,0.50,0.37
164,3-5,20-40,16.50,18.00,19.50,37782,18.37,4.73,3.00,2.22
142,2-3,20-40,14.50,15.50,16.50,37751,15.82,6.36,2.00,1.48
162,2-3,5-10,8.50,9.00,9.50,37398,9.07,3.97,1.00,0.74
114,3-5,20-40,17.00,18.00,19.50,37375,18.44,4.61,2.50,1.85
13,2-3,10-20,10.50,11.50,12.50,37363,11.56,4.62,2.00,1.48
144,0-1,0-5,4.00,4.50,5.00,37053,4.89,8.04,1.00,0.74
144,3-5,10-20,13.50,14.00,15.00,36936,14.41,3.97,1.50,1.11
142,5-10,20-40,21.50,24.00,27.00,36648,24.65,3.69,5.50,4.08
13,3-5,20-40,17.50,18.50,20.50,36520,19.19,4.58,3.00,2.22
107,5-10,20-40,21.00,23.50,27.00,36328,24.50,3.61,6.00,4.45
239,5-10,20-40,21.50,23.50,27.00,35718,24.58,3.67,5.50,4.08
100,0-1,10-20,8.00,8.50,9.50,35559,8.82,10.63,1.50,1.11
211,0-1,5-10,5.50,6.00,6.50,35185,6.07,7.74,1.00,0.74
158,0-1,0-5,4.00,4.50,5.00,35059,4.66,7.50,1.00,0.74
161,1-2,20-40,13.50,14.00,15.00,35049,14.58,9.17,1.50,1.11
137,3-5,10-20,13.00,14.50,15.50,34941,14.36,3.67,2.50,1.85
161,10-20,20-40,33.00,35.00,47.63,34854,40.18,3.06,14.63,10.85
43,3-5,20-40,17.00,18.00,20.00,34605,18.63,4.90,3.00,2.22
263,1-2,0-5,5.50,5.50,6.00,34578,5.69,4.69,0.50,0.37
162,1-2,20-40,13.50,14.00,15.50,34554,14.66,9.18,2.00,1.48
261,3-5,20-40,17.00,18.50,20.50,34383,19.00,4.64,3.50,2.59
41,0-1,0-5,4.00,4.50,5.00,34327,4.74,7.50,1.00,0.74
148,3-5,20-40,16.50,18.00,19.50,33738,18.33,4.57,3.00,2.22
261,3-5,10-20,13.50,14.50,15.50,33729,14.68,3.86,2.00,1.48
141,3-5,20-40,16.50,18.00,19.50,33645,18.29,4.81,3.00,2.22
148,5-10,20-40,21.00,23.50,26.50,33500,24.12,3.53,5.50,4.08
234,0-1,10-20,8.00,8.50,9.00,33449,8.69,10.49,1.00,0.74
140,5-10,20-40,22.50,25.00,27.50,33342,25.37,3.51,5.00,3.71
261,5-10,20-40,21.50,23.50,26.00,33154,24.10,3.70,4.50,3.34
75,2-3,10-20,10.50,11.50,12.50,33106,11.59,4.75,2.00,1.48
74,1-2,5-10,6.50,7.00,8.00,33047,7.32,5.22,1.50,1.11
90,3-5,10-20,13.00,14.50,15.50,33015,14.50,3.87,2.50,1.85
74,0-1,0-5,4.00,4.50,5.00,32940,4.70,7.00,1.00,0.74
79,2-3,5-10,8.50,9.00,9.50,32869,9.14,3.92,1.00,0.74
48,5-10,10-20,18.50,20.50,22.50,32794,21.03,3.15,4.00,2.97
48,2-3,5-10,8.50,9.00,9.50,32791,9.20,3.98,1.00,0.74
90,3-5,20-40,17.00,18.00,20.00,32462,18.69,4.68,3.00,2.22
229,1-2,0-5,5.50,5.50,6.00,32393,5.74,4.62,0.50,0.37
88,5-10,20-40,21.50,23.50,26.00,32356,23.99,3.64,4.50,3.34
13,5-10,10-20,18.50,19.50,21.00,32258,20.08,3.21,2.50,1.85
125,1-2,10-20,9.00,9.50,10.50,32128,9.71,6.04,1.50,1.11
239,1-2,0-5,5.50,5.50,6.00,31925,5.72,4.91,0.50,0.37
263,3-5,20-40,16.50,18.00,19.50,31902,18.44,4.68,3.00,2.22
211,3-5,20-40,16.50,18.00,19.50,31812,18.41,4.84,3.00,2.22
125,2-3,10-20,10.50,11.50,12.50,31762,11.64,4.75,2.00,1.48
50,3-5,10-20,13.50,14.50,15.50,31612,14.50,3.89,2.00,1.48
263,2-3,5-10,8.50,9.00,9.50,31612,9.05,3.91,1.00,0.74
211,0-1,0-5,4.00,4.50,5.00,31551,4.79,7.63,1.00,0.74
151,1-2,10-20,9.00,9.50,10.00,31411,9.69,5.63,1.00,0.74
158,3-5,10-20,13.00,14.00,15.50,31311,14.43,3.91,2.50,1.85
263,5-10,20-40,22.00,24.50,27.00,31269,24.83,3.47,5.00,3.71
229,2-3,5-10,8.50,9.00,9.50,31232,8.90,3.90,1.00,0.74
238,1-2,0-5,5.50,5.50,6.00,31209,5.65,5.00,0.50,0.37
125,0-1,0-5,4.00,4.50,5.00,31199,4.75,7.14,1.00,0.74
43,2-3,20-40,14.50,15.50,17.00,31161,16.12,6.39,2.50,1.85
237,2-3,5-10,8.50,9.00,9.50,31027,9.10,4.00,1.00,0.74
113,3-5,10-20,13.50,14.50,15.50,30831,14.59,3.90,2.00,1.48
114,5-10,20-40,21.00,23.50,26.00,30725,24.00,3.62,5.00,3.71
138,3-5,10-20,13.50,14.50,15.50,30648,14.63,3.66,2.00,1.48
90,5-10,20-40,22.00,24.50,27.00,30239,24.87,3.60,5.00,3.71
239,2-3,5-10,8.50,9.00,9.50,30173,9.16,4.05,1.00,0.74
238,5-10,20-40,22.00,24.50,27.50,30113,25.07,3.63,5.50,4.08
50,0-1,5-10,5.50,6.00,6.50,29808,6.12,7.78,1.00,0.74
164,0-1,10-20,8.00,8.50,9.50,29700,8.77,10.64,1.50,1.11
87,5-10,10-20,17.50,19.00,20.00,29686,19.25,3.23,2.50,1.85
141,5-10,20-40,22.50,25.00,27.50,29649,25.24,3.49,5.00,3.71
162,5-10,10-20,18.00,19.50,21.50,29649,20.27,3.24,3.50,2.59
141,2-3,5-10,8.50,9.00,9.50,29619,9.12,3.89,1.00,0.74
161,2-3,5-10,8.50,9.00,9.50,29606,9.15,4.03,1.00,0.74
48,2-3,20-40,14.50,15.50,16.50,29457,15.90,6.25,2.00,1.48
246,2-3,20-40,14.50,15.50,17.00,29155,16.01,6.36,2.50,1.85
158,0-1,5-10,5.50,6.00,6.50,29052,6.01,7.50,1.00,0.74
161,10-20,40+,43.00,52.00,52.00,28999,50.74,3.26,9.00,6.67
151,0-1,5-10,5.50,6.00,6.00,28830,5.92,7.22,0.50,0.37
162,1-2,0-5,5.50,5.50,6.00,28822,5.70,4.91,0.50,0.37
233,3-5,10-20,13.00,14.50,15.50,28661,14.48,3.76,2.50,1.85
24,1-2,5-10,7.00,7.50,8.00,28579,7.44,5.33,1.00,0.74
229,5-10,20-40,22.00,24.50,27.50,28364,24.98,3.50,5.50,4.08
88,3-5,10-20,13.50,14.50,16.00,27848,14.74,3.69,2.50,1.85
164,2-3,20-40,14.50,15.50,16.50,27795,15.77,6.16,2.00,1.48
170,5-10,10-20,18.00,19.50,23.00,27522,20.86,3.21,5.00,3.71
162,10-20,20-40,32.00,35.00,52.00,27467,40.16,3.03,20.00,14.83
107,2-3,20-40,14.50,15.50,17.00,27450,15.92,6.41,2.50,1.85
170,2-3,5-10,8.50,9.00,9.50,27446,9.29,3.93,1.00,0.74
75,1-2,10-20,9.00,9.50,10.50,27293,9.79,5.94,1.50,1.11
140,2-3,20-40,14.50,15.50,17.00,27209,16.10,6.30,2.50,1.85
151,3-5,10-20,13.50,14.50,15.50,26966,14.43,3.86,2.00,1.48
141,2-3,20-40,14.50,15.50,17.00,26677,16.07,6.36,2.50,1.85
163,1-2,20-40,13.50,14.00,15.50,26474,14.66,9.00,2.00,1.48
100,2-3,20-40,14.50,15.50,17.00,26185,15.94,6.20,2.50,1.85
158,3-5,20-40,17.00,18.00,20.00,26182,18.57,4.74,3.00,2.22
142,1-2,0-5,5.50,5.50,6.00,26165,5.75,5.00,0.50,0.37
246,5-10,20-40,21.50,24.00,26.50,26155,24.68,3.65,5.00,3.71
140,5-10,10-20,19.00,20.50,23.00,26033,21.08,3.11,4.00,2.97
238,2-3,20-40,14.50,15.50,17.00,25724,16.00,6.09,2.50,1.85
87,2-3,10-20,10.50,11.50,12.50,25668,11.50,4.66,2.00,1.48
79,2-3,20-40,14.50,15.50,16.50,25542,15.77,6.13,2.00,1.48
24,0-1,0-5,4.00,4.50,5.00,25457,4.62,7.38,1.00,0.74
170,1-2,20-40,13.50,14.00,15.50,25384,14.81,9.38,2.00,1.48
231,2-3,5-10,9.00,9.00,9.50,25237,9.30,4.05,0.50,0.37
113,5-10,20-40,21.50,23.50,26.50,25123,24.40,3.70,5.00,3.71
87,3-5,20-40,17.00,18.50,20.00,25002,18.77,4.40,3.00,2.22
261,2-3,10-20,10.50,11.50,12.50,24534,11.62,4.64,2.00,1.48
140,2-3,5-10,8.50,9.00,10.00,24364,9.27,3.96,1.50,1.11
13,0-1,0-5,4.00,4.50,5.00,24343,5.15,7.55,1.00,0.74
113,2-3,20-40,14.50,15.50,16.50,24324,15.87,6.28,2.00,1.48
264,3-5,10-20,13.00,14.00,15.50,24292,14.42,3.87,2.50,1.85
87,1-2,5-10,7.00,7.50,8.00,24199,7.38,5.42,1.00,0.74
211,3-5,10-20,13.00,14.00,15.00,24185,14.34,3.98,2.00,1.48
68,0-1,10-20,8.00,8.50,9.50,24025,8.90,10.71,1.50,1.11
132,3-5,5-10,11.00,12.00,13.50,23958,12.72,3.31,2.50,1.85
229,3-5,20-40,16.00,17.50,19.00,23878,17.88,4.78,3.00,2.22
262,3-5,20-40,16.50,18.00,19.50,23873,18.37,4.74,3.00,2.22
163,10-20,20-40,33.50,36.00,50.50,23593,41.29,3.08,17.00,12.60
87,1-2,10-20,9.00,9.50,10.50,23539,9.78,6.25,1.50,1.11
48,10-20,20-40,34.00,37.00,52.00,23492,42.61,3.03,18.00,13.34
140,1-2,0-5,5.50,5.50,6.00,23399,5.73,4.78,0.50,0.37
231,5-10,10-20,18.50,19.50,21.50,23361,20.18,3.23,3.00,2.22
249,2-3,20-40,14.50,15.50,16.50,23332,15.77,6.25,2.00,1.48
13,1-2,10-20,9.00,9.50,10.50,23318,9.74,6.05,1.50,1.11
43,5-10,20-40,22.50,25.00,27.50,23259,25.22,3.65,5.00,3.71
237,1-2,20-40,13.50,14.00,15.00,23258,14.54,8.71,1.50,1.11
158,5-10,20-40,21.50,23.50,26.00,23240,23.90,3.65,4.50,3.34
249,2-3,5-10,8.50,9.00,9.50,23207,9.12,4.00,1.00,0.74
143,3-5,20-40,16.50,18.00,20.00,23103,18.49,4.75,3.50,2.59
79,5-10,10-20,17.50,18.50,20.50,23044,19.65,3.21,3.00,2.22
43,3-5,10-20,13.00,14.00,15.00,23002,14.26,4.02,2.00,1.48
230,1-2,20-40,13.50,14.00,15.00,22879,14.57,9.29,1.50,1.11
143,3-5,10-20,13.00,14.50,15.50,22866,14.39,3.92,2.50,1.85
75,0-1,5-10,5.50,6.00,6.50,22807,6.05,7.50,1.00,0.74
50,3-5,20-40,17.00,18.00,19.50,22742,18.45,4.67,2.50,1.85
229,2-3,20-40,14.50,15.50,16.50,22593,15.83,6.36,2.00,1.48
263,5-10,10-20,19.00,21.50,23.50,22504,21.41,3.08,4.50,3.34
233,5-10,20-40,22.00,24.50,27.50,22346,24.89,3.52,5.50,4.08
13,0-1,5-10,5.50,6.00,6.50,22323,6.07,7.64,1.00,0.74
230,2-3,5-10,9.00,9.00,9.50,22323,9.21,4.04,0.50,0.37
148,2-3,5-10,9.00,9.50,10.00,22321,9.51,4.03,1.00,0.74
137,5-10,20-40,21.50,24.00,27.00,22310,24.84,3.55,5.50,4.08
238,2-3,5-10,9.00,9.50,9.50,22109,9.31,4.05,0.50,0.37
144,5-10,20-40,21.50,23.50,26.00,22003,24.15,3.66,4.50,3.34
262,2-3,5-10,9.00,9.50,10.00,21964,9.34,3.92,1.00,0.74
166,3-5,10-20,13.50,14.50,15.50,21891,14.48,3.96,2.00,1.48
170,10-20,20-40,34.50,43.50,52.00,21352,44.40,3.11,17.50,12.97
229,0-1,10-20,8.00,8.50,9.50,21312,8.78,10.63,1.50,1.11
234,1-2,20-40,13.50,14.00,15.00,21298,14.59,8.68,1.50,1.11
186,1-2,0-5,5.50,5.50,6.00,21200,5.66,5.00,0.50,0.37
148,5-10,10-20,18.00,19.50,22.00,21195,20.43,3.21,4.00,2.97
163,2-3,5-10,8.50,9.00,9.50,21006,9.11,4.05,1.00,0.74
90,2-3,20-40,14.50,15.50,17.00,20993,15.90,6.40,2.50,1.85
68,1-2,20-40,13.50,14.00,15.50,20982,14.75,8.96,2.00,1.48
143,2-3,20-40,14.50,15.50,16.50,20938,15.92,6.36,2.00,1.48
151,3-5,20-40,17.00,18.00,20.00,20935,18.59,4.87,3.00,2.22
125,0-1,5-10,5.50,6.00,6.50,20877,6.03,7.50,1.00,0.74
107,2-3,5-10,8.50,9.00,9.50,20835,9.11,3.92,1.00,0.74
79,1-2,0-5,5.50,5.50,6.00,20777,5.70,4.85,0.50,0.37
75,3-5,10-20,13.00,14.00,15.00,20476,14.35,3.78,2.00,1.48
163,10-20,40+,42.59,52.00,52.00,20434,50.79,3.32,9.41,6.98
48,1-2,20-40,13.50,14.00,15.50,20339,14.68,9.33,2.00,1.48
264,5-10,20-40,22.00,25.00,28.00,20303,25.25,3.53,6.00,4.45
68,2-3,5-10,8.50,9.00,9.50,20283,9.23,4.05,1.00,0.74
88,5-10,10-20,18.00,19.00,20.50,20269,19.50,3.20,2.50,1.85
262,5-10,10-20,19.50,21.50,23.50,19734,21.45,3.04,4.00,2.97
230,5-10,10-20,18.50,20.00,22.50,19520,21.06,3.23,4.00,2.97
75,1-2,0-5,5.50,5.50,6.00,19506,5.78,4.72,0.50,0.37
141,0-1,10-20,8.00,8.50,9.00,19373,8.72,10.71,1.00,0.74
170,1-2,0-5,5.50,5.50,6.00,19312,5.86,5.00,0.50,0.37
166,1-2,10-20,9.00,9.50,10.00,19157,9.73,5.70,1.00,0.74
264,3-5,20-40,16.50,18.00,19.50,19141,18.49,4.74,3.00,2.22
141,5-10,10-20,19.00,21.00,23.50,18888,21.38,3.11,4.50,3.34
261,1-2,5-10,6.50,7.50,8.00,18884,7.36,5.38,1.50,1.11
233,2-3,5-10,8.50,9.00,9.50,18847,9.04,3.86,1.00,0.74
24,2-3,10-20,10.50,11.50,12.50,18744,11.49,4.77,2.00,1.48
137,1-2,0-5,5.50,5.50,6.00,18727,5.69,4.78,0.50,0.37
162,10-20,40+,45.50,52.00,52.00,18669,52.04,3.24,6.50,4.82
137,2-3,5-10,8.50,9.00,9.50,18423,9.17,3.81,1.00,0.74
158,2-3,20-40,14.50,15.50,16.50,18423,15.84,6.23,2.00,1.48
48,10-20,40+,42.00,52.00,52.00,18338,49.10,3.22,10.00,7.41
249,1-2,0-5,5.50,5.50,6.00,18294,5.68,4.92,0.50,0.37
90,0-1,10-20,8.00,8.50,9.00,18282,8.72,10.59,1.00,0.74
132,10-20,10-20,30.50,32.00,35.50,18180,33.96,2.76,5.00,3.71
132,3-5,10-20,14.00,15.00,16.00,18135,15.08,3.46,2.00,1.48
107,0-1,10-20,8.00,8.50,9.00,18134,8.70,10.13,1.00,0.74
166,3-5,20-40,17.00,18.50,20.00,18133,18.72,4.73,3.00,2.22
132,0-1,0-5,2.50,3.50,52.00,18103,23.03,104.00,49.50,36.69
142,1-2,20-40,13.50,14.00,15.50,18020,14.66,8.61,2.00,1.48
262,5-10,20-40,22.00,24.00,26.50,17884,24.42,3.49,4.50,3.34
125,3-5,20-40,16.50,18.00,19.50,17848,18.51,4.78,3.00,2.22
233,0-1,10-20,8.00,8.50,9.50,17575,8.94,10.71,1.50,1.11
125,3-5,10-20,13.00,14.00,15.50,17529,14.43,3.92,2.50,1.85
164,10-20,20-40,34.50,40.50,52.00,17506,44.56,3.07,17.50,12.97
151,5-10,20-40,22.00,24.81,27.50,17479,25.16,3.63,5.50,4.08
229,5-10,10-20,18.50,20.00,22.00,17334,20.70,3.18,3.50,2.59
107,1-2,0-5,5.50,5.50,6.00,17334,5.72,4.88,0.50,0.37
233,3-5,20-40,16.50,18.00,19.50,17060,18.27,4.72,3.00,2.22
261,1-2,10-20,9.00,9.50,10.50,17020,9.79,6.32,1.50,1.11
166,5-10,20-40,22.50,25.00,27.50,16972,25.19,3.67,5.00,3.71
74,2-3,10-20,10.50,11.00,12.00,16948,11.58,4.63,1.50,1.11
236,5-10,10-20,19.50,22.50,24.50,16943,22.06,3.08,5.00,3.71
41,0-1,5-10,5.50,6.00,6.50,16938,6.03,7.25,1.00,0.74
246,2-3,5-10,9.00,9.00,10.00,16904,9.39,4.05,1.00,0.74
164,5-10,10-20,18.00,19.50,22.00,16772,20.67,3.26,4.00,2.97
233,2-3,20-40,14.50,15.50,16.50,16751,15.80,6.25,2.00,1.48
236,1-2,20-40,13.50,14.00,15.00,16711,14.53,8.33,1.50,1.11
100,1-2,20-40,13.50,14.00,15.50,16676,14.63,9.29,2.00,1.48
100,10-20,20-40,34.00,37.50,52.00,16671,42.46,3.05,18.00,13.34
170,10-20,40+,46.50,52.00,52.00,16648,51.19,3.27,5.50,4.08
211,5-10,20-40,21.00,23.50,26.00,16582,23.97,3.69,5.00,3.71
68,1-2,0-5,5.50,5.50,6.00,16357,5.71,5.00,0.50,0.37
224,1-2,5-10,7.00,7.50,8.00,16311,7.40,5.45,1.00,0.74
231,2-3,20-40,14.50,15.50,16.50,16308,15.87,5.95,2.00,1.48
246,1-2,20-40,13.50,14.50,15.50,16237,14.84,9.00,2.00,1.48
41,2-3,10-20,10.50,11.00,12.00,16219,11.39,4.63,1.50,1.11
138,10-20,10-20,29.00,30.00,32.00,16185,30.87,2.79,3.00,2.22
137,3-5,20-40,17.00,18.00,19.50,16182,18.51,4.68,2.50,1.85
42,0-1,0-5,4.00,4.50,5.00,16058,4.86,7.50,1.00,0.74
233,5-10,10-20,18.00,19.50,22.50,15926,20.66,3.17,4.50,3.34
246,0-1,10-20,8.00,8.50,9.50,15908,8.96,10.63,1.50,1.11
186,10-20,40+,42.50,52.00,52.00,15831,49.28,3.24,9.50,7.04
161,5-10,10-20,18.50,19.50,21.50,15807,20.51,3.28,3.00,2.22
186,10-20,20-40,34.00,38.00,52.00,15778,42.97,3.06,18.00,13.34
75,5-10,20-40,22.00,24.50,27.00,15710,25.02,3.57,5.00,3.71
263,2-3,20-40,14.50,15.50,16.50,15662,15.87,6.25,2.00,1.48
236,0-1,10-20,8.00,8.00,9.00,15626,8.51,10.00,1.00,0.74
87,0-1,0-5,4.00,4.50,4.50,15617,5.12,9.00,0.50,0.37
42,1-2,5-10,6.50,7.00,8.00,15514,7.31,5.44,1.50,1.11
142,0-1,10-20,8.00,8.50,9.50,15169,8.82,10.56,1.50,1.11
261,0-1,0-5,4.00,4.50,5.00,15082,5.07,7.94,1.00,0.74
233,1-2,20-40,13.50,14.00,15.50,15055,14.72,9.39,2.00,1.48
75,3-5,20-40,17.00,18.50,20.00,15029,18.77,4.77,3.00,2.22
107,5-10,10-20,17.50,18.50,21.00,15000,19.99,3.24,3.50,2.59
137,5-10,10-20,17.50,19.00,21.00,14994,20.10,3.20,3.50,2.59
114,2-3,20-40,14.50,15.50,16.50,14922,15.78,6.07,2.00,1.48
239,5-10,10-20,18.00,19.00,21.00,14878,19.95,3.21,3.00,2.22
144,2-3,20-40,14.50,15.50,16.50,14740,15.84,5.96,2.00,1.48
100,10-20,40+,42.50,52.00,52.00,14717,49.32,3.25,9.50,7.04
186,2-3,5-10,8.50,9.00,9.50,14397,9.11,4.00,1.00,0.74
234,2-3,5-10,8.50,9.00,9.50,14381,9.11,4.07,1.00,0.74
261,0-1,5-10,5.50,6.00,6.50,14369,6.11,8.09,1.00,0.74
74,1-2,10-20,9.00,9.50,10.00,14336,9.70,5.94,1.00,0.74
87,0-1,5-10,5.50,6.00,6.50,14147,6.06,8.00,1.00,0.74
224,1-2,10-20,9.00,9.50,10.50,14119,9.84,6.21,1.50,1.11
164,1-2,20-40,13.50,14.00,15.00,14008,14.59,9.06,1.50,1.11
229,1-2,20-40,13.50,14.00,15.50,14005,14.66,8.84,2.00,1.48
209,3-5,10-20,13.50,14.50,16.00,13981,14.73,3.71,2.50,1.85
107,1-2,20-40,13.50,14.00,15.50,13976,14.67,8.75,2.00,1.48
234,1-2,0-5,5.50,5.50,6.00,13926,5.69,5.00,0.50,0.37
90,1-2,0-5,5.50,5.50,6.00,13834,5.68,4.95,0.50,0.37
43,2-3,5-10,9.00,9.00,9.50,13746,9.17,4.09,0.50,0.37
43,1-2,0-5,5.50,5.50,6.00,13734,5.80,5.00,0.50,0.37
233,1-2,0-5,5.50,5.50,6.00,13713,5.75,4.69,0.50,0.37
164,10-20,40+,49.00,52.00,52.00,13671,51.93,3.19,3.00,2.22
68,10-20,20-40,33.50,37.00,49.61,13627,42.15,3.04,16.11,11.94
142,5-10,10-20,18.50,20.00,22.00,13626,20.67,3.19,3.50,2.59
74,0-1,5-10,5.50,6.00,6.50,13621,6.05,7.45,1.00,0.74
50,1-2,0-5,5.50,5.50,6.00,13531,5.73,4.92,0.50,0.37
7,0-1,0-5,4.00,4.50,5.00,13515,4.58,6.88,1.00,0.74
142,10-20,20-40,33.00,35.50,43.00,13467,40.38,3.08,10.00,7.41
138,2-3,10-20,10.50,11.50,12.00,13401,11.50,4.52,1.50,1.11
79,10-20,20-40,32.50,35.00,43.00,13367,38.91,2.97,10.50,7.78
88,3-5,20-40,17.50,18.50,20.00,13332,18.98,4.38,2.50,1.85
125,5-10,20-40,21.50,23.50,26.50,13328,24.36,3.65,5.00,3.71
143,2-3,5-10,8.50,9.00,9.50,13298,9.14,4.03,1.00,0.74
41,1-2,10-20,9.00,9.50,10.00,13284,9.50,5.90,1.00,0.74
186,5-10,40+,30.00,33.00,36.00,13241,33.43,4.39,6.00,4.45
163,1-2,0-5,5.50,5.50,6.00,13199,5.70,4.96,0.50,0.37
230,1-2,0-5,5.50,5.50,6.00,13132,5.64,5.00,0.50,0.37
74,3-5,10-20,13.00,14.00,15.22,12989,14.51,3.72,2.22,1.65
100,1-2,0-5,5.50,5.50,6.00,12879,5.65,5.00,0.50,0.37
4,1-2,5-10,7.00,7.50,8.00,12776,7.35,5.60,1.00,0.74
231,10-20,20-40,34.00,38.00,45.50,12706,41.26,2.99,11.50,8.52
246,1-2,0-5,5.50,5.50,6.00,12591,5.73,4.95,0.50,0.37
50,5-10,20-40,21.50,24.50,27.50,12579,25.06,3.63,6.00,4.45
114,2-3,5-10,8.50,9.00,9.50,12536,9.17,4.04,1.00,0.74
90,2-3,5-10,8.50,9.00,9.50,12523,8.98,4.01,1.00,0.74
226,3-5,10-20,13.50,14.50,16.00,12513,18.77,3.89,2.50,1.85
233,10-20,20-40,32.00,40.00,52.00,12512,42.72,3.07,20.00,14.83
211,2-3,20-40,14.50,15.50,16.50,12438,15.82,6.00,2.00,1.48
238,5-10,10-20,18.00,19.50,22.00,12435,20.44,3.17,4.00,2.97
261,5-10,10-20,18.00,19.50,21.00,12414,19.86,3.26,3.00,2.22
230,5-10,40+,30.50,33.50,36.50,12358,33.99,4.19,6.00,4.45
41,3-5,10-20,13.00,14.00,15.00,12321,14.37,3.85,2.00,1.48
137,2-3,20-40,14.50,15.50,16.50,12176,15.81,6.34,2.00,1.48
50,2-3,5-10,8.50,9.00,9.50,12140,9.26,3.98,1.00,0.74
166,0-1,5-10,5.50,6.00,6.00,12119,6.00,7.14,0.50,0.37
7,1-2,5-10,6.50,7.00,7.50,12104,7.16,5.22,1.00,0.74
158,2-3,5-10,9.00,9.00,9.50,11974,9.27,4.09,0.50,0.37
138,1-2,5-10,7.00,7.50,8.00,11955,7.49,4.89,1.00,0.74
164,1-2,0-5,5.50,5.50,6.00,11854,5.72,5.00,0.50,0.37
161,1-2,0-5,5.50,5.50,6.00,11813,5.74,5.00,0.50,0.37
231,1-2,0-5,5.50,5.50,6.00,11746,5.77,4.96,0.50,0.37
161,5-10,40+,30.50,33.50,36.50,11733,34.05,4.21,6.00,4.45
234,10-20,20-40,33.50,36.50,50.50,11694,40.90,3.04,17.00,12.60
262,2-3,20-40,14.50,15.50,16.50,11613,15.77,6.09,2.00,1.48
13,2-3,5-10,9.00,9.50,10.00,11600,9.58,4.15,1.00,0.74
43,1-2,20-40,13.50,14.00,15.50,11475,14.69,8.64,2.00,1.48
90,1-2,20-40,13.50,14.00,15.50,11465,14.63,8.75,2.00,1.48
224,2-3,10-20,10.50,11.50,12.50,11376,11.61,4.78,2.00,1.48
143,5-10,20-40,21.50,23.50,26.50,11368,24.43,3.74,5.00,3.71
68,10-20,40+,42.00,52.00,52.00,11343,48.97,3.25,10.00,7.41
262,1-2,0-5,5.50,5.50,6.00,11335,5.82,4.95,0.50,0.37
237,5-10,10-20,19.00,21.00,23.50,11270,21.60,3.17,4.50,3.34
164,2-3,5-10,9.00,9.00,9.50,11222,9.26,4.05,0.50,0.37
264,2-3,20-40,14.50,15.50,16.50,11121,15.89,6.25,2.00,1.48
88,2-3,10-20,10.50,11.50,12.50,11070,11.60,4.63,2.00,1.48
137,0-1,10-20,8.00,8.50,9.50,11050,8.82,10.47,1.50,1.11
24,3-5,10-20,13.50,14.50,15.50,10995,14.46,3.91,2.00,1.48
142,10-20,40+,40.50,49.50,52.00,10990,48.84,3.35,11.50,8.52
107,10-20,20-40,33.50,38.50,52.00,10928,42.49,3.05,18.50,13.71
79,0-1,10-20,8.00,8.00,9.00,10893,8.54,10.00,1.00,0.74
141,1-2,20-40,13.50,14.00,15.00,10890,14.59,8.74,1.50,1.11
75,2-3,5-10,8.50,9.00,9.50,10883,9.20,3.96,1.00,0.74
68,5-10,10-20,18.00,19.50,22.00,10876,20.75,3.25,4.00,2.97
264,10-20,20-40,34.00,38.50,52.00,10811,42.06,2.97,18.00,13.34
24,1-2,10-20,9.00,9.50,10.00,10682,9.68,5.63,1.00,0.74
87,10-20,20-40,35.00,38.50,43.00,10668,40.86,2.89,8.00,5.93
151,1-2,0-5,5.50,5.50,6.00,10549,5.74,5.00,0.50,0.37
43,0-1,10-20,8.00,8.50,9.50,10533,8.80,10.49,1.50,1.11
209,5-10,20-40,21.50,23.50,26.00,10483,24.19,3.64,4.50,3.34
140,0-1,10-20,8.00,8.50,9.00,10470,8.69,10.49,1.00,0.74
113,0-1,10-20,8.00,8.50,9.00,10466,8.55,10.00,1.00,0.74
45,1-2,5-10,6.50,7.50,8.00,10457,7.34,5.59,1.50,1.11
231,10-20,40+,42.50,49.50,52.00,10446,49.60,3.31,9.50,7.04
143,1-2,0-5,5.50,5.50,6.00,10386,5.79,5.00,0.50,0.37
249,5-10,10-20,18.00,19.00,20.50,10305,19.69,3.29,2.50,1.85
88,1-2,5-10,7.00,7.50,8.00,10258,7.43,5.38,1.00,0.74
45,1-2,10-20,9.00,9.50,10.50,10168,9.70,6.32,1.50,1.11
234,10-20,40+,43.00,52.00,52.00,10126,49.93,3.21,9.00,6.67
234,5-10,10-20,18.00,19.00,20.50,10038,19.82,3.30,2.50,1.85
45,3-5,20-40,17.00,18.50,20.50,9986,18.97,4.90,3.50,2.59
100,5-10,10-20,18.50,20.00,22.50,9979,21.12,3.24,4.00,2.97
74,1-2,0-5,5.50,5.50,6.00,9969,5.82,4.59,0.50,0.37
4,0-1,0-5,4.00,4.50,5.00,9965,4.78,7.86,1.00,0.74
50,2-3,20-40,14.50,15.50,17.00,9915,15.93,6.36,2.50,1.85
163,5-10,10-20,18.50,20.50,22.50,9830,21.13,3.21,4.00,2.97
4,1-2,10-20,9.00,9.50,10.00,9799,9.65,6.00,1.00,0.74
45,2-3,10-20,10.50,11.50,12.50,9539,11.70,4.73,2.00,1.48
186,5-10,10-20,18.00,19.50,21.50,9536,20.66,3.28,3.50,2.59
237,10-20,20-40,32.50,35.50,50.83,9494,40.24,3.05,18.33,13.59
249,0-1,10-20,8.00,8.50,9.00,9467,8.58,10.00,1.00,0.74
4,2-3,10-20,10.50,11.50,12.50,9434,11.67,4.78,2.00,1.48
264,2-3,5-10,8.50,9.00,9.50,9408,9.28,4.00,1.00,0.74
113,2-3,5-10,8.50,9.00,9.50,9372,9.05,4.04,1.00,0.74
152,1-2,5-10,6.50,7.50,8.00,9339,7.39,5.33,1.50,1.11
88,1-2,10-20,9.00,9.50,10.50,9337,9.82,6.25,1.50,1.11
116,1-2,5-10,7.00,7.50,8.00,9333,7.48,5.31,1.00,0.74
75,5-10,10-20,18.00,20.00,22.50,9322,20.80,3.13,4.50,3.34
132,2-3,5-10,9.00,10.00,10.00,9316,10.39,3.64,1.00,0.74
41,5-10,20-40,22.00,24.50,27.50,9199,25.38,3.59,5.50,4.08
13,10-20,20-40,37.50,41.00,45.50,9195,43.54,2.90,8.00,5.93
231,0-1,10-20,8.00,8.50,9.00,9130,8.72,10.63,1.00,0.74
148,2-3,20-40,14.50,15.50,16.50,9128,15.68,5.89,2.00,1.48
246,5-10,10-20,18.00,19.50,22.00,9128,20.65,3.24,4.00,2.97
151,2-3,5-10,9.00,9.00,9.50,9122,9.21,4.09,0.50,0.37
249,10-20,20-40,32.50,35.00,40.50,9119,38.78,3.01,8.00,5.93
224,0-1,0-5,4.00,4.50,5.00,9105,4.85,7.50,1.00,0.74
264,5-10,10-20,18.50,20.00,23.00,9091,20.97,3.16,4.50,3.34
4,3-5,10-20,13.50,14.50,15.50,9061,14.52,3.82,2.00,1.48
237,10-20,40+,44.50,52.00,52.00,9053,51.18,3.29,7.50,5.56
232,3-5,10-20,13.50,14.50,15.50,8980,14.75,3.81,2.00,1.48
116,0-1,0-5,4.00,4.50,5.00,8890,4.87,7.81,1.00,0.74
264,1-2,0-5,5.50,5.50,6.00,8741,5.92,5.00,0.50,0.37
138,2-3,5-10,9.00,9.50,10.00,8739,9.65,3.89,1.00,0.74
100,2-3,5-10,9.00,9.00,9.50,8726,9.33,4.00,0.50,0.37
148,10-20,20-40,33.00,36.50,46.50,8673,40.26,2.97,13.50,10.01
226,1-2,5-10,6.50,7.50,8.00,8651,7.46,5.26,1.50,1.11
48,5-10,40+,30.50,33.00,36.00,8647,33.65,4.23,5.50,4.08
33,5-10,20-40,22.00,24.50,27.00,8605,24.90,3.51,5.00,3.71
88,0-1,0-5,4.00,4.50,5.00,8566,5.25,8.33,1.00,0.74
107,10-20,40+,45.50,52.00,52.00,8549,50.96,3.19,6.50,4.82
239,10-20,20-40,32.00,34.50,40.00,8540,39.13,3.09,8.00,5.93
74,5-10,20-40,21.50,24.00,27.00,8525,24.88,3.57,5.50,4.08
140,1-2,20-40,13.50,14.00,15.00,8513,14.61,8.42,1.50,1.11
50,5-10,10-20,18.00,19.50,21.50,8486,20.49,3.17,3.50,2.59
24,3-5,20-40,17.00,18.00,20.00,8461,18.62,4.84,3.00,2.22
90,10-20,20-40,33.00,36.00,47.63,8441,40.46,3.03,14.63,10.85
264,0-1,10-20,8.00,8.50,9.50,8418,8.80,10.63,1.50,1.11
229,10-20,20-40,32.50,37.00,52.00,8414,41.22,3.04,19.50,14.46
138,0-1,0-5,3.00,4.50,5.00,8376,9.65,9.62,2.00,1.48
138,3-5,5-10,11.50,12.50,13.50,8343,12.66,3.29,2.00,1.48
233,10-20,40+,50.50,52.00,52.00,8207,52.13,3.25,1.50,1.11
137,1-2,20-40,13.50,14.00,15.50,8136,14.61,9.06,2.00,1.48
264,10-20,40+,44.00,52.00,52.00,8129,49.28,3.07,8.00,5.93
140,10-20,20-40,34.50,39.50,52.00,8105,41.76,2.94,17.50,12.97
41,3-5,20-40,17.00,18.00,20.00,8091,18.63,4.63,3.00,2.22
209,1-2,5-10,7.00,7.50,8.00,8088,7.36,5.42,1.00,0.74
236,10-20,20-40,35.00,45.50,52.00,8042,44.20,2.88,17.00,12.60
224,0-1,5-10,5.50,6.00,6.50,8010,6.09,7.50,1.00,0.74
232,1-2,5-10,7.00,7.50,8.00,7966,7.87,5.60,1.00,0.74
140,10-20,40+,43.00,50.00,52.00,7951,49.12,3.29,9.00,6.67
24,0-1,5-10,5.50,6.00,6.00,7924,5.97,7.14,0.50,0.37
87,10-20,40+,43.00,51.45,52.00,7910,50.47,3.25,9.00,6.67
144,2-3,5-10,9.00,9.00,9.50,7903,9.32,4.09,0.50,0.37
125,2-3,20-40,14.50,15.50,16.50,7883,15.91,6.02,2.00,1.48
137,10-20,20-40,34.00,38.00,48.53,7730,41.06,3.02,14.53,10.77
45,5-10,20-40,21.50,24.00,26.50,7716,24.68,3.68,5.00,3.71
163,5-10,40+,30.50,33.00,36.00,7680,33.81,4.33,5.50,4.08
146,1-2,5-10,7.00,7.50,8.00,7656,7.49,4.90,1.00,0.74
261,10-20,20-40,36.00,40.50,45.65,7654,42.93,2.94,9.65,7.15
79,3-5,5-10,11.00,11.50,12.00,7654,11.49,3.35,1.00,0.74
138,20+,40+,67.00,89.50,119.50,7637,101.43,3.30,52.50,38.92
74,5-10,10-20,18.00,19.50,21.52,7631,20.50,3.15,3.52,2.61
249,1-2,20-40,13.50,14.00,15.00,7601,14.51,8.46,1.50,1.11
232,2-3,10-20,11.00,11.50,12.50,7592,11.96,4.75,1.50,1.11
87,2-3,5-10,9.00,9.50,10.00,7574,9.60,3.86,1.00,0.74
162,5-10,40+,30.50,33.50,36.00,7443,33.93,4.15,5.50,4.08
10,10-20,40+,52.00,52.00,52.00,7414,52.79,3.42,0.00,0.00
88,0-1,5-10,5.50,6.00,6.50,7409,6.13,7.86,1.00,0.74
244,0-1,0-5,4.00,4.50,5.00,7349,5.19,7.97,1.00,0.74
7,3-5,10-20,13.50,14.50,15.50,7331,14.61,3.75,2.00,1.48
236,10-20,40+,45.50,52.00,52.00,7311,50.21,2.99,6.50,4.82
24,5-10,20-40,22.00,24.50,27.00,7306,24.96,3.61,5.00,3.71
45,0-1,5-10,5.50,6.00,6.50,7288,6.38,7.86,1.00,0.74
234,5-10,40+,29.50,32.50,35.95,7286,33.31,4.34,6.45,4.78
45,3-5,10-20,13.50,14.50,15.50,7265,14.64,3.87,2.00,1.48
42,2-3,10-20,10.50,11.50,12.50,7228,11.55,4.74,2.00,1.48
114,1-2,0-5,5.50,5.50,6.00,7167,5.73,5.00,0.50,0.37
113,1-2,20-40,13.50,14.00,15.00,7152,14.55,8.44,1.50,1.11
4,0-1,5-10,5.50,6.00,6.50,7121,6.04,7.43,1.00,0.74
143,5-10,10-20,18.00,19.00,21.00,7120,19.99,3.19,3.00,2.22
42,0-1,5-10,5.50,6.00,6.50,7115,6.05,7.39,1.00,0.74
113,10-20,20-40,32.50,35.50,43.50,7088,39.42,3.03,11.00,8.15
65,3-5,10-20,13.50,14.50,15.50,7069,14.46,3.83,2.00,1.48
181,1-2,5-10,6.50,7.50,8.00,7064,7.34,5.36,1.50,1.11
224,3-5,10-20,13.00,14.50,15.50,7064,14.42,3.75,2.50,1.85
152,0-1,0-5,4.00,4.50,5.00,7062,4.82,7.26,1.00,0.74
231,5-10,40+,29.00,32.00,35.00,7009,32.56,4.42,6.00,4.45
138,3-5,20-40,17.50,18.50,20.00,7004,18.80,4.43,2.50,1.85
209,2-3,10-20,10.50,11.50,12.00,7000,11.47,4.61,1.50,1.11
209,5-10,10-20,18.00,19.00,20.50,6988,19.48,3.21,2.50,1.85
74,2-3,5-10,8.50,9.00,9.50,6984,9.31,3.88,1.00,0.74
50,1-2,20-40,13.50,14.50,15.50,6970,14.80,9.00,2.00,1.48
68,5-10,40+,30.00,32.50,35.50,6947,33.10,4.37,5.50,4.08
209,1-2,10-20,9.00,9.50,10.50,6923,9.70,6.25,1.50,1.11
90,10-20,40+,42.00,52.00,52.00,6848,49.07,3.24,10.00,7.41
226,3-5,20-40,17.50,19.00,22.00,6845,23.67,4.74,4.50,3.34
244,5-10,20-40,23.00,25.50,28.50,6834,26.09,3.52,5.50,4.08
114,5-10,10-20,18.00,19.00,21.00,6769,19.85,3.28,3.00,2.22
100,5-10,40+,30.50,33.50,36.50,6716,34.16,4.24,6.00,4.45
141,10-20,20-40,34.50,40.32,52.00,6687,42.78,2.97,17.50,12.97
65,5-10,20-40,22.00,24.50,27.00,6675,25.12,3.51,5.00,3.71
114,10-20,20-40,32.50,35.00,40.50,6659,38.46,3.02,8.00,5.93
232,1-2,10-20,9.00,9.50,10.50,6635,10.34,6.07,1.50,1.11
246,10-20,20-40,33.50,37.00,51.00,6581,43.11,3.08,17.50,12.97
50,0-1,10-20,8.00,8.50,9.50,6576,8.94,10.71,1.50,1.11
263,10-20,20-40,34.50,46.00,52.00,6572,44.04,2.86,17.50,12.97
90,5-10,10-20,18.00,19.00,21.50,6533,20.13,3.25,3.50,2.59
75,2-3,20-40,14.50,15.50,16.50,6500,15.97,6.11,2.00,1.48
239,1-2,20-40,13.50,14.50,15.50,6483,14.77,8.23,2.00,1.48
113,1-2,0-5,5.50,5.50,6.00,6479,5.70,5.00,0.50,0.37
125,2-3,5-10,8.50,9.00,9.50,6475,9.51,4.04,1.00,0.74
50,10-20,20-40,34.50,38.50,50.50,6458,43.43,3.02,16.00,11.86
151,5-10,10-20,18.00,19.00,21.00,6438,20.16,3.26,3.00,2.22
166,2-3,5-10,9.00,9.50,9.50,6427,9.30,4.09,0.50,0.37
226,5-10,20-40,21.50,24.50,28.50,6406,27.31,3.68,7.00,5.19
137,3-5,5-10,11.00,12.50,13.50,6398,12.36,3.27,2.50,1.85
79,10-20,40+,43.50,52.00,52.00,6242,49.71,3.14,8.50,6.30
42,1-2,10-20,9.00,9.50,10.00,6241,9.61,5.88,1.00,0.74
148,3-5,5-10,11.00,11.50,12.50,6222,11.88,3.48,1.50,1.11
74,3-5,20-40,16.50,18.00,19.50,6215,18.65,4.62,3.00,2.22
244,1-2,5-10,7.00,7.50,8.00,6201,7.43,5.37,1.00,0.74
170,5-10,40+,30.00,33.00,36.21,6199,33.75,4.22,6.21,4.60
65,1-2,5-10,7.00,7.50,8.00,6173,7.66,5.17,1.00,0.74
25,1-2,5-10,6.50,7.00,8.00,6129,7.29,5.36,1.50,1.11
151,2-3,20-40,14.50,15.50,16.50,6121,15.77,5.85,2.00,1.48
237,5-10,40+,30.00,33.00,35.50,6097,33.46,4.31,5.50,4.08
88,10-20,20-40,35.00,38.22,42.50,6085,39.95,2.90,7.50,5.56
45,0-1,0-5,4.00,4.50,5.00,6044,5.93,7.76,1.00,0.74
232,5-10,20-40,21.55,24.50,27.50,6042,25.46,3.57,5.95,4.41
261,10-20,40+,43.00,48.50,52.00,6029,49.51,3.25,9.00,6.67
142,5-10,40+,30.00,33.00,36.00,6025,33.59,4.27,6.00,4.45
143,1-2,20-40,13.50,14.50,15.50,5965,14.78,8.42,2.00,1.48
246,10-20,40+,41.00,50.50,52.00,5922,48.64,3.30,11.00,8.15
209,3-5,20-40,17.00,18.50,20.00,5906,18.83,4.46,3.00,2.22
186,3-5,40+,24.50,26.00,27.50,5893,25.84,6.81,3.00,2.22
226,2-3,10-20,10.50,11.50,12.50,5852,12.62,4.61,2.00,1.48
144,5-10,10-20,18.00,19.50,22.00,5843,20.52,3.25,4.00,2.97
226,0-1,0-5,4.00,4.50,5.00,5833,5.92,7.41,1.00,0.74
158,5-10,10-20,18.00,19.00,20.50,5793,19.93,3.31,2.50,1.85
158,1-2,0-5,5.50,5.50,6.00,5784,5.76,5.00,0.50,0.37
209,0-1,0-5,4.00,4.50,5.00,5769,5.68,8.33,1.00,0.74
116,5-10,20-40,22.50,25.00,28.00,5748,25.75,3.57,5.50,4.08
211,2-3,5-10,8.50,9.00,9.50,5707,9.20,4.05,1.00,0.74
116,2-3,10-20,10.50,11.50,12.50,5700,11.49,4.73,2.00,1.48
65,2-3,10-20,10.50,11.50,12.50,5677,11.85,4.62,2.00,1.48
244,3-5,10-20,13.50,14.50,15.50,5672,14.71,3.78,2.00,1.48
97,1-2,5-10,6.50,7.00,8.00,5646,7.24,5.43,1.50,1.11
137,10-20,40+,41.50,48.50,52.00,5592,48.39,3.33,10.50,7.78
144,0-1,10-20,8.00,8.50,9.00,5567,8.69,10.56,1.00,0.74
166,1-2,0-5,5.50,6.00,6.00,5563,5.82,5.09,0.50,0.37
232,0-1,0-5,4.00,4.50,5.00,5563,6.52,8.33,1.00,0.74
42,5-10,20-40,22.50,25.50,28.95,5554,26.50,3.59,6.45,4.78
209,0-1,5-10,5.50,6.00,6.50,5446,6.16,7.86,1.00,0.74
87,3-5,5-10,11.50,12.00,13.00,5414,12.40,3.38,1.50,1.11
229,10-20,40+,46.00,52.00,52.00,5401,51.10,3.27,6.00,4.45
114,0-1,10-20,8.00,8.00,9.00,5383,8.54,10.00,1.00,0.74
125,1-2,0-5,5.50,5.50,6.00,5371,5.70,5.00,0.50,0.37
13,10-20,40+,43.50,47.50,52.00,5352,49.89,3.18,8.50,6.30
232,0-1,5-10,5.50,6.00,6.50,5351,6.89,7.78,1.00,0.74
10,10-20,20-40,52.00,52.00,52.00,5332,50.95,3.46,0.00,0.00
179,1-2,5-10,6.50,7.00,8.00,5329,7.25,5.03,1.50,1.11
263,0-1,10-20,8.00,8.50,9.00,5328,8.58,10.12,1.00,0.74
164,5-10,40+,30.00,33.50,36.00,5325,33.68,4.14,6.00,4.45
113,10-20,40+,41.52,52.00,52.00,5319,48.93,3.19,10.48,7.77
43,10-20,20-40,33.00,36.00,52.00,5292,41.39,3.06,19.00,14.08
255,3-5,10-20,13.50,14.50,15.50,5249,14.45,3.85,2.00,1.48
264,1-2,20-40,13.50,14.00,15.50,5176,14.67,9.00,2.00,1.48
146,2-3,10-20,10.50,11.00,12.00,5169,11.58,4.57,1.50,1.11
116,3-5,10-20,13.50,14.50,15.50,5164,14.64,3.79,2.00,1.48
236,5-10,40+,29.50,32.00,35.00,5146,32.60,4.38,5.50,4.08
79,1-2,20-40,13.50,14.00,15.00,5112,14.43,8.24,1.50,1.11
75,10-20,20-40,35.50,44.75,52.00,5102,44.06,2.92,16.50,12.23
33,0-1,0-5,4.00,4.50,5.00,5087,4.72,7.76,1.00,0.74
4,5-10,20-40,21.50,23.50,26.50,5086,24.64,3.56,5.00,3.71
232,3-5,20-40,17.00,18.00,20.00,5048,18.89,4.64,3.00,2.22
244,5-10,10-20,18.00,20.00,22.00,5044,20.60,3.18,4.00,2.97
145,2-3,10-20,10.50,12.00,52.00,5027,25.04,4.79,41.50,30.76
138,1-2,10-20,9.00,9.50,10.50,5021,9.96,5.88,1.50,1.11
145,3-5,10-20,13.50,15.00,52.00,4975,25.30,4.03,38.50,28.54
148,1-2,0-5,5.50,5.50,6.00,4972,6.04,5.00,0.50,0.37
239,10-20,40+,39.50,46.00,52.00,4946,48.14,3.42,12.50,9.27
238,3-5,5-10,11.00,12.00,13.50,4941,12.46,3.33,2.50,1.85
88,10-20,40+,42.00,47.50,52.00,4936,49.00,3.28,10.00,7.41
238,10-20,20-40,33.50,38.00,52.00,4933,42.70,3.00,18.50,13.71
143,10-20,20-40,33.00,35.50,43.50,4929,40.70,3.07,10.50,7.78
244,2-3,10-20,10.50,11.50,12.50,4913,11.72,4.66,2.00,1.48
145,1-2,5-10,7.00,7.50,8.00,4858,10.41,5.00,1.00,0.74
33,3-5,10-20,13.50,14.50,15.50,4852,14.63,3.86,2.00,1.48
33,2-3,10-20,11.00,11.50,12.50,4817,11.83,4.62,1.50,1.11
43,10-20,40+,43.50,52.00,52.00,4802,50.51,3.25,8.50,6.30
263,3-5,5-10,11.00,11.50,12.00,4802,11.66,3.38,1.00,0.74
97,3-5,10-20,13.00,14.50,15.50,4796,14.64,3.92,2.50,1.85
211,0-1,10-20,8.00,8.50,9.00,4780,8.68,10.56,1.00,0.74
90,5-10,40+,29.50,32.00,35.50,4762,33.26,4.43,6.00,4.45
262,10-20,20-40,37.50,52.00,52.00,4758,46.62,2.83,14.50,10.75
107,5-10,40+,29.50,32.50,35.95,4751,33.32,4.37,6.45,4.78
152,2-3,10-20,10.50,11.50,12.00,4745,11.45,4.69,1.50,1.11
262,3-5,5-10,11.00,11.50,12.00,4706,11.77,3.43,1.00,0.74
141,10-20,40+,44.50,52.00,52.00,4697,50.15,3.21,7.50,5.56
158,10-20,20-40,34.00,37.50,52.00,4688,42.86,3.04,18.00,13.34
146,0-1,0-5,4.00,4.50,5.00,4680,5.00,7.02,1.00,0.74
42,3-5,10-20,13.50,14.50,15.50,4677,14.93,3.81,2.00,1.48
249,10-20,40+,41.00,51.50,52.00,4661,48.29,3.20,11.00,8.15
107,3-5,5-10,10.50,11.00,12.50,4656,11.62,3.32,2.00,1.48
166,5-10,10-20,18.00,19.00,21.00,4636,19.94,3.30,3.00,2.22
255,0-1,0-5,4.00,4.50,5.00,4611,4.65,7.14,1.00,0.74
181,0-1,0-5,4.00,4.50,5.00,4596,4.72,7.50,1.00,0.74
238,10-20,40+,44.00,52.00,52.00,4592,50.63,3.10,8.00,5.93
4,3-5,20-40,17.00,18.00,19.50,4536,18.46,4.67,2.50,1.85
261,2-3,5-10,9.00,9.50,10.00,4528,9.50,4.06,1.00,0.74
25,0-1,0-5,4.00,4.50,5.00,4517,5.13,7.41,1.00,0.74
48,3-5,5-10,10.50,11.00,12.00,4499,12.05,3.41,1.50,1.11
239,20+,40+,52.00,52.00,52.00,4474,55.61,2.52,0.00,0.00
7,5-10,20-40,21.25,24.00,27.00,4444,24.82,3.58,5.75,4.26
181,5-10,20-40,22.50,25.06,28.50,4393,25.93,3.58,6.00,4.45
7,2-3,10-20,10.50,11.00,12.00,4387,11.22,4.52,1.50,1.11
87,5-10,40+,28.50,31.00,34.00,4333,31.82,4.50,5.50,4.08
65,5-10,10-20,18.00,19.50,21.50,4323,20.37,3.13,3.50,2.59
43,5-10,10-20,18.50,20.50,23.50,4284,21.31,3.21,5.00,3.71
263,1-2,20-40,13.50,14.00,15.00,4220,14.61,8.44,1.50,1.11
158,1-2,20-40,13.50,14.00,15.00,4208,14.48,8.16,1.50,1.11
261,2-3,20-40,14.50,15.50,16.50,4206,15.86,6.01,2.00,1.48
25,5-10,20-40,22.00,24.50,27.50,4204,25.41,3.52,5.50,4.08
146,3-5,10-20,13.00,14.50,15.50,4195,14.64,3.79,2.50,1.85
24,2-3,5-10,8.50,9.00,9.50,4167,9.14,4.08,1.00,0.74
41,2-3,5-10,9.00,9.00,9.50,4153,9.30,4.05,0.50,0.37
144,10-20,20-40,33.00,36.50,47.50,4143,40.68,3.02,14.50,10.75
239,5-10,40+,29.50,32.00,35.50,4124,32.70,4.35,6.00,4.45
33,1-2,5-10,6.50,7.00,7.50,4122,7.20,5.36,1.00,0.74
25,3-5,10-20,13.50,14.50,15.50,4113,14.70,3.87,2.00,1.48
12,5-10,20-40,21.50,23.50,25.50,4100,23.79,3.76,4.00,2.97
140,3-5,5-10,11.00,11.50,12.50,4078,11.92,3.42,1.50,1.11
193,0-1,0-5,4.00,4.50,5.00,4026,4.46,6.90,1.00,0.74
97,2-3,10-20,10.50,11.50,12.50,4022,11.86,4.57,2.00,1.48
211,1-2,0-5,5.50,5.50,6.00,4005,5.63,5.00,0.50,0.37
52,5-10,20-40,22.50,25.00,27.50,3994,25.10,3.49,5.00,3.71
141,3-5,5-10,10.50,11.00,11.50,3983,11.34,3.40,1.00,0.74
255,1-2,5-10,6.50,7.00,7.50,3959,6.95,5.38,1.00,0.74
50,10-20,40+,42.00,51.50,52.00,3954,49.13,3.27,10.00,7.41
25,2-3,10-20,10.50,11.50,12.50,3953,11.60,4.58,2.00,1.48
255,5-10,20-40,21.00,23.50,26.00,3953,23.99,3.60,5.00,3.71
88,3-5,5-10,11.00,12.00,12.50,3923,12.07,3.39,1.50,1.11
256,3-5,10-20,13.00,14.50,15.50,3915,14.79,3.88,2.50,1.85
261,5-10,40+,29.00,31.00,34.00,3913,31.86,4.59,5.00,3.71
181,3-5,10-20,13.50,14.50,15.50,3893,14.67,3.89,2.00,1.48
79,5-10,40+,28.50,31.00,34.00,3883,31.69,4.31,5.50,4.08
40,1-2,5-10,6.50,7.00,7.50,3874,7.04,5.36,1.00,0.74
152,3-5,10-20,13.50,14.50,15.50,3864,14.69,3.79,2.00,1.48
249,5-10,40+,29.00,31.00,34.00,3845,31.75,4.40,5.00,3.71
129,1-2,5-10,6.50,7.00,8.00,3834,7.37,5.32,1.50,1.11
13,1-2,0-5,5.50,6.00,6.50,3818,6.12,4.85,1.00,0.74
140,5-10,40+,30.74,33.50,36.50,3805,34.03,4.21,5.76,4.27
256,2-3,10-20,10.50,11.50,12.50,3804,12.09,4.59,2.00,1.48
260,1-2,5-10,6.50,7.50,8.00,3790,7.38,5.08,1.50,1.11
87,2-3,20-40,14.50,15.50,16.50,3779,15.78,6.09,2.00,1.48
7,0-1,5-10,5.50,6.00,6.00,3778,5.95,7.07,0.50,0.37
125,10-20,20-40,34.00,37.50,52.00,3769,43.42,3.08,18.00,13.34
181,2-3,10-20,10.50,11.00,12.00,3764,11.43,4.64,1.50,1.11
148,10-20,40+,47.50,52.00,52.00,3759,50.74,3.10,4.50,3.34
41,5-10,10-20,18.50,20.00,22.00,3756,20.65,3.24,3.50,2.59
143,10-20,40+,40.50,48.50,52.00,3752,49.50,3.42,11.50,8.52
70,5-10,10-20,18.00,20.00,22.50,3751,20.75,2.94,4.50,3.34
158,10-20,40+,43.50,52.00,52.00,3743,50.11,3.11,8.50,6.30
13,5-10,40+,29.00,31.00,33.50,3740,31.40,4.42,4.50,3.34
7,3-5,20-40,17.00,18.50,20.00,3706,19.00,4.53,3.00,2.22
52,0-1,0-5,4.00,4.50,5.00,3693,4.58,7.38,1.00,0.74
116,5-10,10-20,18.00,19.50,21.00,3684,20.03,3.26,3.00,2.22
97,0-1,0-5,4.00,4.50,5.00,3674,4.92,7.14,1.00,0.74
13,20+,40+,52.00,52.00,52.00,3663,56.40,2.37,0.00,0.00
152,1-2,10-20,9.00,9.50,10.00,3658,9.55,5.82,1.00,0.74
246,5-10,40+,29.50,32.50,35.50,3644,33.10,4.35,6.00,4.45
132,5-10,5-10,16.00,16.50,18.00,3638,17.42,2.98,2.00,1.48
97,5-10,20-40,22.00,25.00,28.00,3628,25.67,3.56,6.00,4.45
41,1-2,0-5,5.50,5.50,6.00,3622,5.83,5.08,0.50,0.37
66,5-10,20-40,22.00,24.00,26.50,3578,24.58,3.53,4.50,3.34
65,2-3,5-10,9.00,9.50,10.00,3570,10.14,4.07,1.00,0.74
75,10-20,40+,45.00,52.00,52.00,3562,49.98,3.17,7.00,5.19
223,5-10,20-40,23.50,27.29,33.00,3553,31.48,3.60,9.50,7.04
142,20+,40+,52.00,52.00,52.00,3542,57.81,2.46,0.00,0.00
186,0-1,20-40,13.00,13.50,14.50,3527,13.87,16.11,1.50,1.11
113,5-10,10-20,18.00,19.00,20.50,3485,19.85,3.27,2.50,1.85
238,5-10,40+,29.50,32.00,35.00,3482,32.48,4.35,5.50,4.08
170,3-5,5-10,10.50,11.50,12.50,3481,12.11,3.34,2.00,1.48
224,2-3,5-10,9.00,9.50,10.00,3476,9.43,3.96,1.00,0.74
66,3-5,10-20,13.50,14.50,15.50,3475,14.56,3.85,2.00,1.48
145,0-1,0-5,3.50,4.50,5.00,3456,6.93,7.50,1.50,1.11
116,1-2,10-20,9.00,9.50,10.00,3442,9.62,5.65,1.00,0.74
152,5-10,20-40,22.00,24.50,27.50,3425,25.16,3.60,5.50,4.08
236,3-5,40+,25.00,26.00,27.50,3414,25.70,6.46,2.50,1.85
255,3-5,20-40,17.00,18.00,19.50,3403,18.38,4.47,2.50,1.85
255,2-3,10-20,11.00,11.50,12.50,3402,11.64,4.49,1.50,1.11
113,5-10,40+,29.00,31.50,35.00,3352,32.72,4.50,6.00,4.45
33,5-10,10-20,18.50,20.00,21.50,3342,20.29,3.18,3.00,2.22
211,10-20,20-40,33.00,36.50,52.00,3329,41.61,3.04,19.00,14.08
262,0-1,10-20,8.00,8.00,9.00,3326,8.56,9.90,1.00,0.74
256,1-2,5-10,6.50,7.50,8.00,3303,7.74,5.13,1.50,1.11
209,10-20,20-40,34.00,38.50,45.50,3295,41.19,2.91,11.50,8.52
263,10-20,40+,47.00,52.00,52.00,3287,50.28,2.87,5.00,3.71
88,5-10,40+,28.50,31.00,34.00,3280,31.44,4.46,5.50,4.08
65,0-1,0-5,4.00,4.50,5.00,3278,5.69,7.63,1.00,0.74
179,0-1,0-5,4.00,4.50,5.00,3277,4.62,7.27,1.00,0.74
209,2-3,5-10,9.00,9.50,10.00,3273,9.59,3.85,1.00,0.74
144,1-2,0-5,5.50,5.50,6.00,3266,5.68,5.00,0.50,0.37
211,5-10,10-20,18.00,19.00,21.00,3254,19.99,3.31,3.00,2.22
114,10-20,40+,42.00,52.00,52.00,3238,48.61,3.19,10.00,7.41
224,3-5,20-40,16.50,18.00,19.50,3216,18.39,4.76,3.00,2.22
148,0-1,10-20,8.00,8.00,9.00,3213,8.56,10.00,1.00,0.74
132,1-2,0-5,6.00,7.00,52.00,3210,22.03,4.61,46.00,34.10
239,0-1,10-20,8.00,8.50,9.00,3201,8.61,10.12,1.00,0.74
125,10-20,40+,42.50,52.00,52.00,3192,49.18,3.21,9.50,7.04
161,0-1,20-40,12.50,13.50,14.50,3184,13.77,16.30,2.00,1.48
45,2-3,20-40,14.50,15.50,17.00,3177,16.25,6.03,2.50,1.85
230,20+,40+,52.00,59.00,76.50,3169,68.59,2.72,24.50,18.16
125,5-10,10-20,18.00,19.00,20.50,3168,20.07,3.33,2.50,1.85
65,3-5,20-40,17.00,18.50,20.00,3164,18.78,4.50,3.00,2.22
43,5-10,40+,29.50,32.08,35.50,3150,32.96,4.42,6.00,4.45
145,3-5,20-40,18.00,22.00,52.00,3119,33.47,5.50,34.00,25.20
137,5-10,40+,30.00,33.00,36.50,3099,33.73,4.28,6.50,4.82
24,1-2,0-5,5.50,6.00,6.00,3099,5.80,5.00,0.50,0.37
232,5-10,10-20,18.00,19.50,22.50,3092,21.02,3.20,4.50,3.34
163,20+,40+,52.00,66.50,81.50,3084,71.66,2.90,29.50,21.87
130,10-20,20-40,47.63,52.00,52.00,3073,49.32,3.75,4.37,3.24
143,0-1,10-20,8.00,8.50,9.00,3073,8.68,10.39,1.00,0.74
144,10-20,40+,44.50,52.00,52.00,3071,50.12,3.18,7.50,5.56
181,1-2,10-20,9.00,9.50,10.00,3062,9.67,5.93,1.00,0.74
179,3-5,10-20,13.50,14.50,15.50,3055,14.76,3.71,2.00,1.48
261,0-1,10-20,8.00,8.50,9.00,3051,8.67,10.84,1.00,0.74
129,0-1,0-5,4.00,4.50,5.00,3020,6.24,7.50,1.00,0.74
230,3-5,40+,24.00,26.00,27.50,3015,25.23,6.30,3.50,2.59
231,1-2,20-40,13.50,14.00,15.50,3012,14.64,8.98,2.00,1.48
211,10-20,40+,45.00,52.00,52.00,3011,50.03,3.08,7.00,5.19
224,5-10,20-40,21.00,23.50,26.50,2995,24.30,3.57,5.50,4.08
7,1-2,10-20,8.50,9.00,10.00,2974,9.40,5.67,1.50,1.11
40,5-10,20-40,22.50,25.00,27.50,2967,25.42,3.41,5.00,3.71
13,0-1,10-20,8.00,8.50,9.00,2962,8.70,10.37,1.00,0.74
260,0-1,0-5,4.00,4.50,5.00,2960,5.10,7.50,1.00,0.74
138,5-10,5-10,16.00,17.00,18.00,2952,18.00,2.95,2.00,1.48
260,5-10,20-40,22.00,25.00,29.50,2949,29.01,3.71,7.50,5.56
45,5-10,10-20,18.00,19.50,21.39,2949,20.07,3.21,3.39,2.51
42,3-5,20-40,17.00,18.50,20.50,2946,19.10,4.58,3.50,2.59
209,10-20,40+,42.95,51.05,53.03,2941,50.12,3.35,10.08,7.47
114,1-2,20-40,13.50,14.00,15.00,2939,14.44,8.42,1.50,1.11
138,20+,20-40,60.00,77.00,100.00,2924,84.50,3.46,40.00,29.65
152,0-1,5-10,5.50,6.00,6.00,2913,5.97,7.14,0.50,0.37
231,3-5,40+,24.50,26.00,28.00,2895,25.53,6.31,3.50,2.59
256,0-1,0-5,4.00,4.50,5.00,2893,4.88,7.69,1.00,0.74
132,5-10,40+,31.00,34.00,36.00,2876,33.80,3.77,5.00,3.71
151,10-20,40+,45.50,52.00,52.00,2874,50.28,2.94,6.50,4.82
223,0-1,0-5,4.00,4.50,5.00,2859,5.68,7.14,1.00,0.74
33,0-1,5-10,5.50,6.00,6.00,2853,5.97,7.50,0.50,0.37
52,3-5,10-20,13.00,14.00,15.00,2837,14.22,3.89,2.00,1.48
129,5-10,20-40,22.50,25.50,28.95,2822,26.50,3.48,6.45,4.78
161,20+,40+,52.00,63.00,79.23,2811,71.61,2.84,27.23,20.19
161,3-5,40+,24.50,26.00,28.00,2809,25.42,6.44,3.50,2.59
231,3-5,5-10,11.00,11.50,12.00,2808,11.66,3.42,1.00,0.74
74,10-20,20-40,34.50,40.52,52.00,2806,42.70,3.02,17.50,12.97
162,10-20,10-20,29.50,30.00,30.50,2806,30.49,2.82,1.00,0.74
145,5-10,20-40,22.00,24.50,28.50,2805,28.02,3.64,6.50,4.82
166,10-20,40+,45.00,52.00,52.00,2804,49.92,3.04,7.00,5.19
138,1-2,0-5,5.50,5.50,6.00,2792,6.44,4.66,0.50,0.37
66,2-3,10-20,10.50,11.50,12.50,2782,11.73,4.66,2.00,1.48
33,3-5,20-40,17.00,18.50,20.00,2777,18.85,4.58,3.00,2.22
97,1-2,10-20,8.50,9.50,10.00,2762,9.53,6.07,1.50,1.11
116,0-1,5-10,5.50,6.00,6.00,2759,6.02,7.23,0.50,0.37
226,5-10,10-20,18.00,19.50,24.00,2756,24.16,3.30,6.00,4.45
260,3-5,10-20,14.00,15.00,16.50,2728,18.77,3.71,2.50,1.85
87,0-1,10-20,8.00,8.50,9.50,2726,8.87,10.71,1.50,1.11
226,1-2,10-20,9.00,9.50,10.00,2720,9.60,5.63,1.00,0.74
265,0-1,0-5,3.00,5.00,70.00,2717,44.57,59.70,67.00,49.67
229,3-5,5-10,10.50,11.00,11.50,2713,11.28,3.38,1.00,0.74
234,3-5,40+,24.50,26.00,28.00,2712,25.31,6.31,3.50,2.59
13,2-3,20-40,14.50,15.00,16.00,2711,15.68,5.98,1.50,1.11
40,0-1,0-5,4.00,4.50,5.00,2710,4.59,6.67,1.00,0.74
215,10-20,20-40,52.00,52.00,52.00,2703,50.63,3.66,0.00,0.00
42,5-10,10-20,18.50,20.50,22.50,2700,21.70,3.20,4.00,2.97
146,2-3,5-10,8.50,9.00,10.00,2696,9.68,4.00,1.50,1.11
224,2-3,20-40,14.50,15.50,16.50,2677,15.90,6.25,2.00,1.48
223,1-2,5-10,6.50,7.00,7.50,2674,7.20,5.24,1.00,0.74
239,3-5,5-10,11.00,11.50,12.50,2672,12.03,3.40,1.50,1.11
232,2-3,5-10,9.00,9.50,10.00,2669,9.80,3.96,1.00,0.74
65,0-1,5-10,5.50,6.00,6.50,2628,6.10,7.50,1.00,0.74
66,1-2,5-10,7.00,7.50,8.00,2628,7.94,5.00,1.00,0.74
233,3-5,5-10,11.00,11.50,13.50,2607,12.53,3.33,2.50,1.85
97,0-1,5-10,5.50,6.00,6.50,2604,6.15,7.45,1.00,0.74
223,5-10,10-20,19.50,24.00,52.00,2601,32.82,3.32,32.50,24.09
264,5-10,40+,30.50,33.50,36.00,2601,33.60,4.20,5.50,4.08
244,0-1,5-10,5.50,6.00,6.00,2600,6.06,7.50,0.50,0.37
256,5-10,20-40,21.50,24.00,26.50,2590,24.63,3.63,5.00,3.71
25,0-1,5-10,5.50,6.00,6.50,2587,6.17,7.58,1.00,0.74
231,20+,40+,52.00,52.00,66.69,2587,62.16,2.52,14.69,10.89
158,0-1,10-20,8.00,8.00,9.00,2571,8.47,9.66,1.00,0.74
237,3-5,40+,24.50,26.00,27.50,2563,25.41,6.35,3.00,2.22
141,5-10,40+,30.00,33.00,36.00,2552,33.65,4.30,6.00,4.45
25,1-2,10-20,9.00,9.50,10.00,2511,9.60,5.99,1.00,0.74
4,5-10,10-20,18.00,19.00,21.50,2497,20.36,3.26,3.50,2.59
146,5-10,20-40,22.00,24.50,27.50,2494,25.37,3.61,5.50,4.08
138,0-1,5-10,5.50,6.00,6.50,2491,6.44,7.78,1.00,0.74
151,10-20,20-40,34.50,40.00,52.00,2475,43.07,2.95,17.50,12.97
52,0-1,5-10,5.50,6.00,6.50,2460,5.95,7.86,1.00,0.74
7,5-10,10-20,18.00,20.00,23.00,2458,20.98,3.15,5.00,3.71
112,3-5,10-20,13.50,14.50,15.50,2457,14.64,3.75,2.00,1.48
181,3-5,20-40,17.00,18.50,20.00,2455,19.02,4.49,3.00,2.22
97,3-5,20-40,17.00,18.00,19.50,2447,18.82,4.52,2.50,1.85
152,5-10,10-20,17.50,19.00,20.50,2445,19.53,3.29,3.00,2.22
163,3-5,40+,24.50,26.00,27.50,2441,25.59,6.40,3.00,2.22
52,1-2,5-10,6.50,7.00,7.50,2434,7.17,5.42,1.00,0.74
162,3-5,5-10,10.50,11.00,11.50,2426,11.45,3.39,1.00,0.74
146,3-5,20-40,17.00,18.50,20.00,2420,18.97,4.63,3.00,2.22
13,3-5,5-10,11.50,12.50,13.50,2415,12.76,3.33,2.00,1.48
65,1-2,10-20,9.00,9.50,10.00,2414,9.67,6.04,1.00,0.74
50,3-5,5-10,11.00,11.50,12.00,2410,11.89,3.44,1.00,0.74
166,5-10,40+,29.50,31.50,34.00,2405,32.17,4.39,4.50,3.34
93,10-20,20-40,52.00,52.00,52.00,2393,51.41,4.47,0.00,0.00
166,2-3,20-40,14.50,15.50,16.00,2377,15.67,5.79,1.50,1.11
181,0-1,5-10,5.50,6.00,6.50,2372,6.14,7.43,1.00,0.74
68,3-5,40+,24.00,26.00,27.50,2371,25.12,6.34,3.50,2.59
238,1-2,20-40,13.50,14.00,15.00,2364,14.65,8.24,1.50,1.11
215,10-20,40+,52.00,52.00,52.00,2360,51.82,3.51,0.00,0.00
262,10-20,40+,52.00,52.00,52.00,2352,50.84,2.83,0.00,0.00
233,5-10,40+,30.50,33.50,36.50,2344,34.02,4.11,6.00,4.45
162,0-1,20-40,13.00,13.50,14.50,2335,13.96,16.43,1.50,1.11
132,2-3,0-5,8.50,9.00,10.00,2332,18.97,3.56,1.50,1.11
256,3-5,20-40,17.00,18.00,20.00,2332,18.74,4.62,3.00,2.22
48,3-5,40+,20.00,25.50,27.50,2327,24.66,6.21,7.50,5.56
41,10-20,20-40,34.00,40.00,51.55,2319,41.95,2.99,17.55,13.01
226,0-1,5-10,5.50,6.00,6.50,2315,6.14,7.29,1.00,0.74
87,20+,40+,52.00,52.00,62.00,2306,59.74,2.54,10.00,7.41
151,3-5,5-10,11.50,12.00,13.00,2305,12.39,3.38,1.50,1.11
88,2-3,5-10,9.00,9.50,10.00,2299,9.71,3.81,1.00,0.74
229,5-10,40+,30.00,33.00,36.00,2293,33.55,4.17,6.00,4.45
232,10-20,20-40,34.44,39.50,50.50,2290,42.32,2.97,16.06,11.91
12,3-5,10-20,13.50,14.50,16.00,2283,14.83,3.78,2.50,1.85
144,5-10,40+,28.50,31.00,34.00,2276,31.84,4.57,5.50,4.08
80,3-5,10-20,13.00,14.50,16.00,2270,15.88,3.79,3.00,2.22
125,0-1,10-20,8.00,8.50,9.00,2264,8.63,10.27,1.00,0.74
186,1-2,40+,8.50,10.50,14.00,2256,12.80,7.08,5.50,4.08
261,20+,40+,52.00,52.00,52.00,2255,58.88,2.43,0.00,0.00
25,3-5,20-40,17.00,18.50,20.00,2252,18.91,4.55,3.00,2.22
145,2-3,5-10,9.00,10.00,52.00,2247,24.76,4.25,43.00,31.88
7,1-2,0-5,5.50,5.50,6.00,2246,5.75,5.00,0.50,0.37
24,5-10,10-20,18.00,19.00,21.00,2244,19.99,3.30,3.00,2.22
40,3-5,10-20,13.00,14.00,15.50,2241,14.44,3.75,2.50,1.85
244,1-2,10-20,9.00,9.50,10.00,2237,9.74,5.77,1.00,0.74
233,10-20,10-20,29.00,29.50,30.50,2224,32.35,2.79,1.50,1.11
4,2-3,5-10,9.00,9.50,10.00,2222,9.76,3.94,1.00,0.74
226,10-20,20-40,35.50,41.50,52.00,2218,43.73,3.08,16.50,12.23
65,10-20,20-40,33.50,38.00,46.50,2214,40.45,2.91,13.00,9.64
193,1-2,5-10,6.50,7.00,7.50,2209,7.27,5.06,1.00,0.74
230,0-1,20-40,13.00,13.50,14.50,2202,14.12,16.67,1.50,1.11
255,0-1,5-10,5.50,5.50,6.00,2201,5.88,7.14,0.50,0.37
263,5-10,40+,29.00,32.00,35.00,2191,32.31,4.33,6.00,4.45
114,5-10,40+,28.50,31.00,34.00,2183,31.60,4.40,5.50,4.08
82,5-10,20-40,24.38,29.50,52.00,2181,36.13,3.92,27.62,20.47
158,5-10,40+,28.50,31.00,33.50,2172,31.22,4.51,5.00,3.71
50,5-10,40+,30.50,33.00,36.00,2166,33.58,4.27,5.50,4.08
82,1-2,5-10,6.50,7.00,8.00,2165,7.28,5.29,1.50,1.11
25,5-10,10-20,18.50,19.50,22.00,2154,20.48,3.18,3.50,2.59
246,3-5,5-10,11.00,11.50,12.00,2123,12.04,3.44,1.00,0.74
151,5-10,40+,29.00,31.50,34.72,2122,32.24,4.37,5.72,4.24
148,5-10,40+,28.50,31.50,34.50,2121,32.14,4.24,6.00,4.45
28,10-20,20-40,48.85,52.00,52.00,2105,49.58,3.95,3.15,2.34
186,2-3,40+,14.00,23.50,25.00,2101,20.74,8.62,11.00,8.15
224,5-10,10-20,17.50,18.50,20.50,2098,19.73,3.25,3.00,2.22
237,3-5,5-10,10.50,11.00,11.50,2097,11.00,3.39,1.00,0.74
170,0-1,20-40,13.00,13.50,14.50,2090,13.99,16.25,1.50,1.11
75,3-5,5-10,11.00,11.50,12.00,2076,11.82,3.33,1.00,0.74
224,3-5,5-10,11.50,12.00,13.00,2068,12.27,3.33,1.50,1.11
237,20+,40+,52.00,52.00,68.50,2056,62.74,2.58,16.50,12.23
48,20+,40+,52.00,61.50,77.50,2055,72.74,2.75,25.50,18.90
146,1-2,10-20,9.00,9.50,10.00,2053,9.86,5.47,1.00,0.74
45,10-20,40+,42.50,51.00,52.50,2046,50.02,3.39,10.00,7.41
244,3-5,20-40,17.00,18.00,19.50,2042,18.58,4.56,2.50,1.85
142,3-5,40+,24.50,26.00,28.00,2040,25.58,6.28,3.50,2.59
146,1-2,0-5,5.50,6.00,6.50,2034,6.15,4.67,1.00,0.74
80,1-2,5-10,6.50,7.00,8.00,2028,7.32,5.16,1.50,1.11
95,5-10,20-40,25.50,28.50,33.00,2023,30.38,3.46,7.50,5.56
130,10-20,40+,47.50,52.00,52.00,2017,50.69,3.51,4.50,3.34
74,3-5,5-10,11.00,11.50,12.50,2009,12.21,3.31,1.50,1.11
79,3-5,40+,16.50,25.00,27.00,2001,23.06,5.90,10.50,7.78
211,1-2,20-40,13.50,14.00,15.00,1996,14.52,8.70,1.50,1.11
42,10-20,20-40,34.50,40.00,48.85,1994,42.17,2.99,14.35,10.64
61,5-10,20-40,22.50,26.83,30.50,1978,27.90,3.78,8.00,5.93
80,5-10,20-40,21.50,24.50,27.39,1974,25.45,3.55,5.89,4.37
249,3-5,40+,24.50,26.00,28.00,1969,25.37,6.16,3.50,2.59
262,1-2,20-40,13.50,14.00,15.00,1964,14.56,8.23,1.50,1.11
70,5-10,20-40,21.50,24.00,27.50,1963,25.49,3.31,6.00,4.45
179,5-10,20-40,21.00,24.00,27.29,1961,24.84,3.64,6.29,4.66
116,3-5,20-40,17.00,18.00,19.50,1953,18.40,4.45,2.50,1.85
45,10-20,20-40,34.00,38.00,46.50,1951,41.03,2.97,12.50,9.27
7,2-3,5-10,9.00,9.50,10.00,1951,9.60,3.96,1.00,0.74
49,1-2,5-10,6.50,7.00,8.00,1942,7.38,5.33,1.50,1.11
45,2-3,5-10,9.00,9.50,10.00,1939,9.41,4.04,1.00,0.74
238,20+,40+,52.00,52.00,59.00,1934,58.92,2.57,7.00,5.19
43,3-5,40+,25.00,26.00,28.00,1932,26.09,6.40,3.00,2.22
143,5-10,40+,30.00,33.00,36.00,1929,33.55,4.31,6.00,4.45
161,1-2,40+,8.00,9.50,11.50,1928,11.22,6.63,3.50,2.59
162,20+,40+,52.00,65.50,80.00,1928,72.40,2.86,28.00,20.76
112,1-2,5-10,6.50,7.00,7.50,1918,7.14,5.33,1.00,0.74
33,1-2,10-20,9.00,9.50,10.00,1905,9.63,6.07,1.00,0.74
166,10-20,20-40,34.50,39.50,52.00,1904,42.53,2.97,17.50,12.97
74,2-3,20-40,14.50,15.00,16.00,1901,15.62,5.93,1.50,1.11
236,3-5,5-10,11.00,11.00,12.00,1894,11.43,3.43,1.00,0.74
162,3-5,40+,24.00,25.50,27.50,1891,24.98,6.45,3.50,2.59
143,20+,40+,52.00,52.00,52.00,1878,58.22,2.45,0.00,0.00
41,10-20,40+,44.50,52.00,52.50,1875,49.69,3.15,8.00,5.93
230,3-5,5-10,10.50,11.00,11.50,1872,11.44,3.41,1.00,0.74
113,3-5,40+,25.00,26.00,28.00,1870,25.91,6.30,3.00,2.22
193,3-5,10-20,13.50,14.50,15.50,1869,14.62,3.73,2.00,1.48
219,10-20,40+,52.00,52.00,53.75,1865,53.47,3.25,1.75,1.30
66,5-10,10-20,18.50,20.00,21.50,1853,20.54,3.18,3.00,2.22
239,3-5,40+,24.50,26.00,27.50,1844,25.20,6.27,3.00,2.22
144,3-5,40+,24.00,26.00,27.50,1843,25.17,6.44,3.50,2.59
76,5-10,20-40,22.50,26.20,30.20,1829,27.91,3.92,7.70,5.71
144,1-2,20-40,13.50,14.00,15.00,1824,14.55,8.75,1.50,1.11
129,2-3,10-20,10.50,11.00,12.00,1811,11.22,4.59,1.50,1.11
145,10-20,20-40,38.00,51.05,52.00,1808,45.93,3.26,14.00,10.38
70,5-10,5-10,16.00,17.00,19.00,1805,17.76,2.88,3.00,2.22
260,2-3,10-20,10.00,11.00,12.00,1793,11.32,4.63,2.00,1.48
163,0-1,20-40,13.00,13.50,14.50,1784,13.87,16.45,1.50,1.11
42,10-20,40+,42.00,47.99,53.00,1782,48.55,3.29,11.00,8.15
48,0-1,20-40,13.00,13.50,14.50,1782,14.10,16.85,1.50,1.11
170,3-5,40+,23.50,25.50,27.50,1758,24.83,6.32,4.00,2.97
74,10-20,40+,42.50,51.00,53.00,1758,49.14,3.25,10.50,7.78
40,1-2,10-20,8.50,9.50,10.00,1754,9.53,6.33,1.50,1.11
238,0-1,10-20,8.00,8.50,9.00,1753,8.63,10.00,1.00,0.74
116,2-3,5-10,9.00,9.50,10.00,1751,9.35,4.07,1.00,0.74
261,3-5,40+,25.00,26.50,28.50,1743,25.90,6.16,3.50,2.59
264,20+,40+,52.00,52.00,65.00,1741,65.00,2.54,13.00,9.64
112,0-1,0-5,4.00,4.50,5.00,1729,4.74,7.46,1.00,0.74
12,3-5,20-40,17.50,19.00,21.00,1725,19.58,4.48,3.50,2.59
211,5-10,40+,28.50,31.00,34.50,1721,31.76,4.60,6.00,4.45
145,5-10,10-20,18.50,20.50,24.00,1717,24.82,3.19,5.50,4.08
209,3-5,5-10,11.50,12.00,13.50,1715,12.54,3.38,2.00,1.48
75,5-10,40+,29.00,32.00,35.00,1706,32.15,4.32,6.00,4.45
223,3-5,10-20,13.50,15.00,16.50,1703,18.81,3.73,3.00,2.22
226,2-3,5-10,9.00,9.50,10.50,1700,13.64,4.09,1.50,1.11
237,1-2,40+,7.50,9.00,10.50,1697,10.16,6.17,3.00,2.22
4,2-3,20-40,14.50,15.00,16.50,1672,15.57,5.99,2.00,1.48
162,1-2,40+,8.00,9.50,11.50,1659,11.21,6.49,3.50,2.59
100,3-5,40+,23.50,26.00,27.50,1657,24.95,6.32,4.00,2.97
45,0-1,10-20,8.00,8.50,9.50,1654,8.93,10.71,1.50,1.11
42,1-2,0-5,5.50,5.50,6.00,1648,5.90,5.04,0.50,0.37
107,3-5,40+,22.00,26.00,27.50,1644,24.81,6.22,5.50,4.08
255,5-10,10-20,18.00,19.50,21.50,1644,20.38,3.23,3.50,2.59
189,1-2,5-10,6.50,7.50,8.00,1641,7.35,5.36,1.50,1.11
216,10-20,40+,47.62,52.00,53.75,1637,51.82,3.30,6.13,4.54
45,5-10,40+,29.00,32.00,35.50,1634,33.37,4.51,6.50,4.82
238,3-5,40+,24.50,26.00,27.50,1632,25.19,6.30,3.00,2.22
152,2-3,5-10,9.00,9.50,10.00,1628,9.51,4.00,1.00,0.74
193,5-10,20-40,22.00,24.70,28.00,1625,25.80,3.64,6.00,4.45
264,3-5,5-10,11.00,11.50,12.50,1622,12.72,3.38,1.50,1.11
129,5-10,10-20,18.50,20.50,23.50,1619,21.87,3.11,5.00,3.71
88,2-3,20-40,14.50,15.50,16.50,1609,15.79,6.05,2.00,1.48
230,1-2,40+,7.50,9.00,11.50,1605,11.40,6.41,4.00,2.97
260,5-10,10-20,18.00,20.50,27.00,1594,27.03,3.27,9.00,6.67
65,1-2,0-5,6.00,6.50,7.00,1589,7.26,4.17,1.00,0.74
80,0-1,0-5,4.00,4.50,5.00,1583,5.27,7.50,1.00,0.74
152,3-5,20-40,16.50,18.00,19.50,1573,18.53,4.53,3.00,2.22
49,5-10,20-40,22.50,25.50,29.45,1562,26.74,3.63,6.95,5.15
129,0-1,5-10,5.50,6.00,6.50,1552,6.23,7.30,1.00,0.74
87,1-2,20-40,13.50,14.00,15.00,1552,14.60,9.06,1.50,1.11
125,5-10,40+,29.00,32.00,35.00,1538,32.89,4.52,6.00,4.45
25,10-20,20-40,33.50,36.50,44.50,1534,39.88,2.98,11.00,8.15
216,10-20,20-40,39.68,47.00,52.00,1527,47.07,3.06,12.32,9.13
66,3-5,20-40,17.00,18.00,19.50,1526,18.43,4.47,2.50,1.85
186,20+,40+,61.00,71.69,85.50,1523,80.44,2.91,24.50,18.16
239,20+,20-40,52.00,52.00,52.00,1522,55.83,2.52,0.00,0.00
7,10-20,20-40,34.00,37.50,42.00,1521,39.08,2.94,8.00,5.93
140,20+,40+,52.00,64.00,75.50,1520,68.48,2.84,23.50,17.42
225,5-10,20-40,23.24,26.50,30.50,1517,27.87,3.87,7.26,5.38
205,10-20,40+,46.25,53.00,58.50,1515,52.40,3.25,12.25,9.08
97,10-20,20-40,34.00,37.50,46.00,1513,40.76,3.01,12.00,8.90
24,2-3,20-40,14.50,15.50,16.00,1509,15.64,5.88,1.50,1.11
256,2-3,5-10,9.00,9.50,10.00,1499,10.44,4.04,1.00,0.74
140,3-5,40+,24.50,26.00,28.00,1493,25.34,6.70,3.50,2.59
93,5-10,20-40,52.00,52.00,52.00,1492,49.54,5.59,0.00,0.00
161,2-3,40+,11.50,14.50,24.00,1489,17.43,5.85,12.50,9.27
70,10-20,20-40,32.00,34.00,40.00,1488,38.36,2.92,8.00,5.93
80,2-3,10-20,10.50,11.00,12.00,1471,11.66,4.42,1.50,1.11
4,10-20,20-40,32.50,37.00,45.65,1471,40.07,2.97,13.15,9.75
75,0-1,10-20,8.00,8.00,9.00,1471,8.49,10.12,1.00,0.74
209,5-10,40+,29.63,32.61,36.50,1468,34.01,4.39,6.87,5.09
61,2-3,10-20,10.50,11.50,12.50,1463,11.96,4.73,2.00,1.48
65,10-20,40+,42.50,49.00,53.50,1459,49.36,3.32,11.00,8.15
61,10-20,40+,41.50,47.50,53.49,1453,48.13,3.42,11.99,8.89
82,0-1,0-5,4.00,4.50,5.00,1448,5.08,7.55,1.00,0.74
226,10-20,40+,42.50,51.00,54.06,1445,50.32,3.50,11.56,8.57
244,2-3,5-10,9.00,9.50,10.00,1438,9.68,3.91,1.00,0.74
161,3-5,5-10,10.50,11.00,11.50,1436,11.20,3.39,1.00,0.74
132,1-2,5-10,7.00,7.50,8.00,1434,9.24,4.49,1.00,0.74
40,0-1,5-10,5.50,6.00,6.50,1426,6.03,7.06,1.00,0.74
12,5-10,10-20,18.50,19.50,20.50,1425,19.68,3.28,2.00,1.48
76,10-20,40+,44.00,52.50,59.50,1422,52.46,3.28,15.50,11.49
234,1-2,40+,7.50,9.00,11.00,1420,10.57,6.15,3.50,2.59
90,3-5,40+,25.00,26.50,28.00,1417,25.89,6.39,3.00,2.22
112,5-10,20-40,21.00,23.50,26.00,1413,24.15,3.62,5.00,3.71
244,10-20,20-40,32.50,35.50,42.50,1411,38.75,3.04,10.00,7.41
211,3-5,40+,24.50,26.00,27.50,1405,25.46,6.43,3.00,2.22
89,5-10,20-40,23.00,26.50,30.19,1405,27.67,3.75,7.19,5.33
49,0-1,0-5,4.00,4.50,5.00,1398,5.21,7.04,1.00,0.74
129,3-5,10-20,13.00,14.50,15.50,1395,14.55,3.78,2.50,1.85
261,1-2,0-5,5.50,5.50,6.00,1392,5.98,5.00,0.50,0.37
179,3-5,20-40,17.30,18.50,20.50,1387,19.20,4.46,3.20,2.37
89,10-20,40+,40.00,45.50,51.55,1380,46.72,3.40,11.55,8.56
88,20+,40+,52.00,52.00,65.50,1379,60.39,2.52,13.50,10.01
61,3-5,20-40,16.50,18.50,21.50,1378,19.80,4.70,5.00,3.71
163,3-5,5-10,10.50,11.00,11.50,1376,11.21,3.41,1.00,0.74
52,1-2,10-20,8.50,9.50,10.00,1371,9.53,6.25,1.50,1.11
163,1-2,40+,8.00,9.50,11.50,1368,11.67,6.44,3.50,2.59
61,1-2,5-10,6.50,7.50,8.00,1368,7.55,5.17,1.50,1.11
148,3-5,40+,15.50,24.00,26.50,1359,21.90,5.48,11.00,8.15
17,1-2,5-10,6.50,7.00,8.00,1356,7.30,5.13,1.50,1.11
132,2-3,10-20,11.00,11.50,12.50,1356,12.36,4.31,1.50,1.11
256,1-2,10-20,9.00,9.50,10.00,1354,10.19,5.71,1.00,0.74
246,3-5,40+,23.50,26.00,27.50,1354,24.81,6.41,4.00,2.97
82,5-10,10-20,20.50,52.00,52.00,1347,37.29,5.62,31.50,23.35
224,1-2,0-5,5.50,6.00,6.50,1342,6.03,4.82,1.00,0.74
170,1-2,40+,7.50,9.00,11.50,1335,11.46,6.31,4.00,2.97
42,2-3,5-10,9.00,9.50,9.50,1331,9.37,4.09,0.50,0.37
25,10-20,40+,42.00,47.56,53.75,1331,48.85,3.39,11.75,8.71
143,3-5,5-10,11.00,12.00,13.00,1330,12.27,3.38,2.00,1.48
224,10-20,20-40,33.00,37.50,52.00,1329,41.62,2.99,19.00,14.08
145,1-2,0-5,5.50,5.50,6.00,1329,10.80,5.00,0.50,0.37
48,1-2,40+,7.50,8.50,11.00,1327,11.12,6.15,3.50,2.59
68,3-5,5-10,10.50,11.00,11.50,1325,12.30,3.40,1.00,0.74
52,2-3,10-20,10.50,11.50,12.50,1323,11.57,4.63,2.00,1.48
168,1-2,5-10,6.50,7.50,8.00,1322,7.53,5.13,1.50,1.11
162,2-3,40+,12.00,15.50,24.50,1317,18.03,6.18,12.50,9.27
179,0-1,5-10,5.50,6.00,6.00,1316,5.98,7.32,0.50,0.37
125,1-2,20-40,13.50,14.00,15.00,1311,14.49,8.42,1.50,1.11
164,3-5,40+,19.50,25.50,27.50,1308,24.39,6.15,8.00,5.93
236,1-2,40+,7.50,8.50,10.00,1308,9.55,5.81,2.50,1.85
256,5-10,10-20,18.00,19.50,21.50,1307,20.36,3.20,3.50,2.59
158,20+,40+,52.00,52.00,52.00,1305,59.18,1.80,0.00,0.00
219,10-20,20-40,46.75,52.00,52.00,1305,50.64,3.20,5.25,3.89
170,20+,40+,59.33,70.00,81.50,1300,77.28,2.90,22.17,16.43
179,1-2,0-5,5.50,6.00,6.00,1300,5.88,4.64,0.50,0.37
49,2-3,10-20,10.50,11.00,12.00,1297,11.55,4.60,1.50,1.11
232,10-20,40+,42.00,50.00,52.00,1292,49.31,3.27,10.00,7.41
52,3-5,20-40,17.00,18.00,19.50,1283,18.53,4.58,2.50,1.85
141,3-5,40+,23.50,25.50,27.50,1282,24.52,6.40,4.00,2.97
13,3-5,40+,20.00,26.50,28.00,1278,24.76,5.83,8.00,5.93
262,5-10,40+,28.50,31.50,35.00,1271,31.82,4.34,6.50,4.82
132,3-5,20-40,18.00,19.00,20.50,1270,20.46,4.35,2.50,1.85
256,0-1,5-10,5.50,6.00,6.00,1269,5.93,7.24,0.50,0.37
33,10-20,20-40,32.47,35.00,43.00,1269,38.67,2.96,10.53,7.81
28,10-20,40+,45.50,52.00,52.00,1269,50.45,3.46,6.50,4.82
260,1-2,10-20,9.00,9.50,10.00,1264,9.64,5.62,1.00,0.74
89,10-20,20-40,35.79,40.00,46.50,1263,41.92,3.05,10.71,7.94
114,3-5,40+,19.27,26.00,27.50,1263,24.55,6.05,8.23,6.10
263,3-5,40+,23.50,25.50,27.50,1262,24.55,6.24,4.00,2.97
33,2-3,5-10,9.00,9.50,10.00,1259,9.40,4.03,1.00,0.74
129,1-2,10-20,8.50,9.00,10.00,1252,9.53,5.73,1.50,1.11
142,1-2,40+,7.50,9.00,11.00,1252,11.13,6.00,3.50,2.59
37,5-10,20-40,22.49,25.09,28.81,1251,26.42,3.67,6.32,4.68
142,3-5,5-10,10.50,11.00,12.00,1248,11.47,3.43,1.50,1.11
13,20+,20-40,52.00,52.00,52.00,1246,53.50,2.41,0.00,0.00
226,5-10,40+,29.00,32.00,36.50,1244,34.85,4.58,7.50,5.56
100,0-1,20-40,13.00,13.50,14.50,1241,13.95,16.29,1.50,1.11
25,2-3,5-10,9.00,9.50,10.00,1240,9.52,4.11,1.00,0.74
260,3-5,20-40,17.50,19.00,21.95,1232,23.51,4.55,4.45,3.30
196,5-10,20-40,25.50,30.50,52.00,1227,35.95,3.88,26.50,19.64
193,3-5,20-40,17.00,18.50,20.50,1223,19.20,4.67,3.50,2.59
138,2-3,20-40,15.00,16.00,17.00,1223,16.25,6.21,2.00,1.48
43,20+,40+,52.00,52.00,69.33,1216,61.96,2.55,17.33,12.85
17,5-10,20-40,22.50,26.00,29.45,1213,27.19,3.79,6.95,5.15
261,1-2,20-40,13.50,14.50,15.50,1212,14.73,9.00,2.00,1.48
161,10-20,10-20,30.00,30.50,31.00,1207,30.85,2.83,1.00,0.74
88,0-1,10-20,8.00,8.50,9.00,1202,8.79,10.63,1.00,0.74
261,3-5,5-10,11.00,11.50,12.50,1200,11.96,3.42,1.50,1.11
236,20+,40+,57.00,70.50,79.50,1198,72.35,3.04,22.50,16.68
97,2-3,5-10,9.00,9.50,10.00,1196,9.94,4.00,1.00,0.74
236,2-3,40+,11.50,14.50,24.00,1192,17.53,5.96,12.50,9.27
232,3-5,5-10,11.00,11.50,12.50,1189,12.03,3.45,1.50,1.11
68,20+,40+,52.00,67.00,80.00,1189,77.43,2.82,28.00,20.76
129,10-20,20-40,33.33,36.50,41.64,1186,39.86,2.97,8.31,6.16
97,5-10,10-20,18.50,20.00,22.11,1180,20.70,3.17,3.61,2.68
145,1-2,10-20,9.00,9.50,10.50,1180,15.19,5.84,1.50,1.11
80,5-10,10-20,18.00,19.50,22.00,1177,21.58,3.19,4.00,2.97
243,0-1,0-5,4.00,4.50,5.00,1173,7.06,8.33,1.00,0.74
17,0-1,0-5,4.00,4.50,5.00,1173,5.25,7.14,1.00,0.74
56,5-10,20-40,29.50,52.00,52.00,1171,42.11,5.50,22.50,16.68
244,10-20,40+,40.50,47.50,54.26,1169,48.73,3.41,13.76,10.20
158,3-5,40+,24.50,26.00,27.50,1168,25.17,6.41,3.00,2.22
237,2-3,40+,12.00,17.00,24.50,1168,19.00,7.11,12.50,9.27
179,1-2,10-20,8.50,9.00,10.00,1164,9.40,5.88,1.50,1.11
181,10-20,20-40,33.50,36.50,41.50,1162,39.18,3.01,8.00,5.93
213,5-10,20-40,22.50,26.50,30.58,1162,27.15,3.62,8.08,5.99
66,1-2,10-20,9.00,9.50,10.00,1160,9.88,5.73,1.00,0.74
41,2-3,20-40,14.50,15.50,16.50,1160,15.70,5.83,2.00,1.48
193,2-3,10-20,10.50,11.50,12.50,1149,11.98,4.58,2.00,1.48
164,1-2,40+,7.50,9.00,11.00,1143,10.60,6.25,3.50,2.59
205,10-20,20-40,39.50,47.00,53.75,1133,47.08,3.08,14.25,10.56
68,1-2,40+,7.50,9.00,11.50,1132,10.96,6.18,4.00,2.97
255,1-2,10-20,8.50,9.00,10.00,1132,9.35,5.99,1.50,1.11
24,10-20,40+,46.00,52.00,52.00,1131,50.28,2.95,6.00,4.45
12,2-3,10-20,11.00,12.00,12.50,1129,11.82,4.72,1.50,1.11
179,2-3,10-20,10.50,11.50,12.00,1128,11.47,4.55,1.50,1.11
232,2-3,20-40,14.50,15.00,16.00,1124,15.89,5.83,1.50,1.11
37,1-2,5-10,6.50,7.00,8.00,1122,7.36,5.07,1.50,1.11
230,2-3,40+,11.50,14.50,24.00,1116,17.79,5.86,12.50,9.27
164,20+,40+,60.00,76.50,87.00,1114,83.00,3.07,27.00,20.01
79,1-2,40+,7.00,8.00,9.50,1113,8.84,5.75,2.50,1.85
79,10-20,10-20,29.00,29.50,30.50,1110,30.15,2.82,1.50,1.11
100,20+,40+,52.00,66.00,79.50,1106,75.58,2.84,27.50,20.39
12,0-1,0-5,4.00,4.50,5.00,1105,4.76,8.00,1.00,0.74
142,2-3,40+,11.50,14.50,24.50,1102,17.81,5.86,13.00,9.64
68,2-3,40+,11.50,15.50,24.50,1100,18.18,6.25,13.00,9.64
243,5-10,20-40,23.50,27.00,30.00,1099,27.81,3.48,6.50,4.82
76,10-20,20-40,36.26,45.50,53.03,1098,45.91,3.02,16.77,12.43
223,10-20,20-40,34.00,39.00,50.69,1093,47.72,3.01,16.69,12.37
164,0-1,20-40,13.00,13.50,14.50,1093,13.94,16.84,1.50,1.11
4,3-5,5-10,11.00,11.50,12.50,1088,12.00,3.48,1.50,1.11
247,1-2,5-10,6.50,7.50,8.00,1087,7.56,5.31,1.50,1.11
49,3-5,10-20,13.00,14.00,15.50,1087,15.41,3.95,2.50,1.85
223,2-3,10-20,10.50,11.00,12.00,1085,11.78,4.58,1.50,1.11
168,5-10,20-40,23.00,26.00,29.00,1082,27.38,3.56,6.00,4.45
33,5-10,40+,30.00,32.50,35.50,1076,34.29,4.30,5.50,4.08
145,10-20,40+,46.50,52.00,52.00,1071,51.11,3.52,5.50,4.08
74,5-10,40+,28.50,31.50,34.00,1069,31.74,4.51,5.50,4.08
226,1-2,0-5,5.50,5.50,6.00,1068,6.62,5.00,0.50,0.37
188,5-10,20-40,22.61,26.50,30.50,1066,28.31,3.81,7.89,5.85
40,2-3,10-20,10.50,11.00,12.00,1065,11.31,4.55,1.50,1.11
87,1-2,0-5,5.50,6.00,6.00,1064,6.06,5.00,0.50,0.37
93,5-10,10-20,52.00,52.00,52.00,1062,47.85,5.82,0.00,0.00
95,10-20,20-40,34.00,39.00,43.09,1061,39.77,3.02,9.09,6.74
12,1-2,10-20,9.00,9.50,10.50,1057,9.92,6.33,1.50,1.11
146,0-1,5-10,5.50,6.00,6.00,1057,6.04,7.22,0.50,0.37
68,0-1,20-40,13.00,13.50,14.50,1057,13.90,16.25,1.50,1.11
164,3-5,5-10,11.00,11.00,11.50,1055,11.68,3.43,0.50,0.37
234,2-3,40+,12.00,15.50,24.50,1054,18.37,6.39,12.50,9.27
41,5-10,40+,29.00,32.00,34.50,1049,32.05,4.36,5.50,4.08
141,20+,40+,52.00,59.50,73.50,1046,65.39,2.72,21.50,15.94
76,5-10,40+,29.00,33.50,38.00,1043,35.58,4.45,9.00,6.67
189,5-10,20-40,22.00,25.45,29.00,1041,26.21,3.65,7.00,5.19
82,2-3,10-20,10.50,11.00,12.00,1040,11.47,4.61,1.50,1.11
148,1-2,20-40,13.50,14.00,15.00,1039,14.49,8.44,1.50,1.11
35,5-10,20-40,22.50,27.22,31.50,1037,28.65,3.86,9.00,6.67
146,5-10,10-20,18.00,19.50,22.50,1037,20.91,3.22,4.50,3.34
188,10-20,40+,40.50,46.50,52.50,1037,47.16,3.47,12.00,8.90
233,20+,40+,52.00,75.00,83.00,1036,75.70,3.14,31.00,22.98
52,5-10,10-20,18.50,20.50,22.00,1031,20.56,3.14,3.50,2.59
197,10-20,40+,43.00,48.50,52.00,1025,48.54,3.32,9.00,6.67
237,0-1,20-40,13.00,13.50,14.50,1025,13.85,16.46,1.50,1.11
170,2-3,40+,11.50,14.00,24.50,1024,17.73,5.76,13.00,9.64
80,3-5,20-40,17.00,18.50,21.00,1024,20.39,4.58,4.00,2.97
209,2-3,20-40,14.50,15.50,16.50,1021,15.94,6.11,2.00,1.48
168,0-1,0-5,3.50,4.50,5.00,1018,5.71,7.55,1.50,1.11
12,0-1,5-10,5.50,6.00,6.50,1017,6.12,7.97,1.00,0.74
209,0-1,10-20,8.00,8.50,9.50,1013,8.97,10.92,1.50,1.11
237,0-1,40+,4.50,5.50,6.50,1008,6.57,8.15,2.00,1.48
161,0-1,40+,5.00,6.00,7.50,1006,7.69,8.82,2.50,1.85
112,3-5,20-40,17.00,18.50,20.00,997,18.85,4.38,3.00,2.22
48,10-20,10-20,29.50,30.50,32.00,996,33.44,2.82,2.50,1.85
61,3-5,10-20,13.50,14.50,16.00,994,15.83,4.01,2.50,1.85
265,1-2,5-10,7.00,7.50,8.00,991,14.43,5.49,1.00,0.74
107,1-2,40+,7.50,9.00,10.50,990,9.97,6.11,3.00,2.22
17,2-3,10-20,10.50,11.50,12.50,981,11.65,4.59,2.00,1.48
35,10-20,40+,43.76,52.81,60.50,977,52.36,3.36,16.74,12.41
76,3-5,20-40,17.00,19.50,22.50,976,20.41,4.62,5.50,4.08
247,5-10,20-40,23.50,26.50,30.50,976,27.99,3.56,7.00,5.19
216,5-10,20-40,23.50,27.50,32.45,975,29.13,3.53,8.95,6.63
163,2-3,40+,12.00,16.50,25.00,974,18.92,6.81,13.00,9.64
51,10-20,40+,45.65,51.50,57.79,970,51.64,3.25,12.14,9.00
61,5-10,40+,30.00,34.00,38.50,965,35.01,4.35,8.50,6.30
181,2-3,5-10,9.00,9.50,9.50,965,9.35,4.11,0.50,0.37
260,0-1,5-10,5.50,6.00,6.00,964,6.01,7.22,0.50,0.37
152,1-2,0-5,5.50,5.50,6.00,962,5.87,5.00,0.50,0.37
48,2-3,40+,11.00,14.50,24.50,959,17.68,5.91,13.50,10.01
179,5-10,10-20,18.00,19.00,22.50,957,20.78,3.21,4.50,3.34
87,3-5,40+,18.00,26.00,27.50,955,24.01,5.91,9.50,7.04
189,3-5,10-20,13.50,14.50,16.00,955,14.91,3.91,2.50,1.85
181,5-10,40+,30.50,33.00,36.00,955,33.50,4.18,5.50,4.08
61,0-1,0-5,4.00,4.50,5.00,955,5.12,7.46,1.00,0.74
39,5-10,20-40,23.00,27.00,31.50,952,28.11,3.91,8.50,6.30
61,10-20,20-40,34.26,40.00,48.35,947,41.81,3.11,14.09,10.44
51,10-20,20-40,35.50,42.59,49.00,945,43.29,2.98,13.50,10.01
69,5-10,20-40,23.50,27.00,32.00,945,28.74,3.63,8.50,6.30
189,0-1,0-5,4.00,4.50,5.00,943,5.39,7.50,1.00,0.74
230,0-1,40+,5.00,6.00,7.50,943,8.18,8.46,2.50,1.85
82,1-2,10-20,8.50,9.50,10.00,941,9.50,5.81,1.50,1.11
188,3-5,20-40,16.50,18.50,21.50,940,19.34,4.78,5.00,3.71
24,10-20,20-40,34.50,39.50,52.00,940,42.80,2.99,17.50,12.97
239,1-2,40+,7.00,8.50,9.50,939,9.28,5.51,2.50,1.85
66,2-3,5-10,9.00,9.50,10.00,938,10.00,4.11,1.00,0.74
89,3-5,20-40,17.00,19.00,21.95,938,19.84,4.69,4.95,3.67
238,20+,20-40,52.00,52.00,52.00,936,58.08,2.57,0.00,0.00
243,5-10,10-20,18.50,20.50,23.50,936,21.74,3.15,5.00,3.71
100,1-2,40+,7.50,9.00,11.50,935,11.16,6.44,4.00,2.97
116,1-2,0-5,5.50,6.00,6.00,934,5.85,5.00,0.50,0.37
97,10-20,40+,42.50,48.35,54.00,934,49.44,3.33,11.50,8.52
106,1-2,5-10,6.50,7.00,8.00,930,7.24,5.33,1.50,1.11
42,5-10,40+,29.50,33.00,36.00,928,33.57,4.34,6.50,4.82
181,5-10,10-20,18.00,19.50,21.50,926,20.26,3.26,3.50,2.59
166,3-5,5-10,11.00,11.50,13.00,924,12.26,3.42,2.00,1.48
39,10-20,40+,42.65,51.00,66.69,920,53.83,3.50,24.04,17.82
188,2-3,10-20,11.00,11.50,12.50,916,12.16,4.74,1.50,1.11
157,5-10,20-40,27.50,52.00,52.00,913,43.07,7.32,24.50,18.16
116,10-20,20-40,34.00,38.00,47.50,911,40.93,3.00,13.50,10.01
145,0-1,5-10,5.50,6.00,6.00,910,7.00,7.47,0.50,0.37
243,1-2,5-10,6.50,7.00,8.00,910,7.60,5.51,1.50,1.11
197,10-20,20-40,37.93,44.00,51.05,910,44.24,3.09,13.12,9.73
40,5-10,10-20,18.50,20.00,21.50,907,20.34,3.15,3.00,2.22
223,1-2,0-5,5.50,5.50,6.00,907,6.83,4.76,0.50,0.37
239,2-3,40+,11.50,14.00,24.00,905,17.24,5.82,12.50,9.27
129,2-3,5-10,9.00,9.50,10.00,901,9.59,3.98,1.00,0.74
218,10-20,40+,47.87,53.50,58.93,898,53.80,3.29,11.06,8.20
74,0-1,10-20,8.00,8.00,9.00,897,8.65,10.00,1.00,0.74
66,0-1,0-5,4.00,4.50,5.00,897,6.05,7.50,1.00,0.74
65,5-10,40+,30.00,32.50,35.50,893,33.71,4.36,5.50,4.08
82,3-5,10-20,13.00,14.50,15.50,892,15.17,3.81,2.50,1.85
43,1-2,40+,7.50,9.00,10.50,891,10.18,5.96,3.00,2.22
143,3-5,40+,24.50,26.00,27.50,890,25.35,6.30,3.00,2.22
146,10-20,20-40,34.50,40.00,45.43,890,40.98,2.97,10.93,8.10
236,0-1,40+,4.50,5.00,6.00,887,5.62,7.69,1.50,1.11
91,10-20,40+,43.50,48.21,54.00,886,49.49,3.41,10.50,7.78
223,0-1,5-10,5.50,6.00,6.00,877,6.01,7.69,0.50,0.37
163,20+,20-40,58.00,73.50,75.50,876,70.80,3.53,17.50,12.97
12,1-2,5-10,6.50,7.50,8.00,875,7.30,5.77,1.50,1.11
151,3-5,40+,24.50,26.00,27.50,874,25.02,6.08,3.00,2.22
71,10-20,40+,42.50,48.30,54.25,872,48.63,3.44,11.75,8.71
225,3-5,20-40,16.62,18.65,21.95,869,19.64,4.71,5.33,3.95
43,2-3,40+,12.00,16.00,24.50,866,18.72,6.56,12.50,9.27
234,0-1,20-40,12.50,13.50,14.50,862,13.88,16.25,2.00,1.48
37,2-3,10-20,10.50,11.50,12.00,859,11.58,4.61,1.50,1.11
36,5-10,20-40,22.00,24.68,28.00,854,25.76,3.56,6.00,4.45
262,3-5,40+,24.00,26.00,27.50,853,24.71,6.28,3.50,2.59
249,1-2,40+,7.00,8.50,10.00,850,9.39,5.86,3.00,2.22
229,20+,40+,52.00,58.50,77.50,847,71.17,2.68,25.50,18.90
107,20+,40+,61.00,70.00,80.00,846,74.37,2.89,19.00,14.08
249,3-5,5-10,10.50,11.00,11.50,844,12.44,3.48,1.00,0.74
70,3-5,10-20,14.00,15.00,15.50,844,15.03,3.50,1.50,1.11
112,2-3,10-20,10.50,11.50,12.00,842,11.50,4.49,1.50,1.11
45,3-5,40+,25.00,26.50,28.00,841,26.26,6.63,3.00,2.22
255,2-3,5-10,9.00,9.50,10.00,840,9.48,4.00,1.00,0.74
40,3-5,20-40,17.00,18.00,19.50,832,18.61,4.40,2.50,1.85
189,2-3,10-20,10.50,11.00,12.00,831,11.49,4.62,1.50,1.11
116,10-20,40+,41.34,48.49,53.03,830,48.45,3.28,11.69,8.67
72,10-20,40+,40.72,47.50,55.00,828,49.35,3.48,14.28,10.59
14,5-10,20-40,23.76,27.50,32.00,828,28.87,3.52,8.24,6.11
13,1-2,20-40,13.50,14.00,15.00,828,14.59,8.82,1.50,1.11
50,20+,40+,52.00,52.00,72.00,825,70.73,2.50,20.00,14.83
91,5-10,20-40,23.00,26.50,30.60,822,27.69,3.94,7.60,5.63
49,3-5,20-40,16.95,18.50,21.00,819,19.76,4.53,4.05,3.00
75,3-5,40+,25.00,26.00,27.50,819,25.64,6.20,2.50,1.85
151,20+,40+,52.00,61.50,74.69,819,65.40,2.82,22.69,16.82
246,2-3,40+,12.00,17.50,24.50,819,18.88,7.17,12.50,9.27
230,10-20,10-20,29.50,30.50,32.00,818,31.56,2.83,2.50,1.85
37,3-5,20-40,17.00,18.50,21.00,812,19.44,4.60,4.00,2.97
168,3-5,10-20,13.50,14.50,16.00,810,15.44,3.72,2.50,1.85
168,2-3,10-20,10.50,11.50,12.50,810,11.80,4.70,2.00,1.48
135,10-20,20-40,36.50,42.49,45.79,809,42.02,2.95,9.29,6.89
112,5-10,10-20,18.00,19.00,21.00,808,20.23,3.20,3.00,2.22
170,10-20,10-20,30.00,31.50,52.00,807,38.75,2.85,22.00,16.31
218,10-20,20-40,39.00,46.50,54.25,807,46.90,3.02,15.25,11.30
233,0-1,20-40,13.00,13.50,14.50,804,13.96,16.25,1.50,1.11
181,10-20,40+,40.00,45.29,52.00,802,47.50,3.36,12.00,8.90
48,0-1,40+,5.00,5.50,7.00,802,7.77,8.00,2.00,1.48
24,5-10,40+,29.00,31.50,34.50,801,32.04,4.31,5.50,4.08
49,1-2,10-20,9.00,9.50,10.00,797,9.72,5.88,1.00,0.74
225,5-10,40+,28.95,33.00,36.83,796,33.51,4.35,7.88,5.84
229,0-1,20-40,13.00,13.50,14.50,795,13.90,16.46,1.50,1.11
232,5-10,40+,29.50,32.50,36.50,792,34.81,4.28,7.00,5.19
37,3-5,10-20,13.00,14.50,15.50,792,14.82,3.86,2.50,1.85
247,0-1,0-5,4.00,4.50,5.00,791,5.01,7.38,1.00,0.74
79,2-3,40+,10.50,12.50,17.50,789,15.29,5.07,7.00,5.19
25,5-10,40+,30.50,33.00,36.00,789,34.15,4.32,5.50,4.08
95,5-10,10-20,19.50,23.00,26.20,788,26.70,3.12,6.70,4.97
224,1-2,20-40,13.50,14.00,15.00,787,14.48,8.24,1.50,1.11
66,0-1,5-10,5.50,6.00,6.50,787,6.08,7.30,1.00,0.74
193,1-2,0-5,5.50,5.50,6.00,786,6.14,5.00,0.50,0.37
244,5-10,40+,31.00,33.50,36.00,784,33.78,4.17,5.00,3.71
141,1-2,40+,7.00,8.50,10.00,780,9.65,5.66,3.00,2.22
148,10-20,10-20,29.00,30.50,32.50,780,31.89,2.80,3.50,2.59
265,1-2,10-20,9.00,10.00,11.00,775,12.44,6.47,2.00,1.48
95,1-2,5-10,6.50,7.50,8.00,773,7.63,5.29,1.50,1.11
244,1-2,0-5,5.50,6.00,6.00,770,5.87,5.00,0.50,0.37
244,3-5,5-10,11.50,12.50,13.50,770,13.07,3.38,2.00,1.48
95,0-1,0-5,4.00,4.50,5.00,768,6.16,7.58,1.00,0.74
83,1-2,5-10,6.50,7.50,8.00,767,7.39,5.19,1.50,1.11
209,20+,40+,52.00,66.00,75.00,766,68.04,2.86,23.00,17.05
188,1-2,5-10,7.00,7.50,8.00,765,7.89,5.26,1.00,0.74
93,10-20,40+,52.00,52.00,52.00,765,53.31,4.30,0.00,0.00
229,10-20,10-20,28.50,29.00,30.00,764,30.44,2.81,1.50,1.11
92,10-20,20-40,33.96,37.69,43.45,763,39.95,3.11,9.49,7.03
70,3-5,5-10,12.50,13.50,14.50,762,13.55,3.07,2.00,1.48
263,20+,40+,60.61,72.19,80.00,760,73.65,3.13,19.39,14.37
89,3-5,10-20,13.50,15.00,16.00,757,15.97,4.00,2.50,1.85
246,0-1,20-40,13.00,13.50,14.50,757,13.71,16.11,1.50,1.11
163,10-20,10-20,29.00,30.00,30.50,754,30.35,2.84,1.50,1.11
168,5-10,10-20,18.50,21.00,25.00,752,23.33,3.15,6.50,4.82
7,5-10,40+,28.50,31.08,35.49,752,32.19,4.52,6.99,5.18
193,0-1,5-10,5.50,6.00,6.00,749,5.97,7.37,0.50,0.37
230,20+,20-40,62.50,72.50,75.50,749,71.56,3.49,13.00,9.64
170,0-1,40+,5.00,6.00,7.00,748,7.93,8.25,2.00,1.48
223,1-2,10-20,8.50,9.50,10.00,748,9.60,5.97,1.50,1.11
145,2-3,20-40,16.00,52.00,52.00,747,38.07,17.87,36.00,26.69
260,10-20,20-40,32.00,36.94,43.50,747,40.33,2.98,11.50,8.52
234,3-5,5-10,11.00,11.00,11.50,746,11.34,3.40,0.50,0.37
264,3-5,40+,24.50,26.00,28.00,746,25.46,6.43,3.50,2.59
107,2-3,40+,11.50,16.50,24.50,744,18.38,6.85,13.00,9.64
223,5-10,40+,31.00,34.00,39.45,741,36.31,4.35,8.45,6.26
75,20+,40+,62.00,68.38,77.00,738,71.25,2.95,15.00,11.12
165,10-20,40+,42.00,47.63,52.00,738,47.85,3.41,10.00,7.41
80,10-20,20-40,33.50,38.00,44.93,737,40.31,2.98,11.43,8.47
14,10-20,20-40,35.00,39.89,48.00,736,43.01,3.04,13.00,9.64
134,10-20,20-40,39.50,47.99,52.00,734,46.40,3.47,12.50,9.27
90,1-2,40+,7.00,8.50,10.50,734,10.24,6.03,3.50,2.59
82,0-1,5-10,5.50,6.00,6.50,733,6.22,7.24,1.00,0.74
243,3-5,10-20,13.50,14.50,16.00,731,15.01,3.78,2.50,1.85
142,20+,20-40,52.00,52.00,60.00,729,58.44,2.49,8.00,5.93
42,2-3,20-40,14.50,15.00,16.50,728,15.72,5.95,2.00,1.48
79,0-1,40+,4.50,5.50,6.50,728,6.41,7.61,2.00,1.48
75,1-2,20-40,13.50,14.00,15.00,723,14.51,8.13,1.50,1.11
226,3-5,5-10,11.50,13.00,52.00,723,29.48,3.75,40.50,30.02
225,10-20,40+,40.46,45.65,51.59,722,46.68,3.37,11.13,8.25
142,0-1,20-40,13.00,13.50,15.00,719,13.94,16.87,2.00,1.48
189,1-2,10-20,9.00,9.50,10.00,716,9.67,5.78,1.00,0.74
164,2-3,40+,11.50,14.00,24.00,714,17.42,5.88,12.50,9.27
229,3-5,40+,18.00,25.50,27.50,714,24.10,6.25,9.50,7.04
162,0-1,40+,5.00,6.00,7.00,714,7.32,8.43,2.00,1.48
141,2-3,40+,11.50,15.00,24.00,713,17.77,6.16,12.50,9.27
25,1-2,0-5,5.50,5.50,6.00,713,5.76,5.00,0.50,0.37
264,20+,20-40,52.00,52.00,60.00,711,59.19,2.59,8.00,5.93
33,10-20,40+,40.50,48.35,53.00,710,48.17,3.31,12.50,9.27
35,10-20,20-40,35.21,45.65,52.85,709,45.22,3.07,17.64,13.08
116,5-10,40+,30.00,33.00,35.00,709,33.22,4.15,5.00,3.71
234,20+,40+,55.02,67.00,79.50,708,74.32,2.86,24.48,18.15
151,0-1,10-20,8.00,8.00,9.00,708,8.65,10.11,1.00,0.74
72,5-10,20-40,23.50,26.50,30.50,706,28.15,3.83,7.00,5.19
61,1-2,10-20,9.00,9.50,10.50,705,10.01,5.83,1.50,1.11
127,0-1,0-5,3.50,4.00,4.50,705,6.31,8.65,1.00,0.74
229,1-2,40+,7.50,9.00,11.00,705,10.93,6.15,3.50,2.59
10,5-10,20-40,24.50,28.50,36.45,705,30.90,3.54,11.95,8.86
87,10-20,10-20,30.50,32.50,34.00,704,33.03,2.76,3.50,2.59
146,2-3,20-40,14.50,15.50,17.00,704,16.90,6.09,2.50,1.85
213,10-20,20-40,35.50,40.77,47.89,701,41.71,2.98,12.39,9.18
4,10-20,40+,44.55,52.00,52.00,701,50.23,3.15,7.45,5.52
129,1-2,0-5,5.50,6.00,6.50,697,7.55,4.66,1.00,0.74
247,2-3,10-20,10.50,11.50,12.50,696,11.72,4.75,2.00,1.48
224,10-20,40+,45.50,52.00,52.00,694,50.56,3.12,6.50,4.82
223,2-3,5-10,9.00,9.50,10.00,694,9.79,3.99,1.00,0.74
246,1-2,40+,8.00,9.50,12.00,693,11.60,6.34,4.00,2.97
186,0-1,40+,5.00,6.50,8.00,690,8.30,8.82,3.00,2.22
50,3-5,40+,19.50,26.00,27.50,688,24.31,6.11,8.00,5.93
186,3-5,5-10,10.50,11.00,11.50,688,11.64,3.42,1.00,0.74
224,0-1,10-20,8.00,8.50,9.00,687,8.55,10.00,1.00,0.74
95,3-5,10-20,13.00,14.50,16.00,687,15.84,3.85,3.00,2.22
179,10-20,20-40,34.50,39.00,43.50,686,40.30,2.94,9.00,6.67
225,1-2,5-10,6.50,7.50,8.00,685,7.36,5.19,1.50,1.11
100,3-5,5-10,11.00,11.00,11.50,684,12.26,3.41,0.50,0.37
191,10-20,20-40,38.00,46.10,53.69,683,46.71,2.96,15.69,11.63
95,10-20,40+,39.50,43.50,48.30,682,44.63,3.36,8.80,6.52
193,10-20,20-40,34.01,41.00,47.50,680,42.13,3.00,13.49,10.00
217,0-1,0-5,3.50,4.50,4.50,677,4.64,7.81,1.00,0.74
193,2-3,5-10,9.00,9.50,10.00,676,9.72,3.93,1.00,0.74
129,10-20,40+,39.00,45.00,51.55,674,46.47,3.42,12.55,9.30
17,3-5,20-40,16.50,18.50,21.50,671,19.51,4.66,5.00,3.71
234,0-1,40+,5.00,5.50,7.00,668,6.78,7.93,2.00,1.48
83,5-10,20-40,23.00,26.00,29.50,666,27.72,3.60,6.50,4.82
238,1-2,40+,7.00,8.00,9.00,666,8.40,5.38,2.00,1.48
159,5-10,20-40,24.00,27.50,32.45,666,29.20,3.69,8.45,6.26
7,3-5,5-10,11.00,11.50,12.50,663,12.16,3.41,1.50,1.11
140,2-3,40+,11.50,16.50,24.50,663,18.46,6.65,13.00,9.64
134,5-10,10-20,19.26,28.95,52.00,661,36.10,4.83,32.74,24.27
260,2-3,5-10,9.00,9.00,9.50,661,9.61,4.13,0.50,0.37
41,0-1,10-20,8.00,8.00,9.00,659,8.55,9.90,1.00,0.74
14,10-20,40+,41.00,46.50,52.00,658,47.24,3.34,11.00,8.15
17,3-5,10-20,13.17,14.50,16.00,657,15.41,3.87,2.83,2.10
45,1-2,0-5,5.50,5.50,6.00,657,6.74,5.00,0.50,0.37
113,1-2,40+,7.50,8.50,10.00,656,9.92,6.07,2.50,1.85
223,3-5,20-40,17.50,18.50,21.00,656,22.04,4.48,3.50,2.59
194,5-10,20-40,22.50,26.50,52.00,656,32.59,3.79,29.50,21.87
232,1-2,0-5,5.50,6.00,7.00,655,7.32,4.62,1.50,1.11
249,2-3,40+,10.50,12.50,23.50,653,16.04,5.29,13.00,9.64
168,10-20,20-40,35.00,40.50,48.08,653,42.25,3.02,13.08,9.70
157,5-10,10-20,52.00,52.00,52.00,648,45.96,8.52,0.00,0.00
182,10-20,20-40,37.26,42.05,48.90,646,43.07,2.97,11.64,8.63
76,3-5,10-20,14.00,15.00,17.00,645,16.59,4.12,3.00,2.22
100,2-3,40+,12.50,15.50,24.50,644,18.36,6.31,12.00,8.90
88,1-2,20-40,13.50,14.50,15.50,644,14.76,9.00,2.00,1.48
195,5-10,20-40,22.83,26.50,29.50,641,27.16,3.54,6.67,4.94
62,5-10,20-40,22.00,26.45,29.45,641,26.98,3.87,7.45,5.52
228,5-10,20-40,23.23,26.50,30.00,640,27.85,3.66,6.77,5.02
125,3-5,40+,24.50,26.00,27.50,640,25.42,6.39,3.00,2.22
255,10-20,20-40,33.00,36.50,41.50,640,38.16,2.96,8.50,6.30
37,0-1,0-5,4.00,4.50,5.00,640,5.99,7.45,1.00,0.74
112,0-1,5-10,5.50,6.00,6.00,639,6.32,7.14,0.50,0.37
80,2-3,5-10,9.00,9.50,10.00,638,10.78,4.00,1.00,0.74
71,5-10,20-40,24.00,28.22,33.21,638,30.01,3.97,9.21,6.83
97,5-10,40+,29.23,32.00,35.50,638,32.98,4.44,6.27,4.65
189,3-5,20-40,17.03,18.50,20.50,637,19.34,4.49,3.47,2.57
152,3-5,5-10,11.00,12.00,14.00,636,12.65,3.41,3.00,2.22
45,1-2,20-40,13.50,14.00,15.50,636,14.81,9.49,2.00,1.48
35,5-10,40+,29.50,35.50,41.00,636,36.86,4.51,11.50,8.52
130,5-10,20-40,23.62,28.50,34.44,634,30.24,3.57,10.82,8.02
82,10-20,20-40,33.50,36.00,42.50,631,39.45,3.03,9.00,6.67
39,5-10,40+,29.16,34.00,39.45,630,36.18,4.37,10.29,7.63
66,10-20,20-40,32.00,37.00,49.00,629,40.54,2.95,17.00,12.60
213,10-20,40+,41.33,45.50,51.19,627,46.32,3.25,9.86,7.31
141,0-1,20-40,13.00,13.50,15.00,626,13.98,17.61,2.00,1.48
223,3-5,5-10,11.50,12.00,13.50,625,17.70,3.35,2.00,1.48
137,3-5,40+,17.50,25.50,27.00,625,23.68,5.99,9.50,7.04
223,10-20,40+,40.50,47.00,56.00,625,52.83,3.47,15.50,11.49
164,0-1,40+,5.00,5.50,6.50,624,7.23,8.02,1.50,1.11
92,10-20,40+,39.53,44.50,52.00,623,46.46,3.42,12.47,9.24
65,3-5,5-10,11.50,12.00,12.50,622,12.55,3.44,1.00,0.74
225,2-3,10-20,10.50,11.50,12.50,621,11.74,4.76,2.00,1.48
246,20+,40+,52.00,61.91,76.50,620,77.26,2.71,24.50,18.16
218,5-10,20-40,23.62,28.95,38.99,618,30.89,3.82,15.37,11.39
106,0-1,0-5,4.00,4.50,5.00,617,5.12,7.14,1.00,0.74
70,10-20,10-20,29.50,30.50,31.50,617,31.72,2.73,2.00,1.48
26,10-20,40+,41.33,46.00,53.24,617,48.05,3.43,11.91,8.83
138,0-1,10-20,8.00,9.00,10.00,616,9.83,12.50,2.00,1.48
188,3-5,10-20,13.50,14.50,15.50,616,15.29,4.12,2.00,1.48
193,5-10,10-20,18.50,19.50,22.00,615,20.77,3.23,3.50,2.59
80,0-1,5-10,5.50,6.00,6.00,614,6.34,7.07,0.50,0.37
237,20+,20-40,52.00,52.00,52.00,613,55.57,2.57,0.00,0.00
265,0-1,5-10,5.50,6.00,7.00,613,16.21,7.98,1.50,1.11
233,1-2,40+,8.00,9.50,12.50,612,11.98,6.74,4.50,3.34
191,10-20,40+,49.00,53.75,57.77,608,53.83,3.18,8.77,6.50
89,2-3,10-20,11.00,12.00,12.50,608,12.11,4.80,1.50,1.11
163,0-1,40+,5.00,6.50,8.00,608,9.37,8.82,3.00,2.22
168,1-2,10-20,9.00,9.50,10.50,607,9.93,6.15,1.50,1.11
229,2-3,40+,11.00,15.00,24.50,607,17.76,6.04,13.50,10.01
17,10-20,40+,41.84,47.00,52.50,606,47.99,3.41,10.66,7.90
52,10-20,20-40,33.00,34.50,38.50,605,37.76,2.92,5.50,4.08
114,1-2,40+,7.00,8.00,9.50,603,8.78,5.71,2.50,1.85
256,1-2,0-5,5.50,6.50,7.00,603,7.12,4.22,1.50,1.11
127,1-2,5-10,6.50,7.50,8.00,599,7.55,5.32,1.50,1.11
179,2-3,5-10,8.50,9.50,10.00,599,9.45,4.00,1.50,1.11
113,2-3,40+,12.00,17.00,24.50,595,18.75,6.82,12.50,9.27
87,20+,20-40,52.00,52.00,52.00,594,54.27,2.55,0.00,0.00
254,10-20,20-40,36.93,41.99,50.33,594,43.18,3.01,13.40,9.93
166,3-5,40+,25.00,26.00,27.50,592,25.34,5.92,2.50,1.85
140,1-2,40+,7.50,8.50,10.50,590,10.39,5.86,3.00,2.22
188,10-20,20-40,35.24,40.03,48.35,590,42.56,3.14,13.11,9.72
256,10-20,20-40,34.50,39.00,47.45,590,41.40,2.98,12.95,9.60
196,5-10,10-20,20.00,25.00,52.00,589,34.10,3.42,32.00,23.72
140,20+,20-40,52.00,52.00,58.06,588,57.66,2.59,6.06,4.49
161,20+,20-40,56.00,72.50,75.00,585,69.83,3.51,19.00,14.08
146,10-20,40+,43.90,48.50,52.50,585,49.71,3.28,8.60,6.38
43,3-5,5-10,10.50,11.00,11.50,584,11.31,3.41,1.00,0.74
79,20+,40+,52.00,66.69,78.50,583,75.25,2.82,26.50,19.64
86,20+,40+,66.81,74.00,79.04,583,74.09,2.91,12.23,9.07
226,2-3,20-40,15.00,15.50,17.50,582,18.67,5.97,2.50,1.85
177,5-10,20-40,24.00,28.50,32.95,581,30.82,3.97,8.95,6.63
264,10-20,10-20,29.50,31.00,33.00,581,33.24,2.80,3.50,2.59
17,10-20,20-40,35.56,39.84,47.00,580,41.95,3.04,11.44,8.48
85,10-20,40+,42.00,47.50,53.00,579,47.20,3.28,11.00,8.15
83,0-1,0-5,3.50,4.50,5.00,578,5.59,7.50,1.50,1.11
265,2-3,10-20,10.50,11.50,12.50,577,13.82,4.78,2.00,1.48
166,20+,40+,59.50,69.69,80.50,576,72.84,3.08,21.00,15.57
265,10-20,20-40,37.50,49.00,66.00,576,57.59,3.15,28.50,21.13
4,1-2,0-5,5.50,5.50,6.00,575,6.06,5.17,0.50,0.37
76,2-3,10-20,10.50,11.50,12.50,575,11.91,4.71,2.00,1.48
80,1-2,10-20,8.50,9.00,10.00,575,9.57,5.66,1.50,1.11
88,3-5,40+,19.00,26.50,28.00,574,24.95,5.93,9.00,6.67
261,20+,20-40,52.00,52.00,52.00,573,55.20,2.46,0.00,0.00
235,5-10,20-40,23.00,27.16,32.45,571,28.32,3.69,9.45,7.01
89,1-2,5-10,7.00,7.50,8.00,571,7.75,5.19,1.00,0.74
243,0-1,5-10,5.50,6.00,6.50,570,6.22,7.59,1.00,0.74
49,10-20,20-40,35.50,40.00,47.50,569,41.92,3.04,12.00,8.90
106,5-10,20-40,22.47,25.47,28.50,569,26.11,3.61,6.03,4.47
189,0-1,5-10,5.50,6.00,6.50,567,6.13,7.41,1.00,0.74
145,5-10,40+,29.50,32.95,37.00,567,35.96,4.55,7.50,5.56
114,3-5,5-10,10.50,11.00,11.50,567,11.52,3.44,1.00,0.74
188,5-10,40+,30.00,33.50,39.26,567,35.09,4.42,9.26,6.86
49,10-20,40+,42.00,47.13,53.75,566,48.26,3.32,11.75,8.71
41,3-5,5-10,11.00,11.50,12.00,566,11.66,3.36,1.00,0.74
194,3-5,10-20,15.50,52.00,52.00,565,39.49,11.56,36.50,27.06
231,10-20,10-20,30.00,32.00,34.50,565,36.76,2.82,4.50,3.34
216,0-1,0-5,2.50,5.50,52.00,565,31.11,75.36,49.50,36.69
231,2-3,40+,10.50,12.50,19.50,564,15.70,5.00,9.00,6.67
37,5-10,40+,28.95,33.50,37.00,564,33.81,4.38,8.05,5.97
181,1-2,0-5,5.50,6.00,6.00,563,5.96,5.00,0.50,0.37
142,0-1,40+,4.50,5.50,6.00,560,6.44,7.58,1.50,1.11
182,5-10,20-40,23.50,27.44,31.50,558,27.65,3.57,8.00,5.93
76,20+,40+,61.00,66.00,71.00,558,69.44,2.89,10.00,7.41
49,0-1,5-10,5.50,6.00,6.50,557,6.26,7.23,1.00,0.74
197,5-10,20-40,24.50,28.00,35.95,557,30.25,3.70,11.45,8.49
12,5-10,40+,28.50,30.50,32.50,555,31.00,4.74,4.00,2.97
219,20+,40+,56.67,68.19,120.00,555,97.57,3.01,63.33,46.95
39,20+,40+,62.50,69.44,75.00,553,71.33,2.87,12.50,9.27
225,10-20,20-40,35.00,40.50,47.50,553,42.03,3.08,12.50,9.27
152,10-20,40+,43.50,52.00,54.50,551,50.46,3.28,11.00,8.15
238,2-3,40+,11.00,13.00,17.50,550,15.51,5.25,6.50,4.82
7,10-20,40+,40.00,45.00,51.00,549,46.35,3.33,11.00,8.15
35,3-5,20-40,17.00,18.50,21.50,547,19.72,4.68,4.50,3.34
213,5-10,10-20,18.20,21.00,28.95,547,23.33,3.31,10.75,7.97
56,5-10,10-20,23.50,52.00,52.00,547,39.79,5.77,28.50,21.13
95,2-3,10-20,10.50,11.50,12.50,546,11.85,4.64,2.00,1.48
69,10-20,40+,41.50,47.50,53.50,544,48.90,3.39,12.00,8.90
132,3-5,0-5,10.00,10.50,11.00,544,13.29,3.23,1.00,0.74
88,1-2,0-5,5.50,5.50,6.00,543,6.02,5.00,0.50,0.37
165,5-10,20-40,22.50,26.50,30.19,542,27.39,3.82,7.69,5.70
17,1-2,10-20,9.00,9.50,10.00,541,9.76,5.94,1.00,0.74
247,1-2,10-20,9.00,9.50,10.00,541,9.78,6.00,1.00,0.74
131,10-20,40+,45.82,49.39,54.20,537,50.13,3.22,8.38,6.21
106,2-3,10-20,10.50,11.00,12.00,537,11.50,4.65,1.50,1.11
62,10-20,40+,40.50,45.00,51.00,536,45.93,3.56,10.50,7.78
222,5-10,20-40,22.68,26.50,32.45,536,30.21,3.83,9.77,7.24
90,20+,40+,52.00,67.50,77.50,534,73.68,2.88,25.50,18.90
10,20+,40+,55.50,94.00,150.00,534,115.36,3.23,94.50,70.05
148,2-3,40+,10.50,11.50,13.00,534,12.84,4.64,2.50,1.85
90,2-3,40+,12.00,16.50,24.50,533,18.71,6.86,12.50,9.27
71,3-5,20-40,17.11,19.00,22.50,532,20.29,4.77,5.39,4.00
100,0-1,40+,5.00,6.00,7.50,529,7.91,8.70,2.50,1.85
247,3-5,10-20,13.50,14.50,15.50,528,15.72,3.91,2.00,1.48
260,1-2,0-5,5.50,5.50,6.00,528,6.79,4.95,0.50,0.37
140,2-3,0-5,7.50,8.00,8.00,527,8.00,3.65,0.50,0.37
97,1-2,0-5,5.50,5.50,6.00,527,5.66,5.00,0.50,0.37
141,0-1,40+,4.50,5.50,6.50,526,6.48,7.76,2.00,1.48
125,3-5,5-10,10.50,11.00,11.50,525,13.61,3.48,1.00,0.74
17,0-1,5-10,5.50,6.00,6.50,525,6.28,7.50,1.00,0.74
159,1-2,5-10,6.50,7.50,8.00,525,7.59,5.45,1.50,1.11
127,5-10,20-40,23.50,26.96,30.00,524,27.56,3.42,6.50,4.82
70,10-20,40+,39.00,43.45,50.50,524,47.18,3.37,11.50,8.52
137,20+,40+,60.50,67.00,76.00,524,73.31,2.87,15.50,11.49
209,1-2,0-5,5.50,6.00,6.50,521,6.24,4.95,1.00,0.74
39,3-5,20-40,17.00,19.00,22.45,520,20.02,4.67,5.45,4.04
158,2-3,40+,11.00,13.00,23.00,520,15.77,5.35,12.00,8.90
193,1-2,10-20,9.00,9.50,10.00,519,9.82,5.56,1.00,0.74
72,5-10,40+,30.00,35.50,39.50,519,35.57,4.48,9.50,7.04
112,1-2,10-20,8.50,9.00,9.50,518,9.36,5.71,1.00,0.74
233,3-5,40+,20.00,25.50,28.00,517,24.78,6.16,8.00,5.93
70,0-1,0-5,3.50,4.50,5.50,517,12.72,8.65,2.00,1.48
39,10-20,20-40,35.00,44.00,51.05,512,44.57,3.05,16.05,11.90
149,10-20,40+,44.26,50.50,56.09,511,51.86,3.32,11.83,8.77
36,1-2,5-10,6.50,7.00,8.00,510,7.29,5.00,1.50,1.11
33,2-3,20-40,15.00,15.50,17.00,510,16.16,6.03,2.00,1.48
26,5-10,20-40,23.64,26.61,30.49,508,28.22,3.80,6.85,5.08
1,0-1,0-5,77.50,90.00,97.00,508,86.86,888.89,19.50,14.46
106,3-5,10-20,13.50,14.50,16.00,506,15.33,3.82,2.50,1.85
107,10-20,10-20,28.50,30.00,32.00,504,32.03,2.80,3.50,2.59
197,0-1,0-5,2.50,3.00,5.00,501,17.37,15.79,2.50,1.85
247,5-10,10-20,19.35,21.50,26.00,500,24.50,3.14,6.65,4.93
137,1-2,40+,7.50,9.00,10.50,500,10.63,5.96,3.00,2.22
225,3-5,10-20,13.50,14.50,16.00,500,15.68,4.01,2.50,1.85
129,3-5,20-40,17.00,18.45,20.50,499,19.15,4.52,3.50,2.59
69,10-20,20-40,34.25,39.53,46.40,499,41.70,3.03,12.15,9.01
127,5-10,10-20,18.50,21.00,24.00,498,21.84,3.12,5.50,4.08
231,1-2,40+,7.00,8.00,9.50,498,9.10,5.60,2.50,1.85
37,10-20,20-40,35.00,40.00,47.99,498,42.21,3.04,12.99,9.63
33,1-2,0-5,5.50,5.50,6.00,498,5.75,5.00,0.50,0.37
90,0-1,20-40,13.00,13.50,14.50,498,13.77,16.67,1.50,1.11
114,2-3,40+,10.50,12.00,17.00,497,15.05,4.93,6.50,4.82
36,3-5,10-20,13.00,14.50,15.50,493,14.78,3.84,2.50,1.85
158,1-2,40+,7.50,8.50,10.00,493,9.51,5.68,2.50,1.85
162,20+,20-40,52.00,65.50,74.00,492,65.25,2.78,22.00,16.31
188,1-2,10-20,9.00,9.50,10.50,491,9.97,6.18,1.50,1.11
144,3-5,5-10,11.00,11.50,12.00,491,12.30,3.50,1.00,0.74
125,20+,40+,52.00,52.00,66.00,488,64.57,2.45,14.00,10.38
226,3-5,40+,25.95,27.50,32.50,488,31.60,6.46,6.55,4.86
55,10-20,40+,46.40,52.97,58.00,487,52.64,3.23,11.60,8.60
107,0-1,40+,4.50,5.50,6.50,485,6.45,7.81,2.00,1.48
254,10-20,40+,44.00,49.61,55.00,485,50.07,3.31,11.00,8.15
182,10-20,40+,41.50,47.50,53.50,485,47.78,3.31,12.00,8.90
168,10-20,40+,40.50,46.39,53.00,484,47.56,3.37,12.50,9.27
243,2-3,10-20,10.50,11.50,12.50,484,11.64,4.71,2.00,1.48
152,10-20,20-40,33.50,38.00,48.00,482,40.96,3.01,14.50,10.75
69,2-3,10-20,10.50,11.50,12.50,481,11.84,4.78,2.00,1.48
93,10-20,10-20,52.00,52.00,52.00,481,51.28,4.73,0.00,0.00
68,0-1,40+,4.50,5.50,6.50,480,6.76,8.00,2.00,1.48
236,2-3,0-5,7.50,7.50,7.50,480,7.54,3.64,0.00,0.00
129,5-10,40+,29.83,33.00,36.50,480,33.32,4.20,6.67,4.94
151,1-2,20-40,13.50,14.00,15.00,480,14.39,7.95,1.50,1.11
92,5-10,20-40,23.00,27.50,32.45,480,28.37,3.59,9.45,7.01
243,10-20,40+,40.00,46.50,54.38,479,47.71,3.43,14.38,10.66
158,3-5,5-10,11.00,11.50,11.50,478,11.70,3.48,0.50,0.37
36,2-3,10-20,10.00,11.00,12.00,477,11.16,4.47,2.00,1.48
255,1-2,0-5,5.50,5.50,6.00,476,5.65,5.00,0.50,0.37
40,10-20,20-40,33.50,35.50,38.50,476,37.70,2.95,5.00,3.71
229,20+,20-40,52.00,52.00,56.59,473,57.54,2.55,4.59,3.40
216,5-10,10-20,20.00,23.00,28.95,473,25.80,3.12,8.95,6.63
263,1-2,40+,7.00,8.50,10.00,473,9.73,5.56,3.00,2.22
168,3-5,20-40,16.50,18.00,20.50,472,19.40,4.67,4.00,2.97
62,3-5,20-40,17.00,19.00,21.95,472,19.76,4.70,4.95,3.67
256,2-3,20-40,15.00,15.50,17.00,472,16.79,6.09,2.00,1.48
39,3-5,10-20,13.50,15.00,16.50,472,16.36,4.13,3.00,2.22
107,0-1,20-40,13.00,13.50,14.50,471,13.77,15.79,1.50,1.11
143,2-3,40+,11.50,14.50,24.50,470,17.93,6.14,13.00,9.64
198,5-10,20-40,23.00,26.00,29.83,470,27.13,3.63,6.83,5.06
177,3-5,20-40,16.50,19.00,22.50,470,19.98,4.74,6.00,4.45
159,2-3,10-20,11.00,11.50,12.50,470,11.99,4.73,1.50,1.11
249,20+,40+,52.00,61.50,76.00,468,70.69,2.72,24.00,17.79
37,10-20,40+,41.92,46.50,53.35,467,47.97,3.40,11.43,8.47
247,10-20,20-40,34.50,41.00,50.00,467,42.41,2.96,15.50,11.49
265,3-5,10-20,13.50,14.50,16.50,466,23.38,3.91,3.00,2.22
210,10-20,40+,47.50,55.00,61.63,466,54.44,3.24,14.13,10.47
216,20+,40+,55.50,65.00,120.00,463,97.15,2.85,64.50,47.81
76,0-1,0-5,2.50,3.00,4.50,462,6.37,17.86,2.00,1.48
220,5-10,20-40,23.50,27.41,32.45,462,29.11,3.63,8.95,6.63
40,2-3,5-10,9.00,9.50,10.00,461,10.75,3.89,1.00,0.74
127,3-5,10-20,14.00,15.00,16.00,460,15.27,3.65,2.00,1.48
263,2-3,40+,10.50,12.50,23.50,457,15.82,5.13,13.00,9.64
48,20+,20-40,57.50,72.50,79.00,456,74.77,3.41,21.50,15.94
65,2-3,20-40,14.50,15.50,16.50,456,16.25,6.05,2.00,1.48
188,0-1,0-5,3.50,4.50,5.00,455,5.57,7.50,1.50,1.11
155,5-10,20-40,22.81,27.00,31.00,455,29.01,3.85,8.19,6.07
232,0-1,10-20,8.00,8.00,9.00,455,10.55,10.00,1.00,0.74
227,5-10,20-40,23.50,27.00,32.45,454,28.03,3.79,8.95,6.63
89,0-1,0-5,3.00,4.00,4.50,454,5.09,10.00,1.50,1.11
265,5-10,20-40,22.50,25.50,30.23,453,32.24,3.65,7.73,5.73
51,5-10,20-40,24.00,28.45,35.00,453,30.11,3.65,11.00,8.15
242,5-10,20-40,23.50,26.73,31.66,452,28.02,3.75,8.16,6.05
69,3-5,20-40,17.00,18.50,21.95,452,20.46,4.77,4.95,3.67
243,10-20,20-40,33.00,36.17,44.50,451,39.55,3.07,11.50,8.52
228,1-2,5-10,7.00,7.50,8.00,450,8.82,5.00,1.00,0.74
4,5-10,40+,29.50,32.50,35.50,450,32.83,4.27,6.00,4.45
130,5-10,10-20,18.50,21.50,28.95,449,24.45,3.23,10.45,7.75
203,10-20,20-40,40.00,47.91,54.25,448,48.80,3.04,14.25,10.56
56,10-20,20-40,35.00,40.39,52.00,448,42.59,3.21,17.00,12.60
21,10-20,40+,42.44,48.68,58.00,448,50.04,3.39,15.56,11.53
119,5-10,20-40,24.21,27.50,32.24,447,29.20,3.55,8.03,5.95
113,3-5,5-10,10.50,11.00,11.50,446,11.20,3.38,1.00,0.74
132,0-1,5-10,5.50,6.00,7.00,446,15.24,10.87,1.50,1.11
255,5-10,40+,28.50,31.00,33.00,446,31.20,4.54,4.50,3.34
72,2-3,10-20,11.00,12.00,13.00,445,12.11,4.75,2.00,1.48
203,10-20,40+,43.45,51.05,58.73,445,51.15,3.40,15.28,11.33
61,0-1,5-10,5.50,6.00,6.50,445,6.46,7.65,1.00,0.74
254,5-10,20-40,25.00,28.50,35.95,444,30.26,3.55,10.95,8.12
196,3-5,10-20,14.00,15.00,16.50,444,16.60,3.75,2.50,1.85
35,2-3,10-20,11.00,12.00,13.00,444,12.35,4.75,2.00,1.48
239,0-1,40+,4.00,5.00,5.50,443,5.26,7.39,1.50,1.11
262,20+,40+,64.00,78.00,85.37,443,78.71,3.32,21.37,15.84
90,3-5,5-10,10.50,11.00,11.50,442,11.23,3.43,1.00,0.74
148,1-2,40+,7.50,8.00,9.00,442,8.46,5.52,1.50,1.11
32,10-20,40+,44.45,49.50,56.00,442,49.86,3.32,11.55,8.56
171,10-20,40+,40.50,47.50,53.00,440,47.96,3.40,12.50,9.27
70,1-2,5-10,7.00,7.50,8.00,440,7.75,5.00,1.00,0.74
62,2-3,10-20,11.00,11.95,13.00,439,12.01,4.74,2.00,1.48
177,10-20,40+,42.50,50.25,58.88,438,51.51,3.36,16.38,12.14
141,20+,20-40,52.00,52.00,55.00,437,56.54,2.58,3.00,2.22
134,10-20,40+,44.93,50.83,52.00,435,49.81,3.42,7.07,5.24
14,5-10,10-20,19.48,22.00,28.95,433,25.28,3.21,9.47,7.02
133,5-10,20-40,23.00,25.95,30.99,433,27.79,3.71,7.99,5.92
258,10-20,20-40,36.00,42.18,48.35,431,42.67,3.02,12.35,9.15
263,0-1,40+,4.00,5.00,5.50,430,5.87,7.61,1.50,1.11
233,2-3,40+,11.00,14.00,24.00,430,17.40,5.83,13.00,9.64
91,3-5,20-40,17.00,18.50,21.95,429,19.72,4.59,4.95,3.67
40,1-2,0-5,5.50,5.50,5.50,428,5.58,5.00,0.00,0.00
148,20+,40+,52.00,67.00,85.00,427,79.49,2.76,33.00,24.46
216,3-5,5-10,52.00,52.00,52.00,427,44.63,12.68,0.00,0.00
138,1-2,20-40,14.00,15.00,16.50,426,15.56,9.75,2.50,1.85
135,10-20,40+,41.00,45.00,49.50,426,46.32,3.32,8.50,6.30
220,10-20,20-40,34.53,40.00,45.71,425,41.11,3.08,11.18,8.29
139,10-20,40+,45.65,53.75,60.00,425,53.63,3.29,14.35,10.64
235,10-20,20-40,34.50,42.00,47.00,424,41.77,3.13,12.50,9.27
255,2-3,20-40,14.50,15.50,16.50,423,15.74,5.85,2.00,1.48
62,1-2,5-10,7.00,7.50,8.00,421,7.51,5.14,1.00,0.74
69,1-2,5-10,7.00,7.50,8.00,421,7.82,5.36,1.00,0.74
225,0-1,0-5,4.00,4.50,5.00,420,5.89,7.69,1.00,0.74
121,10-20,20-40,35.50,39.89,45.50,419,40.81,3.03,10.00,7.41
209,1-2,20-40,13.50,14.00,15.50,419,14.99,9.25,2.00,1.48
78,5-10,20-40,22.83,26.33,30.00,418,27.04,3.75,7.17,5.32
243,1-2,10-20,9.00,9.50,10.00,418,9.75,6.07,1.00,0.74
256,5-10,40+,28.95,31.00,34.50,418,32.33,4.58,5.55,4.11
76,1-2,5-10,7.00,7.50,8.00,415,7.84,5.26,1.00,0.74
239,5-10,5-10,15.50,16.00,17.00,415,16.57,3.03,1.50,1.11
52,5-10,40+,30.00,32.50,35.00,415,32.98,4.22,5.00,3.71
205,5-10,20-40,24.00,28.95,35.95,414,30.58,3.61,11.95,8.86
90,0-1,40+,5.00,5.50,6.50,414,6.61,7.86,1.50,1.11
210,5-10,20-40,23.50,27.73,33.20,413,30.67,3.81,9.70,7.19
146,5-10,40+,29.50,32.00,35.00,412,32.94,4.37,5.50,4.08
258,10-20,40+,42.50,47.00,53.03,412,47.95,3.38,10.53,7.81
143,20+,20-40,52.00,52.00,52.00,410,56.51,2.46,0.00,0.00
247,10-20,40+,40.50,46.50,52.00,410,47.61,3.30,11.50,8.52
85,3-5,20-40,16.50,18.50,21.95,409,20.01,4.83,5.45,4.04
215,5-10,20-40,24.10,28.00,35.95,409,30.30,3.63,11.85,8.78
144,2-3,40+,11.50,13.50,24.00,409,17.33,5.49,12.50,9.27
35,3-5,10-20,13.50,14.50,16.00,409,16.19,4.19,2.50,1.85
91,10-20,20-40,36.50,41.00,50.20,407,43.58,3.09,13.70,10.16
131,10-20,20-40,38.97,45.43,50.69,406,45.70,3.00,11.72,8.69
249,0-1,40+,4.50,5.50,6.00,404,6.53,7.64,1.50,1.11
72,3-5,20-40,16.93,18.50,22.00,404,19.82,4.75,5.07,3.76
81,10-20,20-40,36.00,41.50,47.99,404,42.67,3.00,11.99,8.89
177,10-20,20-40,34.50,44.10,53.00,400,44.33,3.04,18.50,13.71
50,1-2,40+,7.00,8.50,11.00,398,10.68,5.85,4.00,2.97
4,0-1,10-20,8.00,8.50,9.00,398,8.46,10.00,1.00,0.74
50,10-20,10-20,29.00,30.50,32.50,398,33.45,2.81,3.50,2.59
37,1-2,10-20,9.00,9.50,10.00,397,9.68,5.63,1.00,0.74
51,20+,40+,59.75,66.00,69.50,395,66.02,2.94,9.75,7.23
235,3-5,10-20,14.00,15.00,16.50,393,16.54,3.95,2.50,1.85
77,5-10,20-40,22.50,26.50,31.00,392,28.45,4.04,8.50,6.30
116,3-5,5-10,11.50,12.00,12.50,391,12.19,3.45,1.00,0.74
89,5-10,40+,28.77,32.45,36.50,391,32.99,4.24,7.73,5.73
22,10-20,40+,43.30,49.00,53.50,389,49.23,3.33,10.20,7.56
143,1-2,40+,7.50,9.00,11.50,389,11.30,5.80,4.00,2.97
95,5-10,40+,30.50,35.00,38.00,388,35.28,3.93,7.50,5.56
74,1-2,20-40,13.50,14.00,15.00,387,14.59,8.68,1.50,1.11
116,2-3,20-40,14.50,15.00,16.00,387,15.48,5.96,1.50,1.11
210,10-20,20-40,37.50,45.18,53.03,386,45.75,2.90,15.53,11.51
136,5-10,20-40,22.61,26.50,32.00,386,27.82,3.63,9.39,6.96
82,5-10,40+,30.69,36.00,52.00,385,39.16,4.45,21.31,15.80
88,5-10,5-10,15.50,16.00,17.00,384,16.43,3.01,1.50,1.11
26,3-5,20-40,17.00,19.00,22.00,384,20.04,4.78,5.00,3.71
238,5-10,5-10,16.00,16.50,17.50,383,17.01,3.00,1.50,1.11
233,20+,20-40,52.00,56.00,73.50,383,64.76,2.68,21.50,15.94
91,3-5,10-20,14.00,15.00,16.97,383,16.53,4.12,2.97,2.20
155,10-20,20-40,33.50,41.00,52.00,382,43.38,2.90,18.50,13.71
250,5-10,20-40,23.50,26.33,30.19,381,27.36,3.72,6.69,4.96
260,5-10,40+,30.00,33.00,40.50,381,37.21,4.77,10.50,7.78
124,10-20,20-40,36.08,43.73,53.50,381,46.01,3.05,17.42,12.91
91,2-3,10-20,11.00,12.00,13.00,381,12.26,4.76,2.00,1.48
244,20+,40+,55.30,67.00,78.00,381,72.34,2.86,22.70,16.83
42,0-1,10-20,8.00,8.50,9.00,381,8.71,10.61,1.00,0.74
137,10-20,10-20,29.00,30.12,32.50,380,32.95,2.81,3.50,2.59
220,10-20,40+,42.50,47.50,52.50,379,48.14,3.34,10.00,7.41
166,1-2,20-40,13.50,14.00,15.00,379,14.53,8.42,1.50,1.11
238,0-1,40+,4.50,5.00,5.50,379,5.84,7.07,1.00,0.74
91,5-10,40+,28.50,32.45,36.45,378,33.70,4.37,7.95,5.89
200,10-20,20-40,34.50,38.54,45.71,378,40.95,3.08,11.21,8.31
39,2-3,10-20,11.00,12.00,13.00,378,12.43,4.63,2.00,1.48
181,2-3,20-40,14.50,15.50,17.00,377,16.13,6.20,2.50,1.85
42,20+,40+,60.50,66.00,75.50,377,70.17,2.92,15.00,11.12
257,5-10,20-40,23.71,27.44,30.19,377,27.55,3.42,6.48,4.80
10,0-1,0-5,2.50,4.00,20.00,377,17.51,25.00,17.50,12.97
24,3-5,5-10,11.00,12.00,13.00,375,12.10,3.40,2.00,1.48
137,2-3,40+,11.00,13.50,24.00,375,17.18,5.77,13.00,9.64
43,20+,20-40,52.00,52.00,71.50,375,58.54,2.56,19.50,14.46
168,0-1,5-10,5.50,6.00,6.50,375,7.26,7.69,1.00,0.74
134,0-1,0-5,3.00,4.50,18.73,374,17.31,11.54,15.73,11.66
25,2-3,20-40,14.50,15.50,16.50,374,15.98,5.96,2.00,1.48
242,10-20,40+,42.73,48.49,53.75,372,48.57,3.19,11.02,8.17
123,10-20,40+,42.73,47.63,53.39,371,48.63,3.38,10.66,7.90
231,20+,20-40,52.00,52.00,61.50,370,59.25,2.59,9.50,7.04
262,2-3,0-5,7.50,8.00,8.50,369,8.16,3.57,1.00,0.74
216,3-5,10-20,14.00,15.50,21.95,369,19.21,3.95,7.95,5.89
142,10-20,10-20,29.50,30.00,31.00,369,30.64,2.83,1.50,1.11
43,0-1,20-40,13.00,13.50,14.50,369,13.97,16.09,1.50,1.11
265,5-10,10-20,20.00,25.50,56.25,368,45.76,3.39,36.25,26.87
137,0-1,20-40,13.00,13.50,14.50,366,14.30,16.07,1.50,1.11
229,0-1,40+,5.00,5.50,7.00,366,7.44,8.21,2.00,1.48
78,10-20,20-40,35.00,40.59,47.63,365,41.68,3.07,12.63,9.36
144,1-2,40+,7.50,8.50,10.00,365,9.46,5.67,2.50,1.85
121,5-10,20-40,22.50,27.50,32.45,365,28.55,3.61,9.95,7.38
28,5-10,20-40,24.50,28.50,35.92,364,30.68,3.62,11.42,8.47
225,1-2,10-20,9.00,9.50,10.50,363,9.88,6.00,1.50,1.11
124,10-20,40+,39.00,46.00,54.00,363,48.49,3.46,15.00,11.12
89,1-2,10-20,9.00,10.00,11.00,362,10.23,6.18,2.00,1.48
196,10-20,20-40,34.36,39.00,48.13,362,41.40,3.11,13.77,10.21
10,3-5,10-20,13.50,15.00,17.00,362,17.03,3.90,3.50,2.59
235,10-20,40+,40.00,45.50,52.50,361,46.98,3.42,12.50,9.27
36,0-1,0-5,3.50,4.50,5.00,360,5.69,7.14,1.50,1.11
166,0-1,10-20,8.00,8.50,9.00,360,8.90,10.00,1.00,0.74
85,5-10,20-40,22.00,26.50,30.91,360,27.51,3.84,8.91,6.60
159,0-1,0-5,3.50,4.50,5.00,360,5.24,8.33,1.50,1.11
122,10-20,20-40,38.28,45.48,51.19,359,45.62,3.04,12.91,9.57
17,5-10,40+,29.48,33.00,37.50,358,34.29,4.36,8.02,5.95
160,5-10,20-40,24.50,28.00,32.95,356,30.64,3.61,8.45,6.26
80,10-20,40+,39.50,45.65,51.50,356,46.30,3.43,12.00,8.90
41,20+,40+,62.09,68.50,78.50,354,71.33,2.98,16.41,12.16
135,5-10,20-40,24.50,28.00,33.00,354,29.97,3.47,8.50,6.30
74,20+,40+,64.00,70.50,77.00,350,76.55,2.91,13.00,9.64
265,1-2,0-5,6.00,45.00,85.00,349,56.74,36.04,79.00,58.56
117,10-20,40+,43.00,49.56,54.66,349,51.18,3.34,11.66,8.64
152,5-10,40+,29.50,32.50,35.00,349,32.71,4.27,5.50,4.08
42,3-5,5-10,11.50,12.00,13.00,349,12.40,3.38,1.50,1.11
165,3-5,20-40,16.50,18.50,22.00,348,19.88,4.67,5.50,4.08
62,5-10,40+,29.50,33.00,37.50,347,34.36,4.42,8.00,5.93
69,3-5,10-20,13.50,15.00,16.00,346,16.45,3.96,2.50,1.85
78,10-20,40+,42.59,48.35,53.03,345,48.29,3.37,10.44,7.74
138,3-5,40+,15.50,25.00,28.50,345,24.24,5.61,13.00,9.64
228,2-3,10-20,10.50,11.50,12.50,345,11.84,4.63,2.00,1.48
101,10-20,20-40,39.50,45.84,56.09,344,47.37,2.89,16.59,12.30
265,20+,40+,65.00,85.00,133.00,344,113.59,2.98,68.00,50.41
95,0-1,5-10,5.50,6.00,6.50,343,6.29,7.53,1.00,0.74
213,5-10,40+,29.00,32.45,36.00,343,32.60,4.00,7.00,5.19
129,3-5,5-10,11.00,12.00,13.00,342,12.46,3.36,2.00,1.48
77,10-20,40+,46.00,52.50,58.43,342,52.19,3.29,12.43,9.21
242,10-20,20-40,35.54,42.33,48.00,342,42.81,3.01,12.46,9.24
228,3-5,20-40,17.00,18.50,21.00,342,20.71,4.83,4.00,2.97
22,5-10,20-40,25.00,27.67,32.45,342,28.88,3.60,7.45,5.52
72,10-20,20-40,34.97,40.50,48.35,342,42.27,3.17,13.38,9.92
222,10-20,20-40,37.79,45.65,53.75,341,45.68,2.98,15.96,11.83
217,5-10,20-40,23.00,26.00,29.73,340,27.20,3.63,6.73,4.99
177,5-10,40+,30.21,33.50,38.00,340,35.69,4.48,7.79,5.77
32,10-20,20-40,36.50,42.50,46.73,339,42.44,3.06,10.23,7.58
211,2-3,40+,11.00,13.00,24.00,338,16.86,5.37,13.00,9.64
260,3-5,5-10,11.50,12.50,50.00,338,23.38,3.48,38.50,28.54
217,1-2,5-10,6.50,7.00,8.00,338,7.76,5.51,1.50,1.11
92,5-10,10-20,19.00,21.99,27.50,337,24.06,3.19,8.50,6.30
228,3-5,10-20,13.50,14.50,16.00,337,17.80,4.09,2.50,1.85
112,10-20,20-40,33.00,37.00,43.00,336,39.52,2.93,10.00,7.41
263,10-20,10-20,28.87,31.00,39.89,336,33.56,2.82,11.02,8.17
159,3-5,10-20,13.50,14.50,16.00,336,15.60,3.88,2.50,1.85
167,5-10,20-40,23.75,27.50,31.00,336,28.40,3.69,7.25,5.37
228,0-1,0-5,4.00,4.50,5.00,335,7.50,7.14,1.00,0.74
69,0-1,0-5,3.50,4.50,5.00,334,5.77,8.33,1.50,1.11
194,5-10,10-20,19.50,52.00,52.00,334,37.86,6.82,32.50,24.09
28,5-10,10-20,18.98,22.00,28.95,334,26.84,3.17,9.97,7.39
203,20+,40+,60.50,67.20,74.19,334,69.28,3.03,13.69,10.15
159,1-2,10-20,9.00,9.50,10.50,333,9.82,6.18,1.50,1.11
151,20+,20-40,52.00,52.00,73.00,333,63.46,2.60,21.00,15.57
244,2-3,20-40,14.50,15.50,16.50,333,15.80,5.97,2.00,1.48
55,10-20,20-40,37.00,43.00,51.00,333,45.13,3.00,14.00,10.38
168,1-2,0-5,5.00,5.50,6.00,332,5.80,5.00,1.00,0.74
137,2-3,0-5,7.50,8.00,8.00,332,8.19,3.63,0.50,0.37
113,0-1,40+,4.50,5.50,6.50,331,6.00,7.76,2.00,1.48
202,5-10,20-40,22.19,25.00,28.00,330,25.44,3.64,5.81,4.31
69,5-10,40+,30.30,35.00,39.45,330,34.66,4.24,9.15,6.78
85,10-20,20-40,36.00,41.50,45.29,330,41.64,3.08,9.29,6.89
83,2-3,10-20,10.50,11.00,12.00,330,11.86,4.66,1.50,1.11
45,3-5,5-10,11.00,12.50,13.50,330,12.44,3.36,2.50,1.85
247,3-5,20-40,17.00,18.00,19.50,330,18.75,4.69,2.50,1.85
179,3-5,5-10,11.50,12.00,12.50,329,12.60,3.40,1.00,0.74
241,10-20,40+,45.29,50.69,56.50,329,52.14,3.35,11.21,8.31
179,5-10,40+,28.50,31.00,35.00,329,32.11,4.66,6.50,4.82
82,3-5,20-40,17.00,18.00,20.00,329,19.32,4.50,3.00,2.22
211,1-2,40+,7.50,8.50,9.50,329,9.28,5.68,2.00,1.48
205,20+,40+,58.71,63.89,70.45,328,65.11,2.87,11.74,8.70
134,5-10,20-40,23.15,27.00,32.00,327,29.58,3.60,8.85,6.56
179,10-20,40+,40.50,46.00,51.50,326,47.13,3.35,11.00,8.15
247,0-1,5-10,5.50,6.00,6.50,326,6.64,7.50,1.00,0.74
210,20+,40+,61.00,66.00,69.50,325,66.45,2.94,8.50,6.30
47,5-10,20-40,23.29,28.00,32.54,325,28.97,3.74,9.25,6.86
121,10-20,40+,41.50,45.48,50.50,324,46.56,3.41,9.00,6.67
164,10-20,10-20,30.00,31.50,33.00,324,34.35,2.83,3.00,2.22
97,2-3,20-40,14.50,15.50,16.50,323,15.90,5.89,2.00,1.48
211,3-5,5-10,10.50,11.00,11.50,323,11.64,3.47,1.00,0.74
228,10-20,20-40,34.09,39.50,46.50,323,41.66,3.01,12.41,9.20
262,2-3,40+,11.00,12.50,17.00,322,15.17,5.17,6.00,4.45
51,3-5,10-20,13.50,15.00,17.28,321,16.78,3.94,3.78,2.80
53,10-20,20-40,38.00,43.50,45.20,321,42.39,2.93,7.20,5.34
177,3-5,10-20,13.71,15.00,16.00,321,16.28,4.06,2.29,1.70
223,20+,40+,75.45,120.00,150.00,321,125.55,3.82,74.55,55.26
159,10-20,40+,41.50,48.00,55.50,321,49.13,3.34,14.00,10.38
82,10-20,40+,40.00,44.00,52.00,320,46.44,3.34,12.00,8.90
49,5-10,40+,29.45,32.50,36.00,319,33.48,4.37,6.55,4.86
119,10-20,20-40,35.67,41.81,48.94,317,43.36,2.97,13.27,9.84
26,1-2,10-20,9.00,10.00,11.00,317,10.07,6.54,2.00,1.48
95,1-2,10-20,9.00,9.50,10.50,316,9.76,6.16,1.50,1.11
83,3-5,10-20,13.00,14.50,16.00,316,15.15,3.79,3.00,2.22
190,1-2,5-10,7.00,7.50,8.00,316,7.50,5.10,1.00,0.74
62,3-5,10-20,13.50,15.00,16.00,315,15.81,4.03,2.50,1.85
114,0-1,40+,5.00,5.50,6.00,315,6.01,7.58,1.00,0.74
140,5-10,5-10,16.00,17.00,18.00,315,17.19,2.95,2.00,1.48
138,2-3,0-5,8.00,8.50,9.00,315,9.50,3.54,1.00,0.74
132,1-2,10-20,9.00,10.00,11.50,314,14.91,6.45,2.50,1.85
92,3-5,10-20,13.50,14.50,16.50,313,16.21,3.87,3.00,2.22
256,10-20,40+,44.00,52.00,52.00,313,50.51,3.44,8.00,5.93
164,20+,20-40,59.00,73.00,79.00,313,74.56,3.48,20.00,14.83
174,10-20,20-40,35.50,41.00,47.97,313,42.59,3.03,12.47,9.24
140,0-1,20-40,13.00,13.50,15.00,312,13.82,16.67,2.00,1.48
41,3-5,40+,22.00,26.00,27.50,312,25.10,5.80,5.50,4.08
242,3-5,10-20,13.50,15.00,16.50,312,16.34,3.99,3.00,2.22
213,3-5,10-20,14.08,15.20,17.50,312,17.58,3.81,3.42,2.54
196,1-2,5-10,6.50,7.50,8.00,311,7.58,5.25,1.50,1.11
228,10-20,40+,40.39,45.65,52.50,311,47.53,3.33,12.11,8.98
139,10-20,20-40,39.04,46.40,53.00,311,47.32,2.98,13.96,10.35
224,5-10,40+,29.45,32.00,36.50,311,33.50,4.32,7.05,5.23
66,1-2,0-5,5.50,6.00,6.50,310,8.94,4.40,1.00,0.74
38,10-20,20-40,43.33,50.70,59.29,310,51.26,3.05,15.96,11.83
168,2-3,5-10,8.50,9.00,9.50,310,9.57,3.99,1.00,0.74
217,0-1,5-10,5.50,6.00,6.50,309,6.46,7.86,1.00,0.74
220,5-10,10-20,19.00,23.81,29.45,309,25.60,3.24,10.45,7.75
82,2-3,5-10,9.00,9.00,10.00,309,9.65,4.09,1.00,0.74
130,3-5,10-20,13.50,15.00,17.00,308,17.01,3.96,3.50,2.59
88,20+,20-40,52.00,52.00,57.50,308,56.14,2.55,5.50,4.08
145,3-5,5-10,11.50,12.50,52.00,308,24.84,3.53,40.50,30.02
200,10-20,40+,42.50,46.50,51.61,307,47.70,3.45,9.11,6.75
24,3-5,40+,22.00,26.00,27.00,307,24.56,6.03,5.00,3.71
194,10-20,20-40,35.50,43.00,52.00,307,45.46,3.07,16.50,12.23
233,5-10,5-10,15.50,16.00,16.00,306,16.17,3.04,0.50,0.37
38,10-20,40+,48.93,54.50,64.00,306,56.41,3.27,15.07,11.17
169,10-20,40+,44.22,50.50,56.00,305,50.32,3.32,11.78,8.73
217,2-3,10-20,10.50,11.50,12.00,305,11.69,4.52,1.50,1.11
87,5-10,5-10,15.50,16.00,16.50,305,16.00,3.04,1.00,0.74
16,10-20,20-40,34.50,39.00,46.15,304,41.29,2.99,11.65,8.64
122,10-20,40+,45.80,51.05,56.00,304,50.77,3.24,10.20,7.56
26,2-3,10-20,11.00,12.00,13.00,304,12.28,4.93,2.00,1.48
81,10-20,40+,44.50,49.63,55.50,303,50.01,3.29,11.00,8.15
152,2-3,20-40,14.50,15.00,16.00,303,15.48,5.87,1.50,1.11
159,3-5,20-40,16.50,18.50,21.00,303,19.67,4.85,4.50,3.34
189,10-20,40+,40.50,45.00,52.00,302,46.62,3.40,11.50,8.52
140,0-1,40+,4.50,5.50,6.50,302,6.59,7.83,2.00,1.48
229,2-3,0-5,7.50,7.50,7.50,302,7.53,3.64,0.00,0.00
124,5-10,20-40,23.50,27.00,31.50,302,28.89,3.68,8.00,5.93
136,10-20,20-40,35.00,39.50,48.35,302,42.02,3.12,13.35,9.90
141,10-20,10-20,28.50,29.00,30.50,301,30.69,2.82,2.00,1.48
141,2-3,0-5,7.50,7.50,8.00,301,7.92,3.64,0.50,0.37
218,3-5,10-20,13.50,14.50,18.08,301,16.73,4.02,4.58,3.40
66,5-10,40+,29.50,32.50,35.50,301,32.99,4.25,6.00,4.45
52,10-20,40+,40.00,45.00,52.00,301,47.02,3.32,12.00,8.90
86,10-20,40+,45.50,53.00,59.65,301,55.00,3.45,14.15,10.49
140,10-20,10-20,28.50,29.00,31.35,301,30.84,2.80,2.85,2.11
264,0-1,20-40,13.00,13.50,14.50,300,13.79,16.67,1.50,1.11
66,3-5,5-10,11.50,12.00,12.50,300,12.19,3.43,1.00,0.74
153,10-20,20-40,38.77,44.77,53.44,299,45.69,3.20,14.67,10.87
265,10-20,40+,46.50,52.00,59.00,298,56.93,3.33,12.50,9.27
71,10-20,20-40,35.00,40.50,47.99,298,42.09,3.18,12.99,9.63
264,1-2,40+,7.50,9.00,11.00,297,10.95,6.03,3.50,2.59
123,5-10,20-40,23.00,27.00,32.00,297,28.80,4.00,9.00,6.67
263,2-3,0-5,7.50,7.50,7.50,297,7.46,3.64,0.00,0.00
21,5-10,20-40,23.00,28.50,32.50,296,29.19,3.71,9.50,7.04
76,5-10,10-20,19.50,23.00,32.45,296,27.17,3.24,12.95,9.60
43,0-1,40+,5.00,5.50,6.50,296,7.17,7.69,1.50,1.11
114,20+,40+,52.00,66.50,79.00,295,75.00,2.81,27.00,20.01
98,10-20,40+,42.50,46.50,51.50,295,47.51,3.24,9.00,6.67
239,10-20,10-20,28.50,29.50,30.00,295,30.58,2.83,1.50,1.11
211,20+,40+,52.00,52.00,66.00,295,63.91,2.51,14.00,10.38
222,10-20,40+,43.74,53.00,64.19,294,54.06,3.38,20.45,15.16
69,1-2,10-20,9.00,9.50,10.50,294,10.12,5.88,1.50,1.11
212,5-10,20-40,22.83,25.50,29.50,293,26.81,3.62,6.67,4.94
10,5-10,10-20,20.51,23.53,31.49,292,26.78,3.23,10.98,8.14
219,5-10,20-40,23.50,27.50,33.00,292,30.03,3.56,9.50,7.04
18,10-20,40+,44.03,49.00,56.09,292,50.01,3.25,12.06,8.94
193,10-20,40+,39.50,46.80,52.00,292,47.64,3.27,12.50,9.27
171,10-20,20-40,35.00,39.89,45.00,292,40.51,3.09,10.00,7.41
151,1-2,40+,7.00,8.00,9.00,291,8.14,5.38,2.00,1.48
231,0-1,20-40,13.00,13.50,15.50,291,14.43,17.58,2.50,1.85
175,10-20,40+,47.00,51.19,57.00,290,52.95,3.29,10.00,7.41
119,5-10,10-20,19.50,23.52,28.76,290,25.65,3.14,9.26,6.86
63,5-10,20-40,22.79,26.00,30.00,290,27.51,3.94,7.21,5.34
117,20+,40+,65.50,72.03,77.95,290,72.40,2.89,12.45,9.23
262,1-2,40+,7.00,8.00,9.50,289,9.34,5.80,2.50,1.85
177,2-3,10-20,11.00,11.50,13.00,289,12.20,4.75,2.00,1.48
148,0-1,40+,4.50,5.50,6.00,288,6.03,8.06,1.50,1.11
170,20+,20-40,56.00,71.50,74.50,288,70.79,3.38,18.50,13.71
7,2-3,20-40,14.50,15.50,17.00,288,16.06,6.00,2.50,1.85
72,1-2,5-10,7.00,7.50,8.00,288,8.45,5.42,1.00,0.74
169,5-10,20-40,23.37,27.50,31.50,288,28.61,3.71,8.13,6.03
241,5-10,20-40,23.00,25.50,29.50,288,27.17,3.63,6.50,4.82
190,2-3,10-20,10.50,11.50,12.50,287,11.56,4.71,2.00,1.48
36,3-5,20-40,17.00,18.00,20.50,287,19.42,4.45,3.50,2.59
106,1-2,10-20,9.00,9.50,10.50,286,9.78,5.94,1.50,1.11
77,10-20,20-40,37.00,45.65,53.00,286,45.71,3.02,16.00,11.86
18,10-20,20-40,35.59,44.93,50.33,286,44.81,3.14,14.74,10.93
194,3-5,20-40,17.50,45.00,52.00,285,35.84,9.13,34.50,25.57
217,3-5,20-40,17.00,19.00,21.95,285,20.22,4.84,4.95,3.67
10,2-3,10-20,10.50,11.50,12.00,285,11.59,4.43,1.50,1.11
50,0-1,20-40,13.00,13.50,15.00,285,14.28,17.09,2.00,1.48
146,3-5,5-10,11.00,11.00,11.50,285,12.03,3.44,0.50,0.37
106,3-5,20-40,17.50,19.00,21.00,285,19.64,4.60,3.50,2.59
258,5-10,20-40,23.69,28.00,30.50,285,28.42,3.55,6.81,5.05
52,0-1,10-20,8.00,8.50,9.00,285,8.60,10.94,1.00,0.74
136,10-20,40+,42.50,48.49,55.00,284,50.14,3.34,12.50,9.27
68,10-20,10-20,29.00,30.00,32.00,283,35.55,2.86,3.00,2.22
257,10-20,20-40,33.00,39.27,45.29,283,39.87,3.03,12.29,9.11
112,1-2,0-5,5.50,5.50,6.00,283,5.76,5.08,0.50,0.37
83,5-10,10-20,19.00,21.00,24.00,282,22.83,3.12,5.00,3.71
231,0-1,40+,4.50,5.50,6.50,282,7.12,8.04,2.00,1.48
40,5-10,40+,30.50,33.00,35.00,281,33.08,4.10,4.50,3.34
209,3-5,40+,18.00,25.50,27.50,281,24.08,6.06,9.50,7.04
189,10-20,20-40,34.00,36.50,42.00,281,38.77,3.09,8.00,5.93
197,5-10,10-20,18.50,22.00,28.00,280,26.44,3.19,9.50,7.04
196,0-1,0-5,4.00,4.50,5.00,280,7.24,8.14,1.00,0.74
26,0-1,5-10,6.00,6.00,7.00,279,6.66,8.51,1.00,0.74
50,2-3,40+,11.00,14.50,24.00,278,17.59,5.92,13.00,9.64
47,10-20,40+,41.00,47.58,53.75,277,50.56,3.39,12.75,9.45
155,20+,40+,66.00,71.00,76.00,277,72.97,2.94,10.00,7.41
195,3-5,10-20,13.50,15.00,16.00,276,17.17,3.77,2.50,1.85
190,5-10,20-40,22.00,25.00,28.95,276,26.25,3.73,6.95,5.15
28,0-1,0-5,3.00,4.00,5.00,276,7.84,8.93,2.00,1.48
49,1-2,0-5,5.50,5.50,6.00,275,6.05,5.00,0.50,0.37
174,5-10,20-40,23.00,26.36,30.00,275,27.28,3.54,7.00,5.19
139,20+,40+,60.43,65.00,74.44,275,69.21,2.89,14.01,10.39
264,2-3,40+,11.00,15.00,24.50,274,18.00,6.10,13.50,10.01
3,10-20,40+,42.95,47.14,52.50,274,48.19,3.26,9.55,7.08
246,10-20,10-20,29.00,30.00,33.50,274,36.91,2.84,4.50,3.34
243,3-5,20-40,17.00,18.00,19.50,273,19.10,4.53,2.50,1.85
56,10-20,40+,41.50,48.89,53.53,273,49.81,3.43,12.03,8.92
71,2-3,10-20,11.00,11.50,13.00,273,12.50,4.79,2.00,1.48
255,10-20,40+,41.50,46.00,51.50,273,47.47,3.25,10.00,7.41
167,10-20,20-40,34.50,39.40,48.49,273,41.66,3.04,13.99,10.37
159,10-20,20-40,36.00,42.00,48.35,272,42.89,3.01,12.35,9.15
157,10-20,20-40,40.70,52.00,52.00,272,48.69,3.93,11.30,8.38
195,10-20,20-40,34.00,37.00,46.50,271,40.95,3.00,12.50,9.27
202,0-1,0-5,3.50,4.00,5.00,271,8.42,7.03,1.50,1.11
66,2-3,20-40,15.00,15.50,17.00,270,16.19,6.02,2.00,1.48
66,10-20,40+,43.00,51.50,53.50,270,49.57,3.34,10.50,7.78
83,1-2,10-20,8.50,9.50,10.00,270,9.48,5.79,1.50,1.11
202,1-2,5-10,6.50,7.50,8.00,269,8.51,4.97,1.50,1.11
62,10-20,20-40,34.00,37.75,45.65,269,39.77,3.13,11.65,8.64
97,0-1,10-20,8.00,8.50,9.00,269,8.61,10.31,1.00,0.74
209,10-20,10-20,30.00,31.50,33.00,269,32.14,2.78,3.00,2.22
265,3-5,20-40,17.00,18.50,20.50,268,23.71,4.76,3.50,2.59
113,20+,40+,52.00,62.50,76.83,268,72.83,2.80,24.83,18.41
72,3-5,10-20,13.50,14.50,15.50,268,15.51,4.27,2.00,1.48
12,10-20,40+,42.00,47.00,52.00,267,48.79,3.29,10.00,7.41
262,0-1,40+,4.50,5.00,6.00,267,6.02,7.47,1.50,1.11
22,10-20,20-40,36.69,40.70,48.85,267,42.47,3.02,12.16,9.01
106,0-1,5-10,5.50,6.00,6.50,267,6.24,7.22,1.00,0.74
155,10-20,40+,43.64,52.00,61.50,267,53.68,3.37,17.86,13.24
80,5-10,40+,28.50,31.50,35.00,267,32.66,4.54,6.50,4.82
205,3-5,10-20,13.00,15.00,21.07,267,17.52,4.00,8.07,5.98
74,3-5,40+,23.50,26.00,28.00,266,25.16,6.03,4.50,3.34
189,5-10,40+,30.50,34.00,37.00,266,34.27,4.36,6.50,4.82
260,10-20,40+,40.50,50.50,55.00,266,53.87,3.61,14.50,10.75
259,10-20,40+,45.00,51.69,57.00,266,52.45,3.18,12.00,8.90
3,10-20,20-40,37.78,42.73,50.24,265,44.14,3.01,12.46,9.24
263,20+,20-40,56.00,69.33,74.50,265,68.82,3.22,18.50,13.71
14,0-1,0-5,3.50,4.50,5.00,264,7.24,8.33,1.50,1.11
127,10-20,20-40,33.00,36.00,41.50,264,37.89,3.05,8.50,6.30
133,2-3,10-20,11.00,12.00,13.00,263,12.09,4.74,2.00,1.48
218,5-10,10-20,19.50,24.50,32.45,263,26.64,3.33,12.95,9.60
226,10-20,10-20,35.50,52.00,52.00,263,47.11,3.79,16.50,12.23
10,1-2,5-10,7.00,7.50,8.22,262,8.67,4.82,1.22,0.90
75,1-2,40+,6.50,7.50,8.50,262,8.21,5.36,2.00,1.48
237,10-20,10-20,29.00,29.50,30.00,262,29.91,2.85,1.00,0.74
77,3-5,20-40,16.51,18.71,21.95,262,19.65,4.68,5.44,4.03
14,5-10,40+,30.50,34.50,39.45,262,35.39,4.25,8.95,6.63
67,10-20,20-40,36.50,43.09,47.99,260,43.27,3.03,11.49,8.52
71,5-10,40+,28.95,33.69,39.45,260,34.48,4.37,10.50,7.78
130,0-1,0-5,2.50,4.00,5.00,260,10.65,13.79,2.50,1.85
173,5-10,20-40,25.50,29.45,33.69,259,30.53,3.52,8.19,6.07
102,5-10,20-40,23.50,28.50,35.95,259,29.92,3.72,12.45,9.23
95,3-5,20-40,17.00,18.00,20.00,259,19.41,4.45,3.00,2.22
196,2-3,10-20,10.50,11.50,12.50,259,12.51,4.73,2.00,1.48
133,3-5,10-20,13.50,14.50,15.50,259,15.38,3.84,2.00,1.48
93,0-1,0-5,2.50,4.00,22.08,258,16.22,17.86,19.58,14.51
76,1-2,10-20,9.00,9.50,10.50,258,10.49,5.90,1.50,1.11
147,10-20,40+,39.53,45.50,53.50,258,47.10,3.35,13.97,10.36
22,0-1,0-5,2.50,4.00,4.50,258,4.27,10.00,2.00,1.48
45,20+,40+,55.73,66.50,79.50,258,73.71,2.85,23.77,17.62
188,0-1,5-10,5.50,6.00,6.50,258,6.55,7.69,1.00,0.74
191,20+,40+,60.50,65.00,71.69,258,67.62,2.85,11.19,8.30
212,10-20,20-40,35.97,42.00,48.00,257,42.32,3.05,12.03,8.92
236,20+,20-40,52.00,60.00,73.00,256,65.00,2.72,21.00,15.57
169,10-20,20-40,35.75,41.50,47.83,256,42.35,3.04,12.08,8.95
197,3-5,5-10,52.00,52.00,52.00,256,47.93,11.06,0.00,0.00
112,2-3,5-10,9.00,9.50,10.00,256,9.54,3.99,1.00,0.74
37,5-10,10-20,18.50,20.00,22.00,256,21.11,3.26,3.50,2.59
39,1-2,5-10,7.00,7.50,8.00,255,8.25,5.16,1.00,0.74
144,20+,40+,52.00,60.00,72.50,255,69.48,2.71,20.50,15.20
250,10-20,20-40,40.50,45.29,53.29,255,46.06,3.01,12.79,9.48
145,10-20,10-20,48.85,52.00,52.00,254,47.92,3.58,3.15,2.34
144,0-1,20-40,13.00,14.00,15.00,254,14.58,18.75,2.00,1.48
12,10-20,20-40,34.50,38.50,42.50,254,40.45,2.91,8.00,5.93
248,10-20,40+,39.53,46.50,51.05,254,47.03,3.26,11.52,8.54
147,5-10,20-40,22.50,26.33,30.00,253,27.11,3.70,7.50,5.56
143,5-10,5-10,16.00,16.50,17.00,253,16.71,3.00,1.00,0.74
242,0-1,0-5,0.01,2.50,4.00,253,2.77,6.02,3.99,2.96
235,5-10,10-20,19.00,23.00,28.95,253,26.23,3.32,9.95,7.38
222,20+,40+,62.00,68.50,73.15,253,71.12,2.87,11.15,8.27
134,1-2,5-10,6.50,7.50,8.00,252,9.59,5.15,1.50,1.11
37,0-1,5-10,5.50,6.00,6.00,252,6.24,7.30,0.50,0.37
28,1-2,5-10,6.50,7.50,8.00,252,7.55,5.34,1.50,1.11
41,1-2,20-40,13.50,14.00,15.00,251,14.91,8.23,1.50,1.11
88,10-20,10-20,29.50,31.00,33.50,251,32.04,2.76,4.00,2.97
14,1-2,5-10,6.50,7.50,8.00,251,7.43,5.26,1.50,1.11
133,10-20,20-40,34.19,39.20,45.29,251,40.62,3.03,11.10,8.23
246,0-1,40+,5.00,5.50,7.00,251,7.15,7.83,2.00,1.48
91,20+,40+,59.88,67.92,76.83,250,68.53,2.87,16.95,12.56
173,1-2,5-10,6.50,7.00,7.50,250,7.12,5.34,1.00,0.74
167,10-20,40+,42.00,47.50,52.00,250,47.33,3.35,10.00,7.41
228,5-10,40+,29.00,33.50,39.00,249,35.16,4.39,10.00,7.41
208,5-10,20-40,24.00,28.00,32.45,249,29.43,3.64,8.45,6.26
193,5-10,40+,28.95,32.00,35.00,248,32.99,4.43,6.05,4.48
62,1-2,10-20,9.00,9.50,10.50,248,10.02,5.94,1.50,1.11
102,10-20,20-40,34.61,42.00,50.69,248,42.35,3.17,16.08,11.92
127,2-3,10-20,10.50,11.00,12.50,248,11.44,4.74,2.00,1.48
50,2-3,0-5,7.50,8.00,8.50,248,7.97,3.57,1.00,0.74
25,0-1,10-20,8.00,8.50,9.00,248,8.78,10.10,1.00,0.74
137,5-10,5-10,15.50,16.00,16.50,247,16.41,3.01,1.00,0.74
197,3-5,10-20,13.50,15.00,17.00,247,18.48,4.01,3.50,2.59
265,2-3,5-10,9.00,9.50,30.00,247,27.95,4.07,21.00,15.57
65,10-20,10-20,28.50,29.50,31.00,245,30.82,2.79,2.50,1.85
232,20+,40+,64.50,72.26,83.00,245,72.96,2.82,18.50,13.71
254,5-10,10-20,18.50,20.50,28.52,244,23.44,3.31,10.02,7.43
242,3-5,20-40,17.50,20.00,24.00,243,21.18,4.94,6.50,4.82
106,5-10,10-20,18.00,19.50,22.00,243,21.02,3.25,4.00,2.97
208,10-20,40+,42.59,49.50,55.73,242,49.25,3.35,13.14,9.74
35,1-2,5-10,7.00,7.50,8.00,241,8.49,5.45,1.00,0.74
75,10-20,10-20,29.00,30.50,34.50,241,34.97,2.82,5.50,4.08
97,3-5,5-10,11.00,11.50,12.50,241,12.80,3.49,1.50,1.11
159,0-1,5-10,5.50,6.00,6.50,241,6.80,7.86,1.00,0.74
174,10-20,40+,44.00,51.05,58.50,241,51.43,3.24,14.50,10.75
147,10-20,20-40,36.50,40.03,47.63,241,42.20,3.11,11.13,8.25
117,10-20,20-40,36.00,40.61,46.89,240,42.48,3.17,10.89,8.07
125,10-20,10-20,30.50,51.00,55.50,240,49.74,3.96,25.00,18.53
242,2-3,10-20,10.50,11.50,12.50,240,11.94,4.60,2.00,1.48
130,1-2,5-10,6.50,7.50,8.00,240,7.82,5.07,1.50,1.11
100,10-20,10-20,29.50,31.00,32.50,240,35.05,2.85,3.00,2.22
165,2-3,10-20,11.00,12.00,13.00,240,12.24,4.83,2.00,1.48
259,10-20,20-40,37.48,43.50,53.00,240,45.23,2.96,15.52,11.50
54,5-10,20-40,22.00,24.61,27.50,239,25.45,3.39,5.50,4.08
125,1-2,40+,7.00,8.50,9.50,239,9.00,5.56,2.50,1.85
51,5-10,10-20,18.98,22.50,28.95,239,25.05,3.24,9.97,7.39
127,1-2,10-20,9.00,9.50,10.00,239,9.69,5.90,1.00,0.74
155,3-5,20-40,17.00,19.00,21.95,239,20.13,4.74,4.95,3.67
165,10-20,20-40,36.52,40.50,46.50,238,41.67,3.04,9.98,7.40
144,0-1,40+,5.00,6.00,6.50,238,6.37,7.53,1.50,1.11
35,1-2,10-20,9.00,9.50,10.50,237,10.16,5.92,1.50,1.11
248,10-20,20-40,36.00,41.20,47.63,237,42.66,2.99,11.63,8.62
49,2-3,5-10,9.00,9.50,10.00,237,10.14,4.13,1.00,0.74
70,2-3,10-20,10.50,11.50,12.00,237,11.51,4.58,1.50,1.11
83,0-1,5-10,5.50,6.00,6.00,236,5.99,7.37,0.50,0.37
61,2-3,5-10,9.00,9.00,9.50,235,9.63,4.13,0.50,0.37
249,10-20,10-20,29.50,31.00,52.00,235,38.64,2.88,22.50,16.68
7,3-5,40+,24.50,26.50,28.50,235,26.33,6.22,4.00,2.97
236,0-1,20-40,12.50,13.00,14.50,234,12.85,16.11,2.00,1.48
133,3-5,20-40,17.00,19.00,21.95,233,19.81,4.81,4.95,3.67
91,1-2,5-10,7.00,7.50,8.50,233,7.81,5.26,1.50,1.11
95,2-3,5-10,9.00,9.50,10.00,233,9.39,4.08,1.00,0.74
36,5-10,40+,29.27,32.50,36.50,232,34.00,4.30,7.23,5.36
193,2-3,20-40,14.50,15.50,17.50,232,17.61,6.11,3.00,2.22
71,3-5,10-20,13.50,15.00,16.00,232,15.84,4.22,2.50,1.85
63,10-20,40+,41.50,50.50,56.09,231,49.47,3.34,14.59,10.82
85,3-5,10-20,13.50,15.00,16.35,231,16.07,4.14,2.85,2.11
212,10-20,40+,39.03,43.00,50.00,230,44.56,3.39,10.97,8.13
173,0-1,0-5,4.00,4.50,5.00,230,5.47,7.50,1.00,0.74
167,3-5,20-40,16.50,19.00,21.95,230,20.09,4.89,5.45,4.04
28,10-20,10-20,52.00,52.00,52.00,229,50.15,4.46,0.00,0.00
26,10-20,20-40,36.00,39.71,45.65,229,41.51,3.07,9.65,7.15
47,10-20,20-40,35.50,42.23,49.50,229,43.14,3.01,14.00,10.38
14,3-5,10-20,14.00,15.00,16.00,229,16.19,3.99,2.00,1.48
200,5-10,20-40,24.50,28.50,33.31,228,29.70,3.51,8.81,6.53
21,0-1,0-5,2.50,3.00,3.00,228,3.80,19.23,0.50,0.37
235,2-3,10-20,11.00,11.50,12.50,228,12.15,4.73,1.50,1.11
259,5-10,20-40,24.00,27.45,32.45,228,28.85,3.55,8.45,6.26
216,3-5,0-5,52.00,52.00,52.00,227,53.02,15.76,0.00,0.00
82,1-2,0-5,5.50,5.50,6.00,227,7.01,5.00,0.50,0.37
136,3-5,10-20,14.50,15.50,17.00,226,16.67,3.74,2.50,1.85
132,3-5,40+,13.00,15.50,31.00,226,25.71,3.61,18.00,13.34
113,10-20,10-20,29.00,30.00,31.00,226,31.23,2.83,2.00,1.48
232,1-2,20-40,13.50,14.00,15.50,226,16.63,8.73,2.00,1.48
190,3-5,20-40,17.00,18.50,21.00,225,19.27,4.62,4.00,2.97
119,2-3,10-20,11.00,11.50,12.50,225,11.98,4.80,1.50,1.11
134,3-5,10-20,13.50,15.39,17.00,224,20.51,3.83,3.50,2.59
151,2-3,40+,10.50,11.50,14.00,224,13.34,4.92,3.50,2.59
149,10-20,20-40,36.78,40.50,48.85,224,44.44,3.01,12.07,8.95
180,10-20,40+,42.00,46.00,52.00,224,47.88,3.42,10.00,7.41
74,10-20,10-20,29.00,31.00,40.83,224,35.90,2.83,11.83,8.77
205,1-2,5-10,7.00,7.50,8.00,224,7.90,5.00,1.00,0.74
133,10-20,40+,39.00,43.00,50.69,223,45.89,3.42,11.69,8.67
36,10-20,20-40,34.00,37.50,43.94,223,39.68,3.02,9.94,7.37
217,3-5,10-20,13.50,14.50,16.00,223,18.01,3.97,2.50,1.85
72,20+,40+,60.50,66.33,70.00,222,67.05,2.97,9.50,7.04
216,2-3,0-5,52.00,52.00,52.00,222,49.06,19.05,0.00,0.00
217,1-2,10-20,9.00,9.50,10.00,222,9.95,6.56,1.00,0.74
33,20+,40+,62.50,69.19,75.38,221,70.55,2.86,12.88,9.55
55,20+,40+,62.00,68.50,76.66,221,71.67,2.92,14.66,10.87
39,5-10,10-20,20.50,24.26,32.45,221,27.18,3.21,11.95,8.86
26,1-2,5-10,7.00,7.50,8.00,221,7.46,5.60,1.00,0.74
65,20+,40+,62.00,72.45,79.00,220,74.09,2.89,17.00,12.60
63,10-20,20-40,37.95,46.50,55.73,220,46.82,3.01,17.78,13.18
93,5-10,40+,52.00,52.00,52.00,220,50.21,5.49,0.00,0.00
133,0-1,0-5,3.00,4.00,4.50,219,4.85,9.00,1.50,1.11
174,3-5,10-20,13.50,15.00,16.50,219,15.99,3.93,3.00,2.22
89,0-1,5-10,5.50,6.00,7.00,219,7.09,8.06,1.50,1.11
265,10-20,10-20,50.50,80.00,90.00,218,75.72,6.15,39.50,29.28
180,10-20,20-40,33.06,42.73,48.00,218,42.11,3.13,14.94,11.07
68,20+,20-40,58.00,70.00,76.50,217,75.64,3.25,18.50,13.71
173,10-20,20-40,33.00,36.78,42.73,217,38.41,3.12,9.73,7.21
40,0-1,10-20,8.00,8.50,9.50,217,8.68,10.00,1.50,1.11
195,2-3,10-20,10.50,11.00,12.50,217,12.64,4.57,2.00,1.48
24,0-1,10-20,8.00,8.50,9.00,217,8.54,10.00,1.00,0.74
132,0-1,40+,5.50,52.00,64.95,217,41.45,247.62,59.45,44.07
168,5-10,40+,29.00,32.95,36.65,216,33.55,4.35,7.65,5.67
220,1-2,5-10,6.50,7.00,8.00,216,7.47,5.32,1.50,1.11
195,10-20,40+,40.50,47.92,54.00,216,48.87,3.33,13.50,10.01
52,2-3,5-10,9.00,9.50,10.00,216,9.56,3.97,1.00,0.74
22,2-3,10-20,10.50,12.00,13.00,215,12.12,4.76,2.50,1.85
254,20+,40+,62.50,67.50,76.50,215,69.51,2.90,14.00,10.38
166,20+,20-40,67.91,74.00,85.50,215,74.51,3.33,17.59,13.04
195,0-1,0-5,3.50,4.00,4.50,215,6.79,7.00,1.00,0.74
72,1-2,10-20,9.00,10.00,10.50,215,10.32,5.92,1.50,1.11
48,2-3,0-5,7.50,7.50,7.50,215,7.96,3.57,0.00,0.00
155,5-10,10-20,19.39,24.00,30.45,215,26.08,3.23,11.06,8.20
233,0-1,40+,4.50,6.00,7.00,214,7.24,8.24,2.50,1.85
157,3-5,10-20,13.50,15.50,52.00,214,26.91,4.03,38.50,28.54
33,3-5,5-10,11.50,12.50,13.50,214,13.20,3.36,2.00,1.48
261,10-20,10-20,30.00,32.50,34.00,213,35.03,2.80,4.00,2.97
243,2-3,5-10,9.00,9.50,9.50,213,9.71,3.96,0.50,0.37
126,5-10,20-40,23.00,26.00,30.50,213,28.06,3.66,7.50,5.56
34,1-2,5-10,6.50,7.00,7.50,213,7.11,5.45,1.00,0.74
235,3-5,20-40,17.00,18.93,21.50,212,20.11,4.68,4.50,3.34
215,3-5,10-20,13.50,15.00,21.95,212,17.93,4.01,8.45,6.26
32,5-10,20-40,24.00,28.12,33.00,212,28.99,3.58,9.00,6.67
130,2-3,10-20,10.50,12.00,12.50,212,12.08,4.75,2.00,1.48
149,5-10,20-40,22.79,26.00,29.50,212,27.52,3.86,6.71,4.97
26,5-10,40+,29.57,33.00,36.50,211,33.50,4.37,6.93,5.14
205,2-3,10-20,10.50,11.00,12.00,210,11.46,4.48,1.50,1.11
194,3-5,5-10,52.00,52.00,52.00,210,45.85,13.51,0.00,0.00
78,5-10,10-20,18.50,21.00,26.33,210,22.70,3.35,7.83,5.80
26,0-1,0-5,3.00,4.00,4.50,210,4.48,10.71,1.50,1.11
52,1-2,0-5,5.50,5.50,5.50,210,5.54,5.00,0.00,0.00
28,3-5,10-20,14.00,15.00,16.50,210,17.78,3.99,2.50,1.85
186,20+,20-40,58.50,72.50,77.50,209,73.79,3.41,19.00,14.08
53,10-20,40+,41.22,47.50,51.50,209,48.26,3.22,10.28,7.62
248,5-10,20-40,22.83,26.08,29.83,209,27.37,3.75,7.00,5.19
48,5-10,5-10,16.00,17.00,19.00,209,18.04,2.97,3.00,2.22
4,1-2,20-40,13.50,14.00,14.50,209,14.42,7.97,1.00,0.74
24,20+,40+,52.00,69.23,79.00,208,71.70,3.05,27.00,20.01
19,10-20,20-40,36.52,44.66,53.75,208,45.48,2.99,17.23,12.77
143,0-1,40+,4.50,5.00,5.50,207,6.19,7.35,1.00,0.74
62,0-1,0-5,4.00,4.50,5.00,207,5.56,7.69,1.00,0.74
56,3-5,10-20,14.00,15.00,23.17,207,17.94,3.86,9.17,6.80
169,3-5,10-20,14.00,15.00,16.45,207,16.22,3.89,2.45,1.82
234,10-20,10-20,28.50,29.00,30.50,207,30.73,2.83,2.00,1.48
61,20+,40+,59.91,63.50,67.50,207,64.16,2.92,7.59,5.63
198,5-10,40+,29.50,31.50,35.95,207,32.73,4.43,6.45,4.78
21,10-20,20-40,35.50,41.14,48.50,206,43.71,3.12,13.00,9.64
17,2-3,5-10,8.50,9.00,9.50,206,9.25,4.08,1.00,0.74
50,5-10,5-10,16.00,17.50,18.50,206,17.73,2.95,2.50,1.85
49,5-10,10-20,18.50,20.50,25.00,206,22.41,3.19,6.50,4.82
208,10-20,20-40,34.00,40.03,47.63,206,42.91,3.00,13.63,10.10
135,5-10,10-20,19.71,22.00,25.95,205,24.37,3.20,6.24,4.63
12,2-3,20-40,14.50,15.50,17.00,205,16.02,6.12,2.50,1.85
123,2-3,10-20,11.00,12.00,13.00,205,12.83,4.83,2.00,1.48
81,5-10,20-40,23.50,27.50,32.45,205,29.46,3.68,8.95,6.63
113,0-1,20-40,13.00,13.50,15.00,205,13.74,17.05,2.00,1.48
119,3-5,10-20,13.50,15.00,16.50,204,16.41,3.94,3.00,2.22
222,5-10,40+,29.00,33.50,39.00,204,38.90,4.53,10.00,7.41
108,10-20,40+,47.00,53.70,61.13,204,54.46,3.25,14.13,10.47
69,5-10,10-20,19.00,22.00,25.50,203,23.63,3.23,6.50,4.82
155,3-5,10-20,14.00,15.00,17.00,203,17.11,4.25,3.00,2.22
90,10-20,10-20,29.00,29.50,30.50,203,33.93,2.84,1.50,1.11
40,10-20,40+,38.50,42.50,50.01,203,44.29,3.36,11.51,8.53
89,20+,40+,61.49,66.50,72.45,203,69.56,2.91,10.96,8.12
60,5-10,20-40,22.00,26.00,31.00,202,26.97,3.75,9.00,6.67
133,1-2,5-10,7.00,7.50,8.00,202,7.56,5.10,1.00,0.74
70,5-10,40+,28.35,32.00,35.50,202,31.82,3.80,7.15,5.30
247,5-10,40+,30.50,33.50,36.50,202,35.69,4.19,6.00,4.45
18,5-10,20-40,21.50,25.95,29.50,202,26.62,3.73,8.00,5.93
211,0-1,20-40,13.00,13.50,15.00,202,14.00,17.81,2.00,1.48
185,5-10,20-40,23.50,27.12,32.45,202,28.48,3.71,8.95,6.63
144,10-20,10-20,29.00,30.00,32.00,201,33.31,2.84,3.00,2.22
189,2-3,5-10,9.00,9.00,9.50,201,9.78,4.15,0.50,0.37
56,5-10,40+,34.58,52.00,52.00,201,43.75,5.36,17.42,12.91
191,5-10,20-40,24.00,28.00,33.32,201,29.49,3.56,9.32,6.91
198,3-5,10-20,13.00,14.50,15.70,201,15.06,3.87,2.70,2.00
80,3-5,5-10,11.50,12.50,13.50,201,17.94,3.45,2.00,1.48
36,5-10,10-20,18.00,19.50,21.50,201,20.40,3.23,3.50,2.59
211,10-20,10-20,29.50,31.00,51.50,199,37.55,2.87,22.00,16.31
127,10-20,40+,41.00,47.00,54.00,199,48.27,3.36,13.00,9.64
35,20+,40+,59.50,63.83,67.00,199,64.27,2.93,7.50,5.56
182,5-10,10-20,18.82,21.08,27.00,199,23.51,3.24,8.18,6.06
137,0-1,40+,5.00,5.50,7.00,199,7.10,7.87,2.00,1.48
47,3-5,10-20,14.00,15.00,16.50,199,16.69,3.95,2.50,1.85
203,5-10,20-40,23.26,28.95,35.95,199,30.72,3.61,12.69,9.41
112,5-10,40+,28.50,31.00,33.50,198,32.85,4.55,5.00,3.71
257,10-20,40+,40.50,45.50,51.05,198,46.40,3.31,10.55,7.82
101,10-20,40+,49.65,53.50,57.00,197,54.21,3.07,7.35,5.45
158,20+,20-40,52.00,71.00,73.00,197,65.78,3.22,21.00,15.57
191,3-5,10-20,14.00,15.50,25.42,197,19.11,3.89,11.42,8.47
165,3-5,10-20,14.00,15.00,16.50,197,16.27,4.10,2.50,1.85
227,10-20,20-40,33.50,40.50,45.29,197,40.79,3.00,11.79,8.74
50,20+,20-40,52.00,62.00,78.50,197,70.77,2.72,26.50,19.64
71,1-2,5-10,7.00,7.50,8.00,196,7.73,5.45,1.00,0.74
79,0-1,20-40,12.50,13.50,14.50,196,13.32,17.61,2.00,1.48
83,10-20,20-40,33.00,37.00,44.00,196,39.93,3.00,11.00,8.15
36,10-20,40+,40.00,46.50,54.74,196,47.90,3.31,14.74,10.93
255,3-5,5-10,11.00,12.00,13.00,196,12.19,3.42,2.00,1.48
40,3-5,5-10,11.00,11.50,13.00,196,13.54,3.39,2.00,1.48
215,1-2,5-10,6.50,7.00,7.50,196,7.57,5.09,1.00,0.74
225,0-1,5-10,5.50,5.50,6.00,195,7.85,7.41,0.50,0.37
263,0-1,20-40,13.00,13.50,15.00,194,13.36,16.88,2.00,1.48
195,1-2,5-10,6.50,7.00,8.00,194,7.52,5.00,1.50,1.11
60,10-20,20-40,36.96,42.49,50.33,194,43.32,3.03,13.37,9.91
256,3-5,5-10,11.50,11.50,12.50,194,14.47,3.50,1.00,0.74
65,0-1,10-20,8.00,8.50,8.50,193,8.95,10.00,0.50,0.37
249,0-1,20-40,12.50,13.50,14.50,192,13.52,16.67,2.00,1.48
252,10-20,20-40,35.65,39.53,45.65,192,43.90,3.03,10.00,7.41
70,3-5,0-5,11.00,11.50,12.50,192,11.83,3.10,1.50,1.11
106,10-20,20-40,33.50,38.00,46.43,191,41.20,2.98,12.93,9.58
80,1-2,0-5,5.50,5.50,6.00,191,7.28,5.04,0.50,0.37
10,10-20,10-20,51.55,52.00,52.00,191,50.71,3.74,0.45,0.33
190,3-5,10-20,13.50,14.50,16.00,191,15.14,4.00,2.50,1.85
262,5-10,5-10,15.50,16.50,18.00,191,17.18,2.99,2.50,1.85
191,5-10,10-20,19.50,24.50,28.95,190,26.10,3.23,9.45,7.01
123,10-20,20-40,39.50,43.88,51.05,189,45.81,3.07,11.55,8.56
157,10-20,40+,43.60,52.00,52.00,189,50.26,3.59,8.40,6.23
222,3-5,20-40,17.00,18.50,22.70,189,20.38,4.73,5.70,4.23
178,10-20,40+,40.50,45.50,50.33,188,46.09,3.40,9.83,7.29
241,10-20,20-40,37.26,42.50,48.85,188,43.86,3.01,11.59,8.59
168,2-3,20-40,14.50,15.50,16.50,187,16.18,6.22,2.00,1.48
67,10-20,40+,39.09,45.00,49.50,187,45.51,3.41,10.41,7.72
259,5-10,10-20,19.00,21.50,28.95,187,24.30,3.25,9.95,7.38
186,10-20,10-20,29.00,29.50,31.50,187,35.63,2.87,2.50,1.85
108,10-20,20-40,39.00,45.65,52.28,187,48.43,3.01,13.28,9.84
165,1-2,5-10,7.00,7.50,8.00,187,7.60,5.42,1.00,0.74
134,2-3,10-20,10.50,11.50,12.50,187,11.69,4.64,2.00,1.48
165,1-2,10-20,9.00,10.00,10.50,187,10.46,6.29,1.50,1.11
159,5-10,10-20,18.14,21.50,26.69,186,23.26,3.28,8.55,6.34
100,20+,20-40,56.50,71.50,77.50,186,72.78,3.29,21.00,15.57
250,10-20,40+,42.00,47.00,53.20,186,47.96,3.40,11.20,8.30
16,10-20,40+,46.00,51.00,55.00,186,51.00,3.27,9.00,6.67
220,0-1,0-5,3.00,4.00,5.00,186,5.90,8.47,2.00,1.48
216,2-3,10-20,10.50,11.50,12.50,186,12.72,4.58,2.00,1.48
70,2-3,5-10,8.50,9.50,10.00,186,10.02,3.83,1.50,1.11
232,3-5,40+,17.00,25.00,27.00,185,23.34,5.76,10.00,7.41
218,1-2,5-10,7.00,7.50,8.00,185,8.57,5.00,1.00,0.74
74,5-10,5-10,16.00,17.00,18.00,185,17.89,2.97,2.00,1.48
13,1-2,40+,7.50,8.50,9.50,185,9.07,5.67,2.00,1.48
196,1-2,10-20,9.00,9.50,10.50,185,9.98,5.88,1.50,1.11
168,20+,40+,63.00,70.00,78.00,185,76.50,2.86,15.00,11.12
219,5-10,10-20,18.50,23.00,28.95,185,26.72,3.26,10.45,7.75
123,3-5,20-40,16.50,18.50,21.95,184,19.73,4.74,5.45,4.04
257,2-3,10-20,10.50,11.50,12.50,184,12.44,4.58,2.00,1.48
130,10-20,10-20,52.00,52.00,52.00,184,50.76,4.20,0.00,0.00
254,3-5,10-20,14.00,15.35,18.00,184,17.74,3.94,4.00,2.97
70,20+,40+,75.00,120.00,155.00,183,125.09,3.99,80.00,59.30
18,3-5,10-20,14.00,15.50,21.95,183,17.49,3.97,7.95,5.89
227,10-20,40+,42.00,47.90,56.09,183,49.33,3.45,14.09,10.44
112,3-5,5-10,11.50,12.00,12.50,183,12.07,3.46,1.00,0.74
123,1-2,5-10,7.00,7.50,8.00,183,7.82,5.38,1.00,0.74
70,3-5,20-40,16.50,17.50,19.50,183,18.61,4.05,3.00,2.22
131,5-10,10-20,19.00,21.50,28.95,182,24.21,3.27,9.95,7.38
13,2-3,40+,10.50,11.50,13.00,182,13.56,4.67,2.50,1.85
167,0-1,0-5,3.50,4.50,5.00,182,5.34,8.51,1.50,1.11
143,10-20,10-20,29.00,30.00,32.00,182,33.34,2.81,3.00,2.22
198,10-20,20-40,34.00,42.50,48.00,182,42.49,2.99,14.00,10.38
29,10-20,40+,47.23,55.35,61.00,181,54.29,3.24,13.77,10.21
121,3-5,10-20,14.00,15.50,17.50,181,17.38,3.90,3.50,2.59
61,2-3,20-40,15.00,15.50,16.50,181,16.44,6.19,1.50,1.11
185,10-20,20-40,33.50,39.50,44.00,180,39.72,2.98,10.50,7.78
145,3-5,40+,26.00,31.50,52.00,180,37.10,7.56,26.00,19.27
119,10-20,40+,42.19,49.00,54.45,180,49.53,3.25,12.26,9.09
33,0-1,10-20,8.00,8.00,9.00,179,9.05,10.24,1.00,0.74
132,2-3,20-40,16.00,17.00,19.50,179,21.24,6.58,3.50,2.59
13,10-20,10-20,31.00,35.50,37.00,178,36.44,2.76,6.00,4.45
116,20+,40+,62.00,68.50,76.50,177,70.14,2.89,14.50,10.75
77,2-3,10-20,10.50,11.50,12.50,177,11.90,4.75,2.00,1.48
254,1-2,5-10,6.50,7.50,8.00,177,7.67,5.38,1.50,1.11
243,5-10,40+,31.00,35.00,38.00,177,34.69,4.02,7.00,5.19
257,1-2,5-10,6.50,7.50,8.00,177,8.04,5.00,1.50,1.11
15,10-20,40+,46.00,50.64,54.50,176,51.91,3.15,8.50,6.30
233,2-3,0-5,7.50,7.50,7.50,176,8.81,3.64,0.00,0.00
177,1-2,5-10,6.50,7.50,8.00,176,7.46,5.36,1.50,1.11
180,5-10,20-40,26.50,28.56,36.45,176,31.63,3.66,9.95,7.38
125,2-3,40+,11.00,13.50,21.50,176,16.51,5.37,10.50,7.78
78,2-3,10-20,11.00,12.00,13.00,176,12.77,4.76,2.00,1.48
129,5-10,5-10,15.50,17.00,18.00,176,17.19,2.91,2.50,1.85
119,1-2,5-10,7.00,7.50,8.00,175,8.46,5.34,1.00,0.74
216,3-5,20-40,17.00,19.50,22.50,175,20.86,4.63,5.50,4.08
22,1-2,5-10,6.50,7.50,8.00,175,8.56,5.38,1.50,1.11
159,5-10,40+,29.87,33.33,36.50,174,33.51,4.16,6.63,4.91
155,1-2,5-10,7.00,7.50,8.50,174,8.48,5.19,1.50,1.11
237,2-3,0-5,7.50,7.50,7.50,174,7.60,3.64,0.00,0.00
165,5-10,40+,28.15,30.69,35.50,174,31.84,4.21,7.35,5.45
7,0-1,10-20,8.00,8.00,9.00,174,11.71,10.13,1.00,0.74
205,5-10,10-20,18.50,21.50,29.45,173,24.57,3.33,10.95,8.12
195,5-10,10-20,18.00,19.00,23.00,173,21.04,3.21,5.00,3.71
54,3-5,10-20,13.00,14.00,15.00,173,14.24,3.66,2.00,1.48
250,0-1,0-5,2.50,3.50,4.50,173,4.59,12.50,2.00,1.48
119,0-1,0-5,2.50,3.50,4.50,173,7.02,10.61,2.00,1.48
173,10-20,40+,39.50,43.50,51.50,172,45.48,3.53,12.00,8.90
121,5-10,10-20,19.02,23.50,28.95,172,25.48,3.30,9.93,7.36
181,0-1,10-20,8.00,8.50,9.50,172,9.12,10.39,1.50,1.11
196,5-10,40+,33.33,36.83,52.00,172,39.45,4.44,18.67,13.84
238,10-20,10-20,29.00,30.01,32.50,171,32.22,2.81,3.50,2.59
212,3-5,10-20,13.50,15.00,16.60,171,16.29,3.86,3.10,2.30
82,3-5,5-10,11.50,12.00,12.50,171,13.50,3.38,1.00,0.74
83,2-3,5-10,9.00,9.50,10.00,170,9.49,3.93,1.00,0.74
257,3-5,10-20,14.00,15.00,16.00,170,16.53,4.00,2.00,1.48
226,0-1,10-20,8.00,8.50,9.50,170,9.20,11.76,1.50,1.11
47,3-5,20-40,17.00,19.50,23.50,170,21.51,5.14,6.50,4.82
79,2-3,0-5,7.50,7.50,7.50,169,7.44,3.62,0.00,0.00
247,2-3,5-10,9.00,9.50,10.00,169,9.64,4.03,1.00,0.74
153,5-10,20-40,22.00,25.00,30.00,169,27.08,3.66,8.00,5.93
16,5-10,20-40,23.50,26.74,30.50,169,28.82,3.47,7.00,5.19
218,2-3,10-20,10.50,11.50,12.50,169,12.26,4.47,2.00,1.48
208,5-10,10-20,18.50,21.50,28.95,169,24.77,3.26,10.45,7.75
175,10-20,20-40,35.50,41.50,48.50,169,42.80,2.93,13.00,9.64
69,0-1,5-10,5.50,6.00,6.50,168,6.43,7.65,1.00,0.74
94,5-10,20-40,23.00,25.65,30.15,168,27.85,3.84,7.15,5.30
167,3-5,10-20,13.50,15.00,16.50,168,16.29,3.95,3.00,2.22
195,5-10,40+,31.50,35.00,38.50,167,37.57,4.14,7.00,5.19
28,2-3,10-20,10.50,11.00,12.50,167,11.88,4.62,2.00,1.48
63,5-10,40+,29.50,35.00,52.00,166,38.42,4.86,22.50,16.68
33,10-20,10-20,29.00,30.00,31.00,166,31.02,2.81,2.00,1.48
167,2-3,10-20,11.00,12.00,13.00,166,12.17,4.73,2.00,1.48
123,0-1,0-5,2.50,3.50,4.50,166,5.96,11.29,2.00,1.48
157,3-5,20-40,19.00,21.50,24.00,166,25.44,5.22,5.00,3.71
215,20+,40+,63.62,110.00,158.00,166,124.31,3.75,94.38,69.96
162,2-3,0-5,7.50,7.50,7.50,166,7.68,3.62,0.00,0.00
238,2-3,0-5,7.50,8.00,8.00,166,7.92,3.71,0.50,0.37
92,2-3,10-20,10.50,11.50,12.00,165,11.67,4.55,1.50,1.11
114,10-20,10-20,29.50,30.00,31.00,165,31.99,2.86,1.50,1.11
257,3-5,20-40,16.50,18.50,20.50,165,18.94,4.69,4.00,2.97
67,5-10,20-40,23.00,27.63,31.00,165,28.16,3.72,8.00,5.93
87,1-2,40+,7.50,8.50,10.50,164,10.11,5.88,3.00,2.22
202,3-5,10-20,13.00,14.50,15.50,164,15.16,3.72,2.50,1.85
50,0-1,40+,4.50,5.50,6.50,164,7.85,7.79,2.00,1.48
130,1-2,10-20,9.00,9.50,10.00,164,9.78,5.94,1.00,0.74
43,10-20,10-20,29.00,29.50,30.50,163,30.11,2.84,1.50,1.11
177,0-1,0-5,3.00,4.50,5.00,163,8.14,10.00,2.00,1.48
196,10-20,40+,40.00,45.89,52.00,163,46.41,3.32,12.00,8.90
188,2-3,20-40,15.00,16.00,17.50,163,16.53,6.20,2.50,1.85
29,5-10,20-40,23.53,27.00,31.00,162,28.62,3.67,7.47,5.54
212,5-10,10-20,18.50,20.89,25.45,162,22.61,3.18,6.95,5.15
216,1-2,5-10,7.00,7.50,8.00,162,8.36,5.00,1.00,0.74
200,5-10,10-20,19.00,22.50,27.44,162,23.96,3.14,8.44,6.26
182,3-5,10-20,14.00,15.03,17.50,162,17.18,3.85,3.50,2.59
91,0-1,0-5,3.00,4.50,5.00,162,4.98,8.20,2.00,1.48
195,3-5,20-40,17.00,18.50,20.43,161,19.80,4.63,3.43,2.54
41,1-2,40+,7.00,7.50,8.50,161,8.03,5.45,1.50,1.11
55,5-10,20-40,24.50,27.50,32.00,161,29.37,3.64,7.50,5.56
235,1-2,5-10,7.00,7.50,8.00,161,8.05,5.29,1.00,0.74
70,1-2,0-5,5.50,5.50,6.50,161,8.61,4.45,1.00,0.74
16,5-10,10-20,19.50,23.46,27.50,161,25.16,3.21,8.00,5.93
215,5-10,10-20,20.78,25.45,35.95,160,27.81,3.31,15.17,11.25
12,0-1,10-20,8.00,8.50,9.00,160,8.92,10.56,1.00,0.74
198,3-5,20-40,16.50,18.00,21.50,160,19.75,4.40,5.00,3.71
218,20+,40+,58.51,64.33,69.95,160,68.71,2.85,11.44,8.48
71,1-2,10-20,9.00,9.50,10.50,160,10.03,6.05,1.50,1.11
195,20+,40+,61.00,68.30,73.83,160,73.24,2.79,12.83,9.51
220,3-5,10-20,14.50,15.50,17.00,160,16.41,3.81,2.50,1.85
14,3-5,20-40,16.67,18.50,23.00,160,20.99,4.56,6.33,4.69
75,2-3,40+,10.50,12.50,17.00,160,15.40,5.10,6.50,4.82
54,1-2,5-10,6.50,7.00,7.50,160,7.22,5.36,1.00,0.74
171,5-10,20-40,24.22,26.50,32.50,160,28.57,3.55,8.28,6.14
3,5-10,20-40,24.00,27.50,32.29,160,28.80,3.66,8.29,6.15
135,1-2,5-10,6.50,7.00,8.00,159,7.37,5.00,1.50,1.11
232,10-20,10-20,29.50,31.00,33.50,159,34.86,2.81,4.00,2.97
242,5-10,10-20,18.50,22.00,28.95,159,24.36,3.37,10.45,7.75
20,10-20,40+,43.00,50.50,56.09,159,50.10,3.26,13.09,9.70
126,10-20,20-40,36.50,40.50,47.63,159,42.01,2.98,11.13,8.25
75,2-3,0-5,7.50,7.50,8.00,158,8.36,3.59,0.50,0.37
112,10-20,40+,41.50,46.00,51.50,158,47.32,3.33,10.00,7.41
211,0-1,40+,5.00,5.50,6.00,158,7.57,7.76,1.00,0.74
213,3-5,20-40,16.50,18.50,23.00,158,20.42,4.44,6.50,4.82
227,3-5,20-40,17.00,19.50,22.00,158,20.71,4.77,5.00,3.71
202,2-3,10-20,10.00,11.00,12.00,157,11.87,4.52,2.00,1.48
25,20+,40+,63.50,68.00,78.00,157,72.13,2.88,14.50,10.75
242,1-2,5-10,7.00,7.50,8.00,157,7.76,5.32,1.00,0.74
106,2-3,5-10,9.00,9.50,10.00,156,10.01,4.15,1.00,0.74
135,3-5,10-20,13.50,15.00,16.50,156,16.42,3.92,3.00,2.22
169,1-2,10-20,9.00,9.50,10.50,156,9.71,5.94,1.50,1.11
92,0-1,0-5,3.50,4.00,5.00,156,6.69,9.76,1.50,1.11
264,0-1,40+,5.00,5.50,6.50,156,11.73,7.98,1.50,1.11
222,5-10,10-20,20.65,26.13,32.45,156,27.56,3.22,11.80,8.75
182,1-2,5-10,6.50,7.50,8.00,156,7.57,5.22,1.50,1.11
188,20+,40+,59.00,65.00,70.00,156,66.11,2.97,11.00,8.15
126,10-20,40+,40.46,45.00,53.50,156,46.45,3.24,13.04,9.67
235,0-1,0-5,3.00,4.00,5.00,156,7.01,10.00,2.00,1.48
47,2-3,10-20,11.00,12.00,12.50,155,11.97,4.85,1.50,1.11
85,2-3,10-20,11.00,12.00,13.00,155,12.34,4.73,2.00,1.48
155,2-3,10-20,11.00,12.00,13.00,155,12.05,4.76,2.00,1.48
192,5-10,20-40,24.36,27.00,30.50,155,28.01,3.38,6.14,4.55
139,5-10,20-40,24.52,28.00,35.95,155,30.18,3.57,11.43,8.47
17,2-3,20-40,14.50,15.50,16.50,155,16.08,6.09,2.00,1.48
217,5-10,40+,28.00,32.50,36.45,155,32.99,4.26,8.45,6.26
146,3-5,40+,25.00,27.00,28.50,153,26.93,6.46,3.50,2.59
243,20+,40+,58.50,66.83,71.08,153,67.86,2.89,12.58,9.33
228,5-10,10-20,19.00,22.00,25.50,153,25.58,3.24,6.50,4.82
235,1-2,10-20,9.00,9.50,11.00,153,9.99,6.15,2.00,1.48
127,0-1,5-10,5.50,6.00,6.50,153,7.28,7.47,1.00,0.74
136,3-5,20-40,17.00,19.00,21.95,153,19.84,4.71,4.95,3.67
63,0-1,0-5,2.50,2.50,3.50,153,4.58,16.67,1.00,0.74
169,1-2,5-10,7.00,7.50,8.00,153,7.43,5.30,1.00,0.74
54,0-1,0-5,4.00,4.50,5.00,152,5.50,7.26,1.00,0.74
226,20+,40+,61.00,67.50,88.50,152,86.48,2.99,27.50,20.39
85,1-2,5-10,6.50,7.00,8.00,152,7.56,5.35,1.50,1.11
14,2-3,10-20,10.50,11.50,12.00,151,11.82,4.59,1.50,1.11
37,2-3,5-10,9.00,9.00,9.50,151,9.28,4.09,0.50,0.37
70,1-2,10-20,9.00,9.50,10.00,151,9.71,6.09,1.00,0.74
149,0-1,0-5,2.50,2.50,3.50,151,4.26,22.73,1.00,0.74
167,1-2,5-10,6.50,7.00,7.50,151,7.51,5.51,1.00,0.74
252,5-10,20-40,24.50,27.50,32.45,151,29.48,3.58,7.95,5.89
13,5-10,5-10,16.00,16.00,17.00,151,16.49,3.02,1.00,0.74
51,2-3,10-20,10.50,11.50,12.50,151,11.78,4.61,2.00,1.48
174,2-3,10-20,10.50,11.50,12.50,150,11.92,4.76,2.00,1.48
224,3-5,40+,18.50,25.50,27.00,150,24.02,5.98,8.50,6.30
259,3-5,10-20,14.00,15.00,17.00,150,16.77,4.12,3.00,2.22
98,10-20,20-40,37.00,41.50,47.94,150,43.97,3.03,10.94,8.11
52,2-3,20-40,14.50,15.50,17.00,150,16.28,6.07,2.50,1.85
131,5-10,20-40,23.00,27.00,31.50,150,28.35,3.53,8.50,6.30
157,5-10,40+,32.45,41.50,52.00,150,42.76,5.51,19.55,14.49
19,5-10,10-20,20.00,23.48,28.95,149,25.76,3.17,8.95,6.63
102,10-20,40+,39.40,45.50,53.50,149,45.91,3.26,14.10,10.45
20,10-20,20-40,36.28,42.00,50.83,149,43.16,3.02,14.55,10.79
183,10-20,20-40,36.00,42.23,47.63,149,42.79,2.98,11.63,8.62
223,5-10,5-10,17.00,52.00,52.00,149,36.66,7.93,35.00,25.95
197,2-3,10-20,10.50,11.50,12.00,149,11.80,4.60,1.50,1.11
151,0-1,40+,4.50,5.00,5.50,148,6.08,7.14,1.00,0.74
75,0-1,40+,4.50,5.00,6.00,148,6.38,7.14,1.50,1.11
158,0-1,40+,5.00,5.50,6.00,148,7.07,7.53,1.00,0.74
135,2-3,10-20,10.50,11.00,12.50,148,11.86,4.58,2.00,1.48
265,2-3,20-40,14.50,15.50,17.50,148,19.21,6.25,3.00,2.22
169,3-5,20-40,16.50,19.00,21.50,148,19.64,4.78,5.00,3.71
207,5-10,20-40,25.00,27.50,31.00,148,30.01,3.44,6.00,4.45
185,3-5,10-20,13.50,15.00,17.00,148,16.44,3.86,3.50,2.59
51,1-2,5-10,7.00,7.50,8.00,147,8.17,5.04,1.00,0.74
190,1-2,10-20,9.00,9.50,10.50,147,9.71,5.81,1.50,1.11
252,5-10,10-20,20.48,22.50,25.45,147,27.08,3.17,4.97,3.68
244,0-1,10-20,8.00,8.50,9.00,147,8.68,10.39,1.00,0.74
189,5-10,10-20,18.50,19.69,22.50,147,20.66,3.32,4.00,2.97
215,2-3,10-20,10.50,11.50,12.00,147,11.71,4.56,1.50,1.11
197,1-2,5-10,6.50,7.00,8.00,147,7.31,5.22,1.50,1.11
77,5-10,40+,29.70,32.95,37.00,147,35.46,4.57,7.30,5.41
119,3-5,20-40,17.00,18.50,22.70,147,21.40,4.91,5.70,4.23
185,10-20,40+,42.50,48.35,53.81,147,48.82,3.37,11.31,8.38
254,0-1,0-5,2.50,4.50,5.00,146,7.92,9.78,2.50,1.85
248,5-10,10-20,17.63,19.50,25.00,146,21.83,3.21,7.37,5.46
81,20+,40+,60.50,66.00,72.15,146,67.21,2.88,11.65,8.64
138,2-3,40+,11.00,13.00,26.00,146,19.45,5.12,15.00,11.12
169,2-3,10-20,11.00,11.50,13.00,146,12.29,4.75,2.00,1.48
25,3-5,5-10,11.50,12.00,13.00,146,12.22,3.47,1.50,1.11
60,10-20,40+,41.80,47.00,55.50,145,48.41,3.33,13.70,10.16
42,1-2,20-40,13.50,14.00,15.50,145,15.17,8.94,2.00,1.48
94,10-20,20-40,31.72,38.00,40.00,145,38.12,3.03,8.28,6.14
261,2-3,40+,11.50,13.50,24.00,145,16.56,5.34,12.50,9.27
76,20+,20-40,55.76,59.50,66.69,145,63.81,2.72,10.93,8.10
223,10-20,10-20,30.00,34.00,49.00,145,42.66,2.81,19.00,14.08
160,10-20,20-40,34.19,42.59,52.00,145,42.92,3.18,17.81,13.20
188,2-3,5-10,9.00,9.50,10.00,144,9.37,4.13,1.00,0.74
198,1-2,5-10,6.50,7.00,8.00,144,7.22,5.24,1.50,1.11
134,5-10,5-10,52.00,52.00,52.00,144,45.12,9.22,0.00,0.00
130,20+,40+,60.00,72.00,110.00,144,101.11,3.01,50.00,37.06
135,20+,40+,85.00,100.00,103.00,144,95.52,2.71,18.00,13.34
17,1-2,0-5,5.50,5.50,6.00,144,5.93,5.00,0.50,0.37
129,10-20,10-20,29.50,31.50,35.50,143,34.58,2.78,6.00,4.45
24,1-2,20-40,13.50,14.00,15.00,143,14.07,7.71,1.50,1.11
7,10-20,10-20,29.50,31.00,34.00,143,32.39,2.81,4.50,3.34
131,3-5,10-20,13.50,15.00,17.00,143,16.95,3.85,3.50,2.59
170,2-3,0-5,7.50,7.50,8.00,143,10.06,3.64,0.50,0.37
12,2-3,5-10,9.00,9.50,10.50,143,9.68,3.99,1.50,1.11
83,3-5,20-40,16.50,18.00,20.00,143,19.00,4.57,3.50,2.59
153,10-20,40+,40.50,46.98,53.84,143,47.59,3.31,13.34,9.89
123,1-2,10-20,9.00,10.00,11.00,143,10.37,6.54,2.00,1.48
165,0-1,0-5,2.50,4.00,4.50,143,4.61,9.00,2.00,1.48
213,2-3,10-20,11.00,11.50,12.53,143,12.33,4.64,1.53,1.13
235,5-10,40+,30.50,33.00,39.45,142,34.91,4.26,8.95,6.63
136,5-10,10-20,18.50,20.50,25.95,142,22.97,3.30,7.45,5.52
121,2-3,10-20,11.00,12.00,13.00,142,13.91,4.71,2.00,1.48
244,20+,20-40,52.00,59.00,72.19,142,66.43,2.69,20.19,14.97
198,2-3,10-20,10.50,11.50,12.50,142,11.99,4.64,2.00,1.48
114,0-1,20-40,12.50,13.50,15.00,141,13.62,16.86,2.50,1.85
261,1-2,40+,7.50,8.50,10.00,141,10.66,5.88,2.50,1.85
213,1-2,5-10,7.00,7.50,8.00,141,8.09,5.00,1.00,0.74
262,20+,20-40,64.33,74.50,89.00,141,75.03,3.24,24.67,18.29
89,5-10,10-20,18.50,20.00,24.90,141,22.36,3.34,6.40,4.74
35,0-1,0-5,3.50,4.50,5.00,140,8.00,9.00,1.50,1.11
182,0-1,0-5,3.00,4.00,5.00,140,5.70,8.51,2.00,1.48
265,0-1,10-20,8.00,9.00,10.00,140,20.68,11.11,2.00,1.48
17,5-10,10-20,18.50,21.00,25.00,139,22.67,3.22,6.50,4.82
15,10-20,20-40,37.02,42.95,48.50,139,43.14,2.94,11.48,8.51
70,0-1,5-10,5.50,6.00,6.50,139,8.23,7.86,1.00,0.74
9,5-10,10-20,19.00,22.50,32.45,139,25.81,3.31,13.45,9.97
222,2-3,10-20,11.00,11.50,13.00,139,12.28,4.69,2.00,1.48
227,5-10,40+,30.00,33.50,37.50,139,35.35,4.42,7.50,5.56
38,20+,40+,60.00,67.50,74.95,139,70.72,2.92,14.95,11.08
36,1-2,10-20,9.00,9.00,10.00,138,9.46,5.59,1.00,0.74
11,10-20,40+,44.51,50.45,56.09,138,50.34,3.18,11.58,8.58
75,20+,20-40,56.00,60.50,74.00,137,67.38,2.74,18.00,13.34
61,1-2,0-5,5.50,5.50,6.00,137,5.69,5.00,0.50,0.37
91,1-2,10-20,9.50,9.50,10.50,137,10.17,6.05,1.00,0.74
228,1-2,10-20,9.00,9.50,10.50,137,9.88,5.83,1.50,1.11
26,3-5,10-20,13.50,15.00,16.50,137,16.02,4.22,3.00,2.22
23,20+,40+,80.50,85.00,103.00,137,89.93,2.70,22.50,16.68
215,0-1,0-5,2.50,4.50,20.00,137,16.01,19.05,17.50,12.97
198,10-20,40+,43.00,48.00,53.75,137,48.27,3.27,10.75,7.97
219,0-1,0-5,2.50,4.00,20.00,137,27.05,25.00,17.50,12.97
12,3-5,40+,25.00,27.00,28.50,136,26.18,5.95,3.50,2.59
94,10-20,40+,42.00,47.99,53.89,136,48.65,3.36,11.89,8.81
150,5-10,20-40,23.00,26.20,30.50,136,28.46,3.60,7.50,5.56
217,5-10,10-20,19.50,22.48,25.00,135,23.90,3.13,5.50,4.08
78,3-5,10-20,14.00,15.00,16.50,135,16.63,3.90,2.50,1.85
71,20+,40+,61.50,66.50,71.00,135,66.51,3.01,9.50,7.04
149,3-5,20-40,17.00,18.50,22.00,134,20.29,4.76,5.00,3.71
86,10-20,20-40,38.88,46.15,51.55,134,46.58,3.47,12.67,9.39
265,3-5,5-10,12.00,15.00,60.00,134,40.71,3.67,48.00,35.58
149,2-3,10-20,11.00,12.00,12.50,134,12.10,4.77,1.50,1.11
202,10-20,20-40,38.50,46.50,52.00,134,45.97,3.18,13.50,10.01
136,20+,40+,62.50,69.33,76.33,133,73.33,2.95,13.83,10.25
166,1-2,40+,6.50,7.50,8.50,133,7.96,5.39,2.00,1.48
28,20+,40+,71.50,77.71,87.50,133,91.50,2.86,16.00,11.86
42,3-5,40+,18.50,26.00,28.00,133,24.25,5.82,9.50,7.04
32,2-3,10-20,10.50,11.50,12.50,133,11.89,4.67,2.00,1.48
264,5-10,5-10,16.00,16.50,19.00,133,20.77,2.98,3.00,2.22
106,1-2,0-5,5.50,6.00,6.00,132,5.74,5.00,0.50,0.37
39,0-1,0-5,3.00,4.50,5.50,132,8.94,10.94,2.50,1.85
209,2-3,0-5,8.00,8.00,8.50,131,8.19,3.66,0.50,0.37
210,0-1,0-5,2.50,3.00,5.00,131,7.30,25.00,2.50,1.85
250,5-10,10-20,18.50,20.50,26.50,131,23.19,3.20,8.00,5.93
11,10-20,20-40,33.50,39.89,47.99,131,41.95,3.04,14.49,10.74
92,1-2,5-10,6.50,7.50,8.00,131,7.55,5.17,1.50,1.11
69,20+,40+,63.00,69.00,76.33,131,71.37,2.95,13.33,9.88
228,20+,40+,60.50,64.00,71.50,131,67.92,2.82,11.00,8.15
153,0-1,0-5,4.00,4.50,4.50,131,4.62,6.72,0.50,0.37
202,10-20,40+,43.05,49.00,52.00,131,49.69,3.35,8.95,6.63
194,5-10,40+,31.00,33.00,38.50,131,37.17,4.46,7.50,5.56
197,3-5,20-40,17.00,18.50,21.00,131,19.62,4.61,4.00,2.97
194,0-1,0-5,3.00,3.00,4.50,131,10.42,12.50,1.50,1.11
217,10-20,20-40,35.50,42.00,49.00,130,43.19,3.02,13.50,10.01
196,3-5,20-40,16.50,18.14,21.50,130,19.85,4.46,5.00,3.71
136,2-3,10-20,10.50,11.50,13.00,130,11.85,4.81,2.50,1.85
174,5-10,10-20,19.00,22.01,28.95,130,24.29,3.29,9.95,7.38
139,3-5,10-20,13.50,15.50,21.95,130,18.15,4.01,8.45,6.26
216,5-10,40+,32.00,35.00,40.50,130,37.88,4.07,8.50,6.30
74,2-3,0-5,7.50,7.50,8.50,130,9.40,3.57,1.00,0.74
19,10-20,40+,46.75,53.39,58.00,130,52.89,3.15,11.25,8.34
22,5-10,40+,29.50,33.50,38.00,130,34.14,4.41,8.50,6.30
181,20+,40+,61.00,67.25,75.66,129,70.26,2.82,14.66,10.87
21,2-3,10-20,10.50,11.50,12.50,129,12.08,4.80,2.00,1.48
209,20+,20-40,52.00,54.50,63.00,129,60.49,2.60,11.00,8.15
107,2-3,0-5,7.50,7.50,7.50,129,7.20,3.57,0.00,0.00
85,0-1,0-5,3.50,4.50,5.00,129,7.76,8.75,1.50,1.11
78,3-5,20-40,16.50,18.50,21.00,129,19.64,4.80,4.50,3.34
62,0-1,5-10,5.50,6.00,6.50,129,7.15,7.83,1.00,0.74
262,10-20,10-20,29.50,31.00,33.50,129,33.88,2.80,4.00,2.97
197,5-10,5-10,52.00,52.00,52.00,129,46.54,9.89,0.00,0.00
74,1-2,40+,6.50,8.00,9.00,128,8.54,5.47,2.50,1.85
202,3-5,20-40,17.00,18.50,20.50,128,19.04,4.55,3.50,2.59
101,5-10,20-40,25.00,28.00,32.50,128,30.26,3.25,7.50,5.56
170,5-10,5-10,15.50,16.00,16.50,128,17.53,3.04,1.00,0.74
34,2-3,10-20,10.50,11.50,12.50,128,12.12,4.58,2.00,1.48
138,0-1,20-40,13.00,14.00,17.00,128,15.39,28.13,4.00,2.97
127,2-3,5-10,9.50,10.00,10.50,128,9.87,3.87,1.00,0.74
254,2-3,10-20,10.50,11.50,13.00,128,12.59,4.73,2.50,1.85
12,3-5,5-10,11.50,12.00,12.50,128,12.27,3.44,1.00,0.74
129,20+,40+,72.00,100.00,150.00,127,113.86,3.37,78.00,57.82
22,3-5,20-40,17.00,18.50,21.95,127,20.43,4.84,4.95,3.67
39,1-2,10-20,9.00,10.00,10.50,127,10.39,6.00,1.50,1.11
76,0-1,5-10,5.50,6.00,6.50,127,7.10,7.89,1.00,0.74
250,3-5,10-20,14.00,15.00,16.50,127,16.55,3.86,2.50,1.85
190,0-1,0-5,4.00,4.50,5.00,127,5.86,7.00,1.00,0.74
259,20+,40+,62.00,66.69,71.83,127,72.54,2.90,9.83,7.29
235,20+,40+,64.44,71.69,82.50,127,75.91,2.89,18.06,13.39
210,3-5,20-40,17.00,18.50,21.95,127,20.17,4.60,4.95,3.67
119,1-2,10-20,9.00,10.00,10.50,127,10.25,5.95,1.50,1.11
168,3-5,5-10,11.50,12.50,14.00,126,13.84,3.37,2.50,1.85
264,2-3,0-5,7.50,8.00,8.50,126,11.06,3.57,1.00,0.74
51,3-5,20-40,16.55,19.00,21.95,126,20.07,4.80,5.40,4.00
148,20+,20-40,54.50,58.50,67.50,126,67.81,2.70,13.00,9.64
53,5-10,20-40,25.97,29.00,33.00,126,29.92,3.33,7.03,5.21
210,3-5,10-20,13.50,15.00,17.00,125,16.70,3.98,3.50,2.59
183,10-20,40+,42.50,50.00,55.73,125,48.86,3.21,13.23,9.81
18,3-5,20-40,16.50,19.00,22.00,125,20.27,4.81,5.50,4.08
132,0-1,10-20,8.00,10.00,12.50,125,22.31,18.38,4.50,3.34
87,0-1,20-40,13.00,13.50,14.50,125,14.84,16.84,1.50,1.11
89,2-3,20-40,15.00,15.50,17.00,125,16.39,6.18,2.00,1.48
210,2-3,10-20,11.00,11.50,13.00,125,12.25,4.85,2.00,1.48
220,2-3,10-20,10.50,11.50,12.50,124,12.02,4.81,2.00,1.48
219,20+,20-40,53.50,61.13,72.45,124,74.93,2.74,18.95,14.05
129,2-3,20-40,14.00,15.00,16.00,124,15.44,5.83,2.00,1.48
29,0-1,0-5,2.50,2.50,4.00,124,4.23,23.53,1.50,1.11
193,3-5,5-10,11.00,11.50,12.00,124,11.77,3.43,1.00,0.74
126,5-10,10-20,19.00,22.18,28.95,124,24.97,3.23,9.95,7.38
194,2-3,10-20,11.50,52.00,52.00,124,33.95,17.75,40.50,30.02
14,20+,40+,60.86,68.00,78.00,124,78.30,2.86,17.14,12.71
224,10-20,10-20,29.50,31.00,32.50,124,31.42,2.79,3.00,2.22
243,3-5,5-10,11.50,12.00,13.00,123,12.92,3.38,1.50,1.11
213,0-1,0-5,3.00,4.00,5.00,123,6.96,8.33,2.00,1.48
135,0-1,0-5,3.50,4.50,5.00,123,5.70,7.50,1.50,1.11
85,5-10,40+,28.00,31.50,37.00,123,32.60,4.44,9.00,6.67
89,2-3,5-10,9.00,9.00,10.00,123,9.49,4.09,1.00,0.74
81,1-2,5-10,7.00,7.50,8.50,123,7.74,5.00,1.50,1.11
20,3-5,10-20,13.50,15.00,17.00,123,16.86,3.97,3.50,2.59
133,1-2,10-20,9.00,9.50,10.50,123,10.34,6.43,1.50,1.11
9,10-20,40+,41.74,47.23,52.00,122,48.02,3.35,10.26,7.61
191,0-1,0-5,0.10,3.00,4.50,122,7.84,8.33,4.40,3.26
222,3-5,10-20,14.50,15.00,21.95,122,17.48,4.27,7.45,5.52
205,3-5,20-40,16.50,18.45,22.70,122,21.13,4.72,6.20,4.60
19,0-1,0-5,0.10,3.00,4.00,122,3.07,8.75,3.90,2.89
130,3-5,20-40,17.00,19.00,22.00,121,20.53,4.77,5.00,3.71
56,1-2,5-10,7.00,7.50,8.00,121,7.66,5.33,1.00,0.74
210,1-2,5-10,6.50,7.50,8.00,121,7.57,5.35,1.50,1.11
166,2-3,40+,10.50,12.00,13.00,121,12.98,4.77,2.50,1.85
87,2-3,40+,10.50,12.00,24.00,121,16.04,5.04,13.50,10.01
212,3-5,20-40,17.00,19.00,22.00,121,19.97,4.71,5.00,3.71
212,0-1,0-5,3.00,4.00,4.50,121,5.01,8.89,1.50,1.11
191,1-2,5-10,6.50,7.00,8.00,121,7.08,4.90,1.50,1.11
56,0-1,0-5,4.00,4.50,5.00,121,10.94,8.33,1.00,0.74
145,20+,40+,63.00,77.00,92.50,121,87.66,3.03,29.50,21.87
252,10-20,40+,42.50,47.63,55.13,120,49.77,3.23,12.63,9.36
101,20+,40+,58.79,64.19,69.69,120,65.99,2.87,10.90,8.08
190,10-20,40+,39.00,42.50,48.00,120,44.31,3.46,9.00,6.67
77,1-2,5-10,7.00,7.50,8.00,120,8.42,5.26,1.00,0.74
185,2-3,10-20,11.00,11.50,12.50,120,12.01,4.60,1.50,1.11
127,3-5,5-10,11.50,12.50,13.50,120,12.74,3.32,2.00,1.48
219,3-5,10-20,13.50,15.00,16.50,120,17.95,3.88,3.00,2.22
5,20+,40+,83.00,90.00,94.00,119,91.39,2.75,11.00,8.15
217,10-20,40+,42.24,49.50,55.00,119,50.60,3.38,12.76,9.46
75,5-10,5-10,16.00,17.00,17.50,119,17.40,2.96,1.50,1.11
173,5-10,10-20,18.66,22.00,27.00,119,24.32,3.15,8.34,6.18
150,20+,40+,62.50,69.95,80.50,119,77.19,2.97,18.00,13.34
229,5-10,5-10,15.50,16.00,16.50,118,16.17,3.00,1.00,0.74
97,20+,40+,61.49,68.00,78.50,118,72.72,2.97,17.01,12.61
157,1-2,5-10,6.50,7.50,8.00,118,8.04,4.91,1.50,1.11
4,3-5,40+,17.00,25.00,27.00,118,23.13,5.87,10.00,7.41
194,10-20,40+,41.00,46.99,52.00,118,49.74,3.25,11.00,8.15
234,20+,20-40,56.50,67.00,75.00,118,71.92,3.08,18.50,13.71
64,10-20,20-40,38.50,46.15,51.00,118,45.76,2.93,12.50,9.27
152,20+,40+,55.73,67.00,77.00,118,70.82,2.90,21.27,15.77
143,0-1,20-40,13.00,13.50,14.50,118,13.60,16.67,1.50,1.11
249,2-3,0-5,7.50,7.50,8.00,117,7.56,3.57,0.50,0.37
32,3-5,10-20,14.00,15.00,16.50,117,17.05,4.00,2.50,1.85
258,0-1,0-5,2.50,3.00,4.50,117,7.42,11.11,2.00,1.48
216,20+,20-40,52.00,56.50,63.00,117,65.26,2.66,11.00,8.15
241,3-5,10-20,14.00,15.09,17.00,117,16.73,3.89,3.00,2.22
183,5-10,20-40,24.78,28.50,35.95,116,30.27,3.56,11.17,8.28
63,3-5,20-40,17.00,20.00,23.00,116,20.60,4.76,6.00,4.45
160,5-10,10-20,19.50,22.50,29.45,116,26.32,3.20,9.95,7.38
218,0-1,0-5,4.00,5.00,5.50,116,7.74,7.50,1.50,1.11
47,1-2,5-10,7.00,7.50,8.00,116,7.75,5.26,1.00,0.74
177,1-2,10-20,9.00,9.50,10.50,116,10.28,6.07,1.50,1.11
85,1-2,10-20,9.00,9.50,10.50,116,9.85,6.07,1.50,1.11
9,5-10,20-40,22.45,26.00,30.50,116,27.79,3.55,8.05,5.97
32,5-10,40+,29.65,34.50,37.69,116,34.72,4.02,8.04,5.96
216,1-2,0-5,6.00,52.00,52.00,116,37.84,29.21,46.00,34.10
41,0-1,40+,4.50,5.50,6.00,116,8.21,7.78,1.50,1.11
159,20+,40+,62.50,69.00,75.04,115,68.69,2.90,12.54,9.30
174,3-5,20-40,17.00,19.50,22.45,115,20.60,4.61,5.45,4.04
79,20+,20-40,54.50,58.00,69.50,115,66.13,2.73,15.00,11.12
203,5-10,10-20,20.00,23.50,35.95,115,27.74,3.17,15.95,11.82
139,5-10,10-20,23.11,25.10,39.95,115,29.38,3.17,16.84,12.48
210,5-10,10-20,20.00,22.00,28.91,115,25.08,3.33,8.91,6.60
242,5-10,40+,30.50,33.50,36.50,115,33.96,4.39,6.00,4.45
4,10-20,10-20,29.50,30.00,31.00,115,31.00,2.84,1.50,1.11
258,5-10,40+,30.74,35.50,39.45,115,36.47,4.29,8.71,6.46
4,20+,40+,62.71,72.03,80.00,114,73.11,2.77,17.29,12.82
64,10-20,40+,50.50,53.50,56.50,114,53.93,3.18,6.00,4.45
260,2-3,20-40,14.50,15.00,16.00,114,15.51,6.04,1.50,1.11
37,2-3,20-40,15.00,15.50,17.00,113,16.32,6.03,2.00,1.48
247,1-2,0-5,5.50,6.00,6.00,113,5.81,5.00,0.50,0.37
18,2-3,10-20,11.00,11.50,13.00,113,12.05,4.91,2.00,1.48
69,2-3,20-40,15.00,15.50,17.00,113,16.24,6.16,2.00,1.48
16,3-5,10-20,13.00,15.00,17.00,112,15.98,3.83,4.00,2.97
254,3-5,20-40,17.00,19.00,22.45,112,19.96,4.73,5.45,4.04
106,10-20,40+,40.50,49.00,56.00,112,49.35,3.39,15.50,11.49
258,3-5,10-20,13.50,15.00,16.50,112,17.22,3.97,3.00,2.22
124,20+,40+,56.00,67.50,78.50,112,87.43,2.81,22.50,16.68
29,10-20,20-40,36.50,42.15,51.55,112,44.74,3.02,15.05,11.16
250,1-2,5-10,6.50,7.00,8.00,112,7.53,5.28,1.50,1.11
101,5-10,10-20,21.23,24.50,32.45,111,27.22,3.11,11.22,8.32
10,2-3,5-10,9.00,9.50,10.00,111,9.71,3.91,1.00,0.74
13,0-1,20-40,13.00,13.50,14.50,111,13.58,16.67,1.50,1.11
107,20+,20-40,54.41,64.50,74.00,111,65.97,2.75,19.59,14.52
225,2-3,20-40,14.50,15.50,17.00,111,16.11,6.00,2.50,1.85
20,5-10,20-40,23.00,26.00,31.08,111,27.47,3.84,8.08,5.99
83,10-20,40+,43.00,50.00,54.25,110,50.83,3.47,11.25,8.34
228,0-1,5-10,5.50,6.00,6.50,110,6.52,7.32,1.00,0.74
54,5-10,10-20,18.03,19.50,21.50,110,20.80,3.14,3.47,2.57
83,1-2,0-5,5.50,5.50,6.00,110,6.56,5.00,0.50,0.37
220,3-5,20-40,16.40,18.16,20.50,110,19.85,4.82,4.10,3.04
34,1-2,10-20,9.00,9.50,10.00,110,9.72,6.00,1.00,0.74
218,3-5,20-40,16.00,17.50,21.95,110,19.47,4.82,5.95,4.41
9,10-20,20-40,35.00,38.50,47.00,110,40.71,2.99,12.00,8.90
85,20+,40+,58.00,64.50,69.19,110,66.01,2.88,11.19,8.30
49,2-3,20-40,14.50,15.00,16.50,110,15.73,5.98,2.00,1.48
35,0-1,5-10,5.50,6.00,6.50,110,6.40,7.89,1.00,0.74
34,5-10,20-40,23.50,25.50,28.50,110,26.79,3.41,5.00,3.71
232,2-3,0-5,8.00,8.50,9.00,109,9.26,3.54,1.00,0.74
196,0-1,5-10,5.50,6.00,6.50,109,6.44,7.81,1.00,0.74
119,20+,40+,58.91,64.19,72.50,109,66.49,2.85,13.59,10.07
137,20+,20-40,55.50,58.00,66.83,109,64.63,2.72,11.33,8.40
203,3-5,10-20,13.50,15.00,18.00,109,17.12,3.87,4.50,3.34
173,1-2,10-20,9.00,9.50,10.50,109,9.98,6.05,1.50,1.11
239,0-1,20-40,12.50,13.50,15.00,109,13.82,16.88,2.50,1.85
182,5-10,40+,29.50,32.50,35.00,108,32.51,3.89,5.50,4.08
124,5-10,10-20,18.50,24.73,28.95,108,26.76,3.30,10.45,7.75
169,0-1,0-5,3.00,4.50,5.00,108,9.76,10.61,2.00,1.48
247,2-3,20-40,14.50,15.50,16.50,108,16.00,6.13,2.00,1.48
15,5-10,10-20,19.97,23.50,28.95,108,25.76,3.21,8.98,6.66
126,3-5,10-20,14.00,15.00,16.50,108,16.61,3.86,2.50,1.85
258,2-3,10-20,11.00,11.50,13.00,108,12.85,4.69,2.00,1.48
246,20+,20-40,59.00,74.50,100.00,107,80.63,3.46,41.00,30.39
231,2-3,0-5,7.50,7.50,8.00,107,8.30,3.66,0.50,0.37
182,2-3,10-20,10.50,11.00,12.00,107,11.81,4.50,1.50,1.11
261,0-1,20-40,13.00,14.00,15.00,107,15.91,17.76,2.00,1.48
136,1-2,5-10,6.50,7.50,8.00,107,7.55,5.43,1.50,1.11
81,2-3,10-20,10.50,11.00,12.00,107,11.47,4.79,1.50,1.11
149,1-2,5-10,7.00,7.50,8.00,107,8.64,5.33,1.00,0.74
198,0-1,0-5,4.00,4.50,5.00,107,8.08,8.49,1.00,0.74
173,0-1,5-10,5.50,6.00,6.50,107,6.09,7.22,1.00,0.74
93,5-10,5-10,20.00,52.00,52.00,107,42.85,7.20,32.00,23.72
28,3-5,20-40,16.50,17.50,20.50,107,19.58,4.63,4.00,2.97
81,3-5,10-20,13.50,15.50,18.09,107,17.43,3.88,4.59,3.40
254,5-10,40+,28.97,34.50,39.45,107,35.18,4.04,10.48,7.77
148,2-3,0-5,7.50,8.00,8.00,107,8.99,3.75,0.50,0.37
173,3-5,10-20,14.00,14.50,16.00,106,16.36,3.90,2.00,1.48
215,10-20,10-20,52.00,52.00,52.00,106,51.15,3.96,0.00,0.00
45,2-3,40+,11.50,15.50,25.00,106,18.83,5.75,13.50,10.01
45,10-20,10-20,29.50,31.00,33.50,106,32.17,2.79,4.00,2.97
65,3-5,40+,18.00,25.95,28.00,106,23.81,5.81,10.00,7.41
97,1-2,20-40,13.50,14.50,15.50,106,14.80,9.41,2.00,1.48
157,2-3,10-20,10.50,11.50,12.00,106,11.96,4.48,1.50,1.11
40,2-3,20-40,14.00,15.50,16.50,105,15.72,6.11,2.50,1.85
10,3-5,20-40,16.50,18.50,21.50,105,19.75,4.71,5.00,3.71
255,0-1,10-20,8.00,8.00,8.50,105,8.30,9.88,0.50,0.37
52,3-5,5-10,11.00,11.50,12.50,105,11.73,3.47,1.50,1.11
56,1-2,10-20,9.00,9.50,10.50,105,9.90,5.94,1.50,1.11
136,0-1,0-5,3.50,4.50,5.00,105,11.59,8.18,1.50,1.11
182,3-5,20-40,16.52,18.50,21.00,105,19.67,4.63,4.48,3.32
21,3-5,10-20,14.00,15.00,16.50,105,16.64,3.97,2.50,1.85
222,20+,20-40,55.72,59.00,66.33,105,59.80,2.67,10.61,7.87
18,1-2,5-10,6.50,7.50,8.00,105,7.66,5.36,1.50,1.11
150,10-20,20-40,37.07,45.00,52.00,105,45.54,3.12,14.93,11.07
83,3-5,5-10,11.00,11.50,12.50,104,12.70,3.39,1.50,1.11
192,10-20,20-40,34.00,37.50,42.59,104,39.54,3.05,8.59,6.37
202,1-2,10-20,8.50,9.50,10.00,104,11.25,5.67,1.50,1.11
10,1-2,10-20,9.00,9.50,10.00,104,9.74,5.71,1.00,0.74
32,20+,40+,64.69,72.71,81.54,104,73.91,2.93,16.85,12.49
101,0-1,0-5,0.10,0.10,3.00,104,2.72,1.43,2.90,2.15
228,2-3,5-10,9.00,9.50,10.00,104,9.38,4.05,1.00,0.74
257,0-1,0-5,2.50,4.00,5.00,104,5.76,8.70,2.50,1.85
133,5-10,10-20,19.50,20.70,24.00,103,22.86,3.18,4.50,3.34
36,2-3,5-10,8.50,9.00,9.50,103,9.02,4.13,1.00,0.74
244,5-10,5-10,16.00,16.50,17.00,103,16.59,3.02,1.00,0.74
74,2-3,40+,11.00,11.50,14.50,103,15.17,4.77,3.50,2.59
21,1-2,10-20,9.00,10.00,10.50,103,9.96,5.75,1.50,1.11
7,20+,40+,63.00,72.00,79.00,103,74.84,2.98,16.00,11.86
241,5-10,10-20,18.50,22.26,28.95,103,23.85,3.37,10.45,7.75
94,3-5,20-40,17.00,19.50,22.50,103,20.37,4.79,5.50,4.08
178,5-10,20-40,22.00,27.54,31.34,103,27.68,3.82,9.34,6.92
123,3-5,10-20,13.50,14.50,16.00,102,16.37,4.14,2.50,1.85
216,2-3,5-10,9.00,10.00,10.50,102,20.93,3.99,1.50,1.11
93,20+,40+,58.00,97.00,165.00,102,121.34,3.30,107.00,79.32
28,1-2,10-20,9.00,9.50,10.50,102,10.08,6.16,1.50,1.11
51,0-1,0-5,2.50,4.00,5.00,102,9.17,9.09,2.50,1.85
25,10-20,10-20,29.50,30.00,31.50,102,31.16,2.83,2.00,1.48
212,1-2,5-10,6.50,7.00,8.00,102,7.28,5.31,1.50,1.11
38,3-5,10-20,14.00,15.00,17.00,102,16.94,3.70,3.00,2.22
149,3-5,10-20,13.50,14.50,17.00,101,16.67,4.24,3.50,2.59
157,0-1,0-5,3.50,4.50,5.00,101,13.31,9.80,1.50,1.11
52,10-20,10-20,31.00,31.50,32.50,101,31.84,2.77,1.50,1.11
22,3-5,10-20,13.50,15.00,16.00,101,15.87,4.19,2.50,1.85
167,5-10,40+,31.66,35.00,39.45,101,35.46,4.06,7.79,5.77
45,0-1,20-40,13.00,14.00,15.00,101,13.76,17.50,2.00,1.48
173,2-3,10-20,10.50,11.50,12.50,101,11.54,4.67,2.00,1.48
122,5-10,20-40,21.50,26.00,32.45,101,27.63,3.68,10.95,8.12
9,3-5,10-20,14.00,15.00,25.45,101,18.24,4.06,11.45,8.49
15,5-10,20-40,24.57,28.00,32.45,100,29.61,3.34,7.88,5.84
121,3-5,20-40,17.00,18.50,21.00,100,20.06,4.63,4.00,2.97
77,3-5,10-20,14.00,15.00,17.20,100,17.58,4.30,3.20,2.37
47,1-2,10-20,9.00,9.50,10.50,100,10.16,6.11,1.50,1.11
87,2-3,0-5,7.50,8.00,8.50,100,8.37,3.64,1.00,0.74
148,5-10,5-10,16.00,17.00,19.00,100,17.60,2.97,3.00,2.22
123,0-1,5-10,5.50,6.00,7.00,99,6.66,8.82,1.50,1.11
32,1-2,5-10,7.00,7.50,8.00,99,7.98,5.33,1.00,0.74
167,0-1,5-10,5.50,6.00,6.50,99,7.19,7.86,1.00,0.74
254,1-2,10-20,9.00,9.50,10.50,99,9.83,6.05,1.50,1.11
13,0-1,40+,5.00,5.50,6.50,99,7.88,7.56,1.50,1.11
92,3-5,20-40,17.00,18.00,20.58,99,20.11,4.72,3.58,2.65
33,3-5,40+,19.00,26.00,27.50,99,23.85,5.81,8.50,6.30
195,2-3,5-10,9.00,9.50,52.00,99,23.07,4.15,43.00,31.88
54,2-3,10-20,10.50,11.50,12.50,99,12.13,4.56,2.00,1.48
81,5-10,10-20,19.50,24.39,32.45,99,26.86,3.27,12.95,9.60
165,0-1,5-10,5.50,6.00,6.50,99,6.88,7.86,1.00,0.74
14,0-1,5-10,5.50,6.00,6.50,99,7.25,7.74,1.00,0.74
93,3-5,10-20,13.50,14.50,25.45,98,23.24,3.84,11.95,8.86
255,3-5,40+,15.50,24.50,27.00,98,22.20,5.38,11.50,8.52
169,5-10,10-20,18.00,22.28,26.50,98,24.82,3.23,8.50,6.30
155,0-1,0-5,3.00,4.00,5.00,98,9.12,10.20,2.00,1.48
193,3-5,40+,23.50,25.50,28.00,98,25.29,6.07,4.50,3.34
241,0-1,0-5,3.50,4.50,5.00,98,7.09,8.16,1.50,1.11
70,20+,20-40,99.50,120.00,150.00,98,121.51,4.81,50.50,37.44
223,20+,20-40,77.50,103.00,138.00,98,109.64,4.26,60.50,44.85
169,20+,40+,60.00,66.83,74.87,98,68.71,2.86,14.87,11.02
72,0-1,0-5,3.50,4.50,5.00,98,7.21,9.09,1.50,1.11
159,2-3,20-40,14.50,15.50,17.00,98,16.04,6.09,2.50,1.85
138,3-5,0-5,10.50,11.00,12.00,98,11.59,3.16,1.50,1.11
86,5-10,20-40,26.63,32.45,40.20,97,33.66,4.15,13.57,10.06
212,2-3,10-20,11.00,12.00,13.00,97,12.45,4.59,2.00,1.48
138,1-2,40+,8.00,10.00,26.50,97,16.85,6.42,18.50,13.71
47,0-1,0-5,3.00,4.00,4.50,97,4.60,9.76,1.50,1.11
263,5-10,5-10,15.50,16.00,17.00,97,16.46,3.00,1.50,1.11
95,1-2,0-5,5.50,6.00,6.00,97,6.71,5.00,0.50,0.37
125,0-1,40+,4.50,5.00,6.50,97,9.61,7.75,2.00,1.48
246,2-3,0-5,7.50,7.50,8.00,96,10.38,3.59,0.50,0.37
71,0-1,0-5,4.00,4.50,5.00,96,7.02,9.00,1.00,0.74
257,5-10,10-20,17.50,19.00,21.00,96,20.52,3.15,3.50,2.59
181,1-2,20-40,13.50,14.00,15.00,96,14.56,8.88,1.50,1.11
194,1-2,5-10,7.00,7.50,8.50,96,14.28,4.62,1.50,1.11
209,5-10,5-10,15.50,16.00,16.50,96,16.16,3.00,1.00,0.74
148,0-1,20-40,12.50,13.50,15.00,96,13.26,17.98,2.50,1.85
205,20+,20-40,53.93,58.53,71.69,96,62.01,2.73,17.76,13.17
108,5-10,20-40,23.00,27.00,31.00,96,28.58,3.65,8.00,5.93
139,1-2,5-10,6.50,7.00,8.00,95,7.78,4.96,1.50,1.11
147,3-5,20-40,16.50,19.00,22.70,95,20.23,4.85,6.20,4.60
119,5-10,40+,30.46,34.99,38.50,95,34.50,4.11,8.04,5.96
220,1-2,10-20,9.00,9.50,10.50,95,9.88,6.02,1.50,1.11
167,1-2,10-20,9.00,9.50,11.00,95,10.19,6.18,2.00,1.48
136,5-10,40+,32.00,34.50,37.00,95,35.61,4.03,5.00,3.71
192,3-5,10-20,13.50,15.00,16.00,95,15.42,3.81,2.50,1.85
196,2-3,5-10,9.00,9.50,10.00,95,10.17,3.97,1.00,0.74
98,5-10,10-20,18.00,19.50,26.00,95,22.98,3.43,8.00,5.93
222,1-2,5-10,7.00,7.50,8.00,95,7.67,5.08,1.00,0.74
10,20+,20-40,52.24,64.19,120.00,94,87.45,2.99,67.76,50.23
260,10-20,10-20,30.00,33.00,40.00,94,36.57,2.77,10.00,7.41
21,5-10,40+,28.50,33.50,36.00,94,33.97,3.95,7.50,5.56
175,5-10,10-20,19.00,21.91,32.45,94,26.63,3.37,13.45,9.97
146,0-1,10-20,8.00,8.50,9.00,94,8.58,11.17,1.00,0.74
37,1-2,0-5,5.50,5.50,6.00,94,5.84,5.00,0.50,0.37
93,1-2,5-10,6.50,7.00,8.00,94,13.76,5.38,1.50,1.11
175,5-10,20-40,24.73,28.00,32.45,94,29.49,3.54,7.72,5.72
160,3-5,10-20,13.50,15.00,17.00,94,16.88,3.91,3.50,2.59
77,1-2,10-20,9.00,9.50,10.00,93,10.16,5.79,1.00,0.74
243,1-2,0-5,5.50,6.00,6.50,93,8.13,4.92,1.00,0.74
92,0-1,5-10,5.50,6.00,6.50,93,6.75,8.33,1.00,0.74
68,2-3,0-5,7.50,7.50,7.50,93,6.88,3.57,0.00,0.00
22,1-2,10-20,9.00,10.00,11.00,93,10.03,5.90,2.00,1.48
16,2-3,10-20,10.50,11.00,12.00,93,11.76,4.58,1.50,1.11
210,5-10,40+,31.50,35.00,39.00,93,37.48,4.31,7.50,5.56
127,3-5,20-40,17.00,18.00,20.50,93,19.23,4.70,3.50,2.59
227,2-3,10-20,10.50,11.50,13.00,93,12.27,4.73,2.50,1.85
26,20+,40+,61.00,65.50,70.00,93,66.49,2.94,9.00,6.67
116,0-1,10-20,8.00,8.50,9.50,93,9.98,10.37,1.50,1.11
265,20+,20-40,60.00,73.50,130.00,93,99.50,3.50,70.00,51.89
80,2-3,20-40,14.50,15.50,16.50,93,15.86,5.83,2.00,1.48
254,20+,20-40,57.00,62.50,66.33,93,62.15,2.85,9.33,6.92
126,2-3,10-20,11.00,11.50,13.00,93,12.38,4.85,2.00,1.48
102,3-5,10-20,13.50,15.50,17.00,92,17.13,3.94,3.50,2.59
72,0-1,5-10,5.50,6.00,6.50,92,8.44,7.39,1.00,0.74
60,3-5,20-40,17.00,20.00,23.50,92,20.58,4.85,6.50,4.82
145,0-1,10-20,8.00,9.00,9.50,92,11.13,11.11,1.50,1.11
26,0-1,10-20,8.00,9.00,10.00,92,10.01,13.57,2.00,1.48
26,2-3,20-40,14.50,15.50,16.50,92,15.93,6.29,2.00,1.48
178,0-1,0-5,3.00,3.00,4.50,91,5.95,10.71,1.50,1.11
16,0-1,0-5,4.00,5.00,5.00,91,5.41,7.00,1.00,0.74
241,3-5,20-40,17.00,18.50,21.50,91,19.97,4.73,4.50,3.34
185,3-5,20-40,16.50,18.50,21.50,91,20.14,4.74,5.00,3.71
153,3-5,10-20,14.00,15.92,17.50,91,17.17,3.94,3.50,2.59
14,1-2,10-20,9.00,9.50,10.00,91,9.88,6.33,1.00,0.74
136,1-2,10-20,9.00,9.50,10.50,91,10.30,6.18,1.50,1.11
74,0-1,40+,4.50,5.00,6.00,91,7.76,7.14,1.50,1.11
142,5-10,5-10,16.00,16.50,17.00,91,16.54,3.00,1.00,0.74
178,2-3,10-20,11.00,11.50,13.00,91,11.92,4.81,2.00,1.48
126,3-5,20-40,17.50,19.00,21.50,91,19.78,4.76,4.00,2.97
29,20+,40+,61.00,66.50,73.00,90,67.95,2.90,12.00,8.90
134,3-5,5-10,12.50,52.00,52.00,90,35.25,10.51,39.50,29.28
106,5-10,40+,29.00,32.00,35.50,90,33.20,4.47,6.50,4.82
63,2-3,10-20,10.50,11.50,12.50,90,11.87,4.64,2.00,1.48
248,0-1,0-5,2.50,3.50,4.50,90,4.96,10.00,2.00,1.48
39,20+,20-40,57.00,59.00,63.83,90,63.18,2.71,6.83,5.06
56,2-3,10-20,11.00,12.00,12.50,89,11.90,4.68,1.50,1.11
205,1-2,10-20,9.00,9.50,10.50,89,10.02,6.16,1.50,1.11
160,1-2,5-10,6.50,7.50,8.00,89,7.35,5.08,1.50,1.11
180,0-1,0-5,0.01,2.50,4.00,89,23.86,6.35,3.99,2.96
92,1-2,10-20,9.00,9.50,10.50,89,9.68,6.44,1.50,1.11
53,5-10,10-20,19.50,21.87,25.00,89,23.85,3.14,5.50,4.08
250,3-5,20-40,17.50,19.00,21.95,89,20.13,4.85,4.45,3.30
142,2-3,0-5,7.50,7.50,7.50,89,7.33,3.64,0.00,0.00
87,0-1,40+,4.50,5.50,6.50,89,9.67,8.24,2.00,1.48
21,3-5,20-40,17.00,19.50,21.50,89,19.70,4.79,4.50,3.34
22,20+,40+,63.00,69.00,76.83,89,72.30,2.96,13.83,10.25
83,5-10,40+,30.00,33.50,36.50,89,34.63,4.41,6.50,4.82
127,20+,40+,58.95,66.50,72.00,89,69.69,2.84,13.05,9.67
36,0-1,5-10,5.50,5.50,6.00,89,5.95,6.82,0.50,0.37
122,3-5,10-20,14.00,16.00,21.95,89,18.36,3.99,7.95,5.89
29,1-2,5-10,7.00,7.50,8.00,89,7.44,5.42,1.00,0.74
12,20+,40+,52.00,52.00,52.00,89,59.78,2.47,0.00,0.00
62,2-3,5-10,9.00,9.00,9.50,89,9.29,4.15,0.50,0.37
65,1-2,20-40,13.50,14.00,15.50,88,14.65,8.64,2.00,1.48
85,0-1,5-10,5.50,6.00,6.50,88,8.00,8.46,1.00,0.74
141,5-10,5-10,16.00,17.00,18.00,88,17.59,2.98,2.00,1.48
82,2-3,20-40,14.00,15.00,16.00,88,15.81,5.83,2.00,1.48
64,5-10,10-20,18.98,24.50,28.95,88,26.67,3.13,9.97,7.39
193,0-1,10-20,8.00,9.00,10.00,88,10.80,13.57,2.00,1.48
98,5-10,20-40,21.00,27.50,31.50,88,27.68,3.69,10.50,7.78
242,1-2,10-20,9.00,9.50,10.50,88,10.18,6.08,1.50,1.11
239,2-3,0-5,7.50,7.50,8.00,88,7.94,3.62,0.50,0.37
203,20+,20-40,55.53,64.19,69.33,87,69.42,3.01,13.80,10.23
153,2-3,10-20,10.50,12.00,12.50,87,12.11,4.75,2.00,1.48
236,10-20,10-20,29.00,30.50,32.00,87,32.24,2.83,3.00,2.22
241,1-2,5-10,7.00,7.50,8.00,86,7.27,5.36,1.00,0.74
8,5-10,10-20,21.50,52.00,52.00,86,40.85,7.65,30.50,22.61
256,3-5,40+,17.00,25.50,27.00,86,23.45,5.74,10.00,7.41
128,0-1,0-5,3.00,3.00,4.00,86,5.07,10.71,1.00,0.74
215,1-2,10-20,9.50,9.50,10.50,86,11.15,5.83,1.00,0.74
12,1-2,20-40,13.50,14.50,15.00,86,14.84,9.00,1.50,1.11
153,5-10,10-20,18.00,20.50,26.39,86,23.01,3.30,8.39,6.22
227,20+,40+,61.50,70.50,78.83,86,69.56,2.91,17.33,12.85
133,2-3,5-10,9.00,9.50,10.00,86,9.67,3.98,1.00,0.74
132,2-3,40+,10.00,11.50,46.00,86,24.56,4.59,36.00,26.69
138,0-1,40+,4.50,23.50,45.00,86,27.40,75.71,40.50,30.02
18,0-1,0-5,3.50,4.50,5.00,86,7.80,10.00,1.50,1.11
189,1-2,0-5,5.50,6.00,6.00,86,5.79,5.00,0.50,0.37
241,2-3,10-20,10.50,11.50,12.50,85,12.25,4.67,2.00,1.48
132,1-2,20-40,14.50,15.50,18.50,85,20.30,9.62,4.00,2.97
151,5-10,5-10,15.50,16.50,18.00,85,16.73,3.00,2.50,1.85
205,0-1,0-5,3.50,5.00,5.50,85,10.51,9.00,2.00,1.48
134,1-2,0-5,5.50,6.00,6.50,85,11.02,4.85,1.00,0.74
77,20+,40+,59.00,63.00,66.83,85,63.32,2.91,7.83,5.80
130,5-10,40+,31.07,34.00,42.95,85,35.99,3.98,11.88,8.81
261,0-1,40+,4.50,5.50,6.50,85,10.86,8.62,2.00,1.48
32,3-5,20-40,16.50,19.50,22.50,85,20.44,5.02,6.00,4.45
124,3-5,10-20,14.50,15.00,17.00,85,17.64,3.75,2.50,1.85
182,1-2,10-20,9.00,9.50,10.00,85,9.70,5.83,1.00,0.74
55,3-5,10-20,13.50,14.70,16.00,84,15.87,3.95,2.50,1.85
74,20+,20-40,57.50,62.50,69.00,84,71.75,2.74,11.50,8.52
146,20+,40+,61.50,67.75,81.50,84,77.25,2.97,20.00,14.83
227,1-2,5-10,6.50,7.50,8.00,84,8.24,5.45,1.50,1.11
165,20+,40+,62.55,67.33,72.00,84,68.31,2.96,9.45,7.01
160,10-20,40+,39.00,45.65,52.00,84,45.52,3.31,13.00,9.64
55,2-3,10-20,10.50,11.50,12.00,84,11.55,4.70,1.50,1.11
61,5-10,10-20,18.00,20.00,22.72,84,21.96,3.32,4.72,3.50
179,2-3,20-40,14.50,15.00,16.00,84,15.35,5.71,1.50,1.11
62,2-3,20-40,15.00,15.50,17.00,84,16.28,6.02,2.00,1.48
76,2-3,5-10,9.00,9.50,10.00,84,10.74,4.17,1.00,0.74
150,10-20,40+,42.08,49.46,57.50,84,50.91,3.27,15.42,11.43
219,1-2,5-10,7.00,7.50,8.00,84,11.04,5.32,1.00,0.74
183,5-10,10-20,21.00,25.00,28.95,84,26.47,3.15,7.95,5.89
265,1-2,20-40,13.50,14.50,16.00,83,19.50,8.68,2.50,1.85
38,5-10,20-40,22.50,25.50,35.95,83,29.63,3.73,13.45,9.97
63,3-5,10-20,13.50,15.00,16.00,83,16.26,4.07,2.50,1.85
97,10-20,10-20,29.00,29.50,32.50,83,32.57,2.82,3.50,2.59
200,3-5,10-20,13.50,15.00,16.50,83,16.11,3.81,3.00,2.22
177,0-1,5-10,5.50,6.00,6.50,83,7.98,8.33,1.00,0.74
153,1-2,5-10,6.50,7.00,7.50,83,7.21,5.28,1.00,0.74
60,5-10,10-20,18.50,20.50,24.50,83,22.76,3.27,6.00,4.45
145,2-3,0-5,7.50,52.00,52.00,83,35.33,21.40,44.50,32.99
40,20+,40+,61.63,70.00,74.00,83,70.62,2.74,12.37,9.17
67,3-5,20-40,16.50,18.50,21.00,83,19.61,5.01,4.50,3.34
25,3-5,40+,19.07,26.50,29.50,83,25.16,5.88,10.43,7.73
51,1-2,10-20,9.00,9.50,11.00,83,10.31,5.74,2.00,1.48
192,5-10,10-20,18.50,21.50,27.00,83,24.22,3.19,8.50,6.30
24,1-2,40+,7.00,8.00,9.00,82,8.69,5.39,2.00,1.48
160,2-3,10-20,10.50,11.00,12.00,82,11.47,4.61,1.50,1.11
42,10-20,10-20,28.80,30.50,34.50,82,34.00,2.82,5.70,4.23
24,20+,20-40,72.00,73.50,76.00,82,74.02,3.54,4.00,2.97
71,0-1,5-10,5.50,6.00,6.50,82,6.68,7.78,1.00,0.74
133,0-1,5-10,5.50,6.00,6.50,82,8.16,7.87,1.00,0.74
244,10-20,10-20,29.50,31.00,36.00,82,40.70,2.84,6.50,4.82
190,10-20,20-40,33.50,37.50,44.00,82,39.99,3.08,10.50,7.78
185,1-2,5-10,7.00,7.50,8.00,82,7.83,5.15,1.00,0.74
190,5-10,40+,31.00,33.50,36.45,81,34.02,4.26,5.45,4.04
250,5-10,40+,29.00,32.29,35.50,81,32.67,4.24,6.50,4.82
181,3-5,40+,18.00,26.00,28.00,81,24.17,5.54,10.00,7.41
166,0-1,40+,4.50,5.00,5.50,81,6.14,7.04,1.00,0.74
208,0-1,0-5,3.00,4.00,4.50,81,7.73,9.43,1.50,1.11
81,0-1,0-5,4.00,4.50,5.00,81,7.74,8.77,1.00,0.74
102,1-2,5-10,7.00,7.50,8.00,81,7.40,5.14,1.00,0.74
147,3-5,10-20,13.00,14.00,15.50,81,15.17,3.83,2.50,1.85
22,0-1,5-10,5.50,6.00,6.50,81,7.45,7.78,1.00,0.74
92,2-3,5-10,9.00,9.00,10.00,81,9.32,3.91,1.00,0.74
155,5-10,40+,29.00,31.50,35.95,81,35.24,4.55,6.95,5.15
130,0-1,5-10,5.50,6.00,6.50,81,8.16,8.33,1.00,0.74
197,5-10,40+,32.00,35.50,40.50,80,38.12,4.35,8.50,6.30
129,20+,20-40,73.00,100.00,128.00,80,101.54,3.87,55.00,40.77
131,1-2,5-10,7.00,7.50,8.00,80,7.68,5.15,1.00,0.74
54,1-2,10-20,8.50,9.50,10.00,80,9.58,6.18,1.50,1.11
11,20+,40+,61.13,67.00,77.00,80,75.63,2.99,15.87,11.76
131,2-3,10-20,10.50,11.50,12.50,80,12.01,4.55,2.00,1.48
25,1-2,20-40,13.50,14.00,15.50,80,15.11,8.28,2.00,1.48
47,5-10,10-20,19.00,21.89,26.33,80,24.24,3.21,7.33,5.43
135,1-2,10-20,9.00,10.00,10.50,80,9.99,5.76,1.50,1.11
152,5-10,5-10,15.50,15.50,16.00,79,15.73,3.05,0.50,0.37
28,0-1,5-10,5.50,6.00,6.50,79,6.34,7.86,1.00,0.74
18,5-10,10-20,18.52,20.83,28.95,79,23.70,3.52,10.43,7.73
6,0-1,0-5,3.00,3.50,3.50,79,6.34,8.75,0.50,0.37
207,5-10,10-20,20.50,23.00,27.00,79,27.59,3.14,6.50,4.82
60,1-2,5-10,7.00,7.50,8.00,79,7.47,5.19,1.00,0.74
126,5-10,40+,30.31,35.50,41.50,79,36.65,4.06,11.19,8.30
241,20+,40+,62.00,68.83,76.33,79,74.58,2.93,14.33,10.62
42,20+,20-40,58.50,66.50,84.50,78,72.61,2.87,26.00,19.27
77,0-1,0-5,2.50,4.00,5.00,78,8.72,11.67,2.50,1.85
174,20+,40+,62.00,69.50,77.50,78,70.74,2.94,15.50,11.49
155,1-2,10-20,9.00,9.50,10.50,78,10.62,5.59,1.50,1.11
192,10-20,40+,39.50,43.00,49.00,78,45.69,3.28,9.50,7.04
38,5-10,10-20,19.00,23.69,33.50,78,27.28,3.30,14.50,10.75
202,5-10,40+,28.50,31.50,34.00,78,32.46,4.62,5.50,4.08
247,20+,40+,60.00,66.00,74.19,78,69.83,2.89,14.19,10.52
134,1-2,10-20,9.00,9.50,10.00,78,9.75,5.84,1.00,0.74
126,0-1,0-5,3.00,4.00,5.00,78,6.89,9.09,2.00,1.48
160,5-10,40+,30.00,33.00,35.50,78,34.14,4.20,5.50,4.08
163,2-3,0-5,7.50,7.50,7.50,78,7.57,3.59,0.00,0.00
174,0-1,0-5,2.50,4.00,5.00,77,4.60,9.09,2.50,1.85
34,3-5,10-20,13.00,14.00,15.00,77,14.21,3.93,2.00,1.48
55,1-2,5-10,7.00,7.50,8.00,77,7.49,5.33,1.00,0.74
248,3-5,10-20,13.00,14.50,17.00,77,17.06,3.83,4.00,2.97
34,3-5,20-40,16.00,17.50,19.50,77,18.84,4.43,3.50,2.59
152,0-1,10-20,8.00,8.00,8.50,77,9.19,9.49,0.50,0.37
201,20+,40+,69.00,75.00,82.50,77,75.39,2.84,13.50,10.01
147,20+,40+,54.78,62.00,66.69,77,63.51,2.82,11.91,8.83
18,1-2,10-20,9.00,9.50,10.50,77,10.08,6.21,1.50,1.11
194,2-3,5-10,9.50,52.00,52.00,76,37.76,18.06,42.50,31.50
198,1-2,10-20,9.00,9.50,10.00,76,10.14,5.75,1.00,0.74
167,5-10,10-20,20.46,23.00,28.95,76,27.02,3.28,8.49,6.29
78,0-1,0-5,3.00,4.00,4.50,76,5.41,10.00,1.50,1.11
88,1-2,40+,7.50,8.50,10.00,76,10.01,5.88,2.50,1.85
19,5-10,20-40,24.50,26.00,31.50,76,28.86,3.32,7.00,5.19
183,20+,40+,67.66,77.50,79.19,76,74.78,3.01,11.53,8.55
124,0-1,0-5,2.50,4.00,5.00,76,12.82,15.00,2.50,1.85
212,5-10,40+,27.50,31.50,35.50,76,31.86,4.12,8.00,5.93
188,1-2,0-5,5.50,5.50,6.00,76,6.91,5.00,0.50,0.37
37,20+,40+,57.50,64.00,69.33,76,65.92,2.91,11.83,8.77
16,1-2,5-10,7.00,7.50,8.50,76,8.15,4.71,1.50,1.11
102,5-10,40+,30.50,35.00,39.00,76,35.51,4.16,8.50,6.30
21,1-2,5-10,6.50,7.00,8.00,76,7.29,5.33,1.50,1.11
9,2-3,10-20,10.50,11.50,12.00,75,11.45,4.60,1.50,1.11
11,5-10,20-40,24.00,27.50,33.33,75,29.50,3.64,9.33,6.92
78,1-2,5-10,6.50,7.50,8.00,75,7.43,5.37,1.50,1.11
134,5-10,40+,29.00,34.50,41.00,75,35.76,3.92,12.00,8.90
8,5-10,20-40,24.50,52.00,52.00,75,40.48,6.58,27.50,20.39
108,5-10,10-20,20.54,23.36,29.45,75,26.12,3.13,8.91,6.60
119,0-1,5-10,5.50,6.00,6.00,75,5.84,7.23,0.50,0.37
98,2-3,10-20,10.50,11.50,13.00,75,11.94,4.57,2.50,1.85
143,2-3,0-5,7.50,7.50,8.00,75,7.77,3.69,0.50,0.37
248,1-2,5-10,6.50,7.00,8.00,74,7.28,5.45,1.50,1.11
149,1-2,10-20,9.00,9.50,10.50,74,9.99,6.05,1.50,1.11
260,3-5,40+,25.00,27.00,30.50,74,29.65,6.05,5.50,4.08
123,5-10,40+,31.00,34.00,37.50,74,34.55,4.36,6.50,4.82
19,3-5,10-20,14.00,15.50,21.41,74,18.29,3.84,7.41,5.49
262,0-1,20-40,13.00,14.00,15.50,74,14.78,17.78,2.50,1.85
28,5-10,40+,31.00,34.00,37.00,74,35.04,4.13,6.00,4.45
134,2-3,5-10,9.00,9.50,10.00,74,13.63,3.89,1.00,0.74
222,0-1,0-5,4.00,4.50,5.50,74,12.48,10.20,1.50,1.11
134,0-1,5-10,5.50,6.00,6.50,74,7.75,7.24,1.00,0.74
205,0-1,5-10,5.50,6.00,7.00,73,6.61,7.32,1.50,1.11
213,20+,40+,60.00,66.33,73.00,73,67.38,2.89,13.00,9.64
178,10-20,20-40,36.00,41.00,46.50,73,42.60,3.10,10.50,7.78
121,1-2,5-10,7.00,8.00,8.50,73,7.82,4.93,1.50,1.11
3,3-5,10-20,14.00,15.17,16.50,73,16.31,3.85,2.50,1.85
108,3-5,10-20,14.00,15.00,18.73,73,17.68,4.20,4.73,3.51
175,3-5,10-20,14.00,15.48,18.66,73,17.48,3.70,4.66,3.45
256,10-20,10-20,29.50,34.00,52.00,73,41.74,2.92,22.50,16.68
51,5-10,40+,29.73,33.50,37.50,73,34.36,4.22,7.77,5.76
40,1-2,20-40,13.50,14.00,14.50,73,14.34,9.01,1.00,0.74
195,1-2,10-20,9.00,9.50,10.00,73,9.62,5.59,1.00,0.74
8,3-5,10-20,15.00,52.00,52.00,72,37.56,10.61,37.00,27.43
244,1-2,20-40,13.50,14.50,15.50,72,14.90,8.80,2.00,1.48
78,20+,40+,59.02,66.33,77.00,72,69.82,2.89,17.98,13.33
95,3-5,5-10,11.50,12.00,13.50,72,13.11,3.32,2.00,1.48
225,2-3,5-10,8.50,9.00,9.50,72,9.03,4.09,1.00,0.74
259,0-1,0-5,2.50,4.00,5.00,72,12.14,10.71,2.50,1.85
208,3-5,10-20,13.00,15.50,16.59,72,16.79,3.76,3.59,2.66
235,0-1,5-10,5.50,6.00,6.50,72,7.58,7.65,1.00,0.74
41,2-3,40+,10.00,11.00,13.00,72,12.54,4.51,3.00,2.22
174,1-2,5-10,7.00,8.00,8.00,72,7.64,5.29,1.00,0.74
3,5-10,10-20,20.50,24.00,31.70,72,26.74,3.26,11.20,8.30
169,5-10,40+,29.92,33.52,37.50,72,34.18,4.37,7.58,5.62
203,0-1,0-5,2.50,4.00,5.00,71,10.74,15.00,2.50,1.85
257,5-10,40+,30.00,33.00,37.00,71,34.17,4.00,7.00,5.19
60,2-3,10-20,10.00,11.50,12.00,71,11.60,4.63,2.00,1.48
265,5-10,5-10,19.00,60.00,90.00,71,61.63,7.79,71.00,52.63
248,2-3,10-20,10.50,11.00,12.00,71,11.44,4.56,1.50,1.11
45,1-2,40+,7.50,8.50,10.50,71,9.82,6.06,3.00,2.22
97,3-5,40+,16.50,26.00,28.00,71,24.25,5.71,11.50,8.52
208,5-10,40+,30.00,33.33,37.19,71,34.61,3.92,7.19,5.33
258,3-5,20-40,16.00,19.00,21.00,71,19.13,4.56,5.00,3.71
196,1-2,0-5,5.50,6.00,6.50,71,6.74,4.62,1.00,0.74
210,1-2,10-20,9.00,9.50,10.50,70,9.85,5.90,1.50,1.11
29,2-3,10-20,10.50,11.50,12.00,70,11.56,4.74,1.50,1.11
125,2-3,0-5,7.50,7.50,7.50,70,9.20,3.64,0.00,0.00
70,2-3,0-5,8.00,8.50,9.50,70,8.65,3.40,1.50,1.11
10,3-5,5-10,11.00,12.00,13.00,70,17.29,3.37,2.00,1.48
3,1-2,5-10,6.50,7.50,8.00,70,7.47,5.18,1.50,1.11
20,2-3,10-20,11.00,12.00,12.50,70,12.08,4.87,1.50,1.11
91,0-1,5-10,5.50,6.00,7.00,70,7.23,8.89,1.50,1.11
34,0-1,0-5,4.00,4.50,5.00,70,4.51,6.94,1.00,0.74
3,5-10,40+,31.00,34.00,39.00,70,34.92,4.49,8.00,5.93
157,3-5,5-10,12.50,52.00,52.00,70,36.58,10.57,39.50,29.28
159,2-3,5-10,9.00,9.00,9.50,70,9.29,4.09,0.50,0.37
67,2-3,10-20,10.50,11.50,12.50,70,11.77,4.57,2.00,1.48
78,1-2,10-20,9.00,9.50,10.50,69,9.97,5.70,1.50,1.11
228,1-2,0-5,5.50,6.00,6.00,69,7.17,5.00,0.50,0.37
238,0-1,20-40,12.50,14.00,16.00,69,14.15,18.62,3.50,2.59
197,1-2,10-20,8.50,9.50,10.50,69,10.62,6.11,2.00,1.48
78,5-10,40+,30.50,34.00,36.50,69,33.35,4.22,6.00,4.45
29,5-10,10-20,21.00,25.34,32.95,69,27.45,3.26,11.95,8.86
179,3-5,40+,24.00,26.50,28.00,69,25.27,5.94,4.00,2.97
215,3-5,20-40,17.00,19.50,22.50,68,22.60,4.68,5.50,4.08
135,3-5,20-40,16.50,19.50,22.00,68,20.55,4.66,5.50,4.08
129,0-1,10-20,8.00,8.00,9.00,68,10.46,10.61,1.00,0.74
235,2-3,5-10,9.00,9.50,10.00,68,10.10,4.00,1.00,0.74
227,3-5,10-20,13.50,14.50,15.50,68,15.38,4.09,2.00,1.48
242,20+,40+,60.00,65.14,73.00,68,70.00,2.96,13.00,9.64
33,1-2,20-40,13.50,14.50,15.50,68,14.67,8.90,2.00,1.48
10,5-10,40+,30.70,35.50,42.95,68,37.72,3.96,12.25,9.08
225,5-10,10-20,18.00,20.00,26.00,68,23.26,3.35,8.00,5.93
265,2-3,0-5,8.00,40.00,80.00,67,48.30,17.78,72.00,53.37
149,20+,40+,61.00,65.50,75.00,67,69.68,2.88,14.00,10.38
258,5-10,10-20,19.50,22.00,27.84,67,24.72,3.19,8.34,6.18
157,10-20,10-20,52.00,52.00,52.00,67,50.01,4.56,0.00,0.00
67,1-2,5-10,7.00,7.50,8.00,67,7.98,5.43,1.00,0.74
60,3-5,10-20,14.00,15.00,17.00,67,16.91,3.86,3.00,2.22
24,2-3,40+,11.00,12.00,13.50,67,12.68,4.90,2.50,1.85
18,20+,40+,61.50,68.91,74.00,67,70.35,2.95,12.50,9.27
250,2-3,10-20,10.50,11.50,12.50,67,12.18,4.60,2.00,1.48
179,0-1,10-20,8.00,8.00,9.00,67,8.46,10.27,1.00,0.74
152,1-2,20-40,13.50,14.00,15.00,67,14.14,8.38,1.50,1.11
191,10-20,10-20,33.00,35.86,51.55,66,40.69,2.81,18.55,13.75
93,1-2,10-20,9.00,10.00,10.50,66,10.62,6.16,1.50,1.11
158,0-1,20-40,13.00,14.00,15.00,66,14.05,17.28,2.00,1.48
180,1-2,5-10,6.50,7.00,7.50,66,7.71,5.67,1.00,0.74
52,20+,40+,61.50,71.50,74.50,66,70.04,2.72,13.00,9.64
243,2-3,20-40,14.50,15.50,17.00,66,15.76,6.01,2.50,1.85
54,0-1,5-10,5.50,5.50,6.00,66,5.95,7.24,0.50,0.37
19,1-2,5-10,7.00,7.50,8.00,66,7.46,4.78,1.00,0.74
197,20+,40+,59.50,63.83,84.00,66,75.91,2.88,24.50,18.16
208,20+,40+,62.50,74.08,83.70,66,82.86,2.73,21.20,15.72
225,20+,40+,57.00,61.13,66.44,66,61.65,2.87,9.44,7.00
258,1-2,5-10,7.00,7.50,8.00,66,7.76,5.00,1.00,0.74
160,3-5,20-40,16.50,18.50,23.50,65,20.10,4.49,7.00,5.19
177,20+,40+,61.00,64.33,66.83,65,63.59,2.90,5.83,4.32
67,0-1,0-5,3.50,4.50,5.00,65,5.77,7.50,1.50,1.11
191,20+,20-40,55.43,58.00,61.13,65,60.86,2.72,5.70,4.23
193,20+,40+,60.15,67.00,77.79,65,72.89,2.93,17.64,13.08
93,2-3,10-20,10.50,11.50,12.50,65,13.92,4.67,2.00,1.48
226,1-2,20-40,13.50,14.50,15.50,65,15.70,9.31,2.00,1.48
55,0-1,0-5,3.00,4.50,5.00,65,7.19,9.72,2.00,1.48
185,5-10,10-20,18.50,20.00,25.90,65,23.65,3.31,7.40,5.49
227,0-1,0-5,3.00,4.00,5.00,65,10.43,10.00,2.00,1.48
259,2-3,10-20,10.50,11.50,12.50,65,12.28,4.72,2.00,1.48
132,0-1,20-40,14.50,20.00,52.00,65,33.58,89.66,37.50,27.80
98,3-5,10-20,13.50,15.00,18.00,64,16.65,4.03,4.50,3.34
220,0-1,5-10,5.50,5.50,6.00,64,6.18,6.88,0.50,0.37
223,2-3,0-5,8.50,9.00,9.50,64,16.80,3.48,1.00,0.74
218,2-3,5-10,9.00,9.50,10.00,64,9.64,4.02,1.00,0.74
29,3-5,10-20,13.50,14.50,15.50,64,15.54,4.02,2.00,1.48
133,5-10,40+,29.41,33.00,36.00,64,32.53,4.20,6.59,4.89
4,1-2,40+,7.50,8.50,9.50,64,9.25,5.65,2.00,1.48
11,3-5,10-20,14.00,15.00,17.50,64,17.06,4.10,3.50,2.59
150,20+,20-40,58.22,59.00,71.33,64,64.93,2.70,13.11,9.72
189,2-3,20-40,14.50,15.00,17.00,64,15.64,6.07,2.50,1.85
90,20+,20-40,56.00,59.00,72.50,64,67.83,2.76,16.50,12.23
113,2-3,0-5,7.50,7.50,7.50,64,7.53,3.57,0.00,0.00
94,2-3,10-20,10.50,12.00,13.00,64,11.94,4.83,2.50,1.85
125,20+,20-40,52.00,56.50,80.00,64,72.93,2.72,28.00,20.76
232,1-2,40+,7.50,8.50,9.00,64,8.85,5.88,1.50,1.11
147,1-2,5-10,6.50,7.50,8.00,64,7.55,5.64,1.50,1.11
224,2-3,40+,10.50,12.50,23.00,64,15.65,5.22,12.50,9.27
150,5-10,10-20,20.00,22.02,27.00,64,25.39,3.13,7.00,5.19
47,20+,40+,57.50,64.19,69.00,64,65.08,2.86,11.50,8.52
181,3-5,5-10,11.00,11.50,12.00,64,11.87,3.47,1.00,0.74
168,0-1,10-20,8.00,8.50,9.50,63,12.13,11.97,1.50,1.11
10,1-2,0-5,5.50,6.00,6.50,63,10.47,4.96,1.00,0.74
47,5-10,40+,30.36,34.50,38.50,63,35.61,4.39,8.14,6.03
114,2-3,0-5,7.50,8.00,8.00,63,9.98,3.57,0.50,0.37
129,2-3,0-5,8.00,8.50,10.00,63,17.92,3.59,2.00,1.48
249,20+,20-40,52.00,57.00,66.50,63,65.26,2.72,14.50,10.75
96,10-20,20-40,34.50,37.33,43.68,63,39.33,2.95,9.18,6.81
93,3-5,5-10,11.50,13.00,14.50,63,22.48,3.26,3.00,2.22
185,1-2,10-20,9.00,9.50,10.50,62,10.16,6.01,1.50,1.11
131,0-1,0-5,3.00,4.50,5.00,62,9.94,9.46,2.00,1.48
20,0-1,0-5,3.50,4.50,5.00,62,6.23,8.00,1.50,1.11
3,2-3,10-20,11.00,11.50,12.50,62,11.78,4.75,1.50,1.11
200,20+,40+,63.78,67.00,76.69,62,71.22,2.86,12.91,9.57
259,3-5,20-40,17.00,18.50,21.50,62,19.96,4.99,4.50,3.34
223,0-1,10-20,8.00,8.00,9.00,62,8.78,10.23,1.00,0.74
32,1-2,10-20,9.50,10.00,10.50,62,10.38,5.97,1.00,0.74
94,3-5,10-20,14.00,15.00,16.50,62,16.56,3.90,2.50,1.85
133,3-5,5-10,11.50,12.00,13.00,62,12.44,3.26,1.50,1.11
66,10-20,10-20,28.50,29.00,30.00,62,32.13,2.79,1.50,1.11
149,5-10,40+,29.00,32.95,37.50,62,34.74,4.39,8.50,6.30
65,5-10,5-10,16.00,16.50,17.00,61,16.57,2.96,1.00,0.74
178,1-2,5-10,7.00,7.50,8.00,61,7.61,5.44,1.00,0.74
139,2-3,10-20,10.00,11.00,12.00,61,11.65,4.47,2.00,1.48
265,5-10,40+,31.00,33.50,38.50,61,37.62,4.65,7.50,5.56
182,20+,40+,61.00,69.00,73.02,61,68.40,2.98,12.02,8.91
227,1-2,10-20,9.00,9.50,10.50,61,9.89,5.88,1.50,1.11
171,5-10,10-20,19.17,23.00,28.95,61,25.44,3.20,9.78,7.25
130,2-3,5-10,9.00,9.50,10.00,61,10.19,3.93,1.00,0.74
224,20+,40+,52.00,64.50,74.50,61,76.58,2.73,22.50,16.68
11,1-2,5-10,7.00,7.50,8.00,61,7.55,5.31,1.00,0.74
47,2-3,20-40,14.00,15.00,16.50,61,15.62,6.23,2.50,1.85
42,1-2,40+,6.50,7.50,8.50,61,8.61,5.45,2.00,1.48
94,1-2,5-10,7.00,7.50,8.00,61,7.79,5.40,1.00,0.74
135,0-1,5-10,5.50,6.00,6.50,61,6.65,7.43,1.00,0.74
108,1-2,5-10,7.00,7.50,8.00,61,7.55,5.16,1.00,0.74
116,20+,20-40,52.00,67.00,82.50,61,69.65,2.79,30.50,22.61
102,2-3,10-20,10.50,11.00,12.00,61,11.74,4.63,1.50,1.11
18,0-1,5-10,5.50,6.00,6.50,61,6.93,7.81,1.00,0.74
250,1-2,10-20,9.00,9.50,10.50,60,9.84,5.85,1.50,1.11
196,3-5,5-10,11.50,12.50,14.50,60,14.38,3.24,3.00,2.22
167,20+,40+,58.50,65.93,71.69,60,66.41,3.01,13.19,9.78
80,3-5,40+,18.50,26.00,27.50,60,25.85,5.66,9.00,6.67
147,5-10,10-20,19.23,21.50,24.00,60,22.63,3.15,4.77,3.54
224,1-2,40+,7.50,9.00,10.50,60,10.12,6.00,3.00,2.22
124,2-3,10-20,11.00,11.50,12.50,60,12.82,4.46,1.50,1.11
124,20+,20-40,52.00,57.00,68.00,60,63.75,2.66,16.00,11.86
147,5-10,40+,29.50,33.00,37.19,60,33.40,4.04,7.69,5.70
217,2-3,5-10,8.50,9.50,10.00,60,10.06,4.00,1.50,1.11
223,2-3,20-40,14.50,15.50,17.00,60,16.94,6.15,2.50,1.85
151,10-20,10-20,29.00,31.00,33.00,60,33.10,2.80,4.00,2.97
201,10-20,40+,44.10,51.46,59.00,60,53.46,3.33,14.90,11.05
226,5-10,5-10,16.50,19.00,41.20,60,28.29,2.98,24.70,18.31
31,10-20,40+,40.00,46.00,54.50,60,47.75,3.26,14.50,10.75
200,0-1,0-5,3.50,4.00,5.00,60,6.91,7.04,1.50,1.11
98,0-1,0-5,3.50,4.50,5.00,60,10.71,6.94,1.50,1.11
240,5-10,20-40,25.00,28.50,35.95,60,30.12,3.60,10.95,8.12
220,20+,40+,63.53,71.00,79.19,59,73.35,2.80,15.66,11.61
65,20+,20-40,55.50,58.50,64.31,59,62.15,2.68,8.81,6.53
102,0-1,0-5,3.50,4.00,5.00,59,7.78,8.89,1.50,1.11
88,2-3,40+,10.50,12.00,17.00,59,15.86,4.75,6.50,4.82
132,1-2,40+,7.50,23.50,52.00,59,30.34,14.37,44.50,32.99
88,0-1,20-40,13.00,13.50,14.50,59,13.84,19.38,1.50,1.11
235,2-3,20-40,15.00,15.50,16.50,59,17.41,6.04,1.50,1.11
108,2-3,10-20,11.00,11.50,12.50,59,12.76,4.80,1.50,1.11
106,3-5,5-10,11.50,12.50,14.50,59,15.31,3.39,3.00,2.22
174,1-2,10-20,9.00,9.50,10.50,59,10.33,5.90,1.50,1.11
64,5-10,20-40,26.00,29.00,37.50,59,31.25,3.38,11.50,8.52
37,3-5,40+,17.94,25.50,28.00,59,24.15,5.64,10.06,7.46
146,1-2,20-40,13.00,14.00,15.00,58,14.04,7.82,2.00,1.48
17,0-1,10-20,8.00,8.50,8.50,58,9.22,11.31,0.50,0.37
260,0-1,10-20,8.00,8.00,9.50,58,10.12,11.11,1.50,1.11
257,2-3,5-10,8.50,9.00,9.50,58,9.21,3.97,1.00,0.74
257,1-2,10-20,9.00,9.50,10.50,58,11.36,6.11,1.50,1.11
213,2-3,5-10,9.00,9.50,10.00,58,10.42,4.03,1.00,0.74
124,5-10,40+,30.50,35.00,39.45,58,37.31,4.23,8.95,6.63
218,20+,20-40,56.50,60.00,64.44,58,61.51,2.71,7.94,5.89
161,2-3,0-5,7.50,7.50,8.00,58,7.36,3.55,0.50,0.37
198,0-1,5-10,5.50,6.00,6.50,58,6.67,7.24,1.00,0.74
135,1-2,0-5,5.50,5.50,6.00,58,5.66,5.00,0.50,0.37
224,2-3,0-5,7.50,8.00,8.50,58,8.56,3.67,1.00,0.74
66,0-1,10-20,8.00,8.00,9.00,58,8.53,9.64,1.00,0.74
55,5-10,10-20,21.00,24.50,26.00,58,25.68,3.08,5.00,3.71
180,5-10,10-20,18.00,22.50,45.65,58,30.31,3.22,27.65,20.50
116,1-2,20-40,13.50,14.50,15.50,58,14.63,8.11,2.00,1.48
72,2-3,20-40,15.00,15.50,17.50,58,16.15,6.11,2.50,1.85
216,10-20,10-20,30.50,34.70,45.65,57,38.31,2.85,15.15,11.23
145,1-2,20-40,14.00,18.50,52.00,57,31.00,13.24,38.00,28.17
206,20+,40+,66.00,77.71,82.00,57,77.68,2.84,16.00,11.86
202,0-1,5-10,5.50,6.00,6.50,57,7.55,7.95,1.00,0.74
93,1-2,0-5,5.50,6.00,6.50,57,14.63,4.48,1.00,0.74
173,5-10,40+,31.50,36.50,41.00,57,37.53,4.16,9.50,7.04
41,20+,20-40,61.00,76.50,87.00,57,75.29,3.31,26.00,19.27
94,20+,40+,62.96,65.50,69.45,57,67.21,2.92,6.49,4.81
250,20+,40+,61.08,65.93,71.69,57,69.06,2.94,10.61,7.87
202,2-3,5-10,8.50,9.00,9.50,57,12.55,4.05,1.00,0.74
200,1-2,5-10,6.50,7.50,8.00,57,7.55,4.86,1.50,1.11
134,3-5,20-40,17.00,18.50,20.50,57,20.55,4.43,3.50,2.59
126,1-2,5-10,6.50,7.00,8.00,57,7.65,5.31,1.50,1.11
179,10-20,10-20,30.00,34.00,37.50,56,34.44,2.77,7.50,5.56
54,3-5,20-40,16.50,17.50,19.00,56,18.04,4.31,2.50,1.85
91,5-10,10-20,19.00,21.37,23.00,56,22.49,3.44,4.00,2.97
60,0-1,0-5,2.50,4.00,5.00,56,5.90,11.67,2.50,1.85
81,20+,20-40,54.50,58.79,60.50,56,58.64,2.66,6.00,4.45
185,0-1,0-5,2.50,4.00,5.00,56,6.75,9.46,2.50,1.85
32,5-10,10-20,18.50,21.79,25.50,56,23.10,3.18,7.00,5.19
260,20+,40+,68.50,81.50,119.50,56,96.95,3.27,51.00,37.81
15,2-3,10-20,10.50,11.00,12.00,56,11.23,4.55,1.50,1.11
64,0-1,0-5,2.50,3.00,4.50,56,9.69,13.89,2.00,1.48
81,3-5,20-40,15.61,18.50,25.45,56,20.99,4.53,9.84,7.29
213,1-2,10-20,9.50,10.00,10.50,56,10.04,5.77,1.00,0.74
28,2-3,5-10,9.00,9.50,10.00,56,9.46,4.04,1.00,0.74
56,3-5,20-40,16.50,18.50,21.00,56,19.98,4.51,4.50,3.34
29,3-5,20-40,17.50,19.50,21.95,56,21.65,4.62,4.45,3.30
65,2-3,0-5,7.50,8.00,8.50,56,8.76,3.68,1.00,0.74
166,10-20,10-20,29.00,30.00,33.50,56,37.41,2.89,4.50,3.34
198,5-10,10-20,18.50,21.00,24.50,56,23.21,3.22,6.00,4.45
85,5-10,10-20,17.14,19.00,28.95,56,23.44,3.33,11.81,8.75
218,0-1,5-10,5.50,6.00,6.50,56,6.36,7.06,1.00,0.74
128,5-10,20-40,22.00,25.50,31.00,56,27.54,3.53,9.00,6.67
11,2-3,10-20,11.00,12.00,13.50,56,13.86,4.96,2.50,1.85
32,0-1,0-5,3.50,4.00,5.00,55,7.25,10.26,1.50,1.11
94,0-1,0-5,3.00,4.00,4.50,55,6.95,11.67,1.50,1.11
20,3-5,20-40,16.50,18.00,20.48,55,19.19,4.58,3.98,2.95
121,0-1,0-5,3.00,4.50,5.00,55,6.93,8.75,2.00,1.48
39,0-1,5-10,5.50,6.00,6.50,55,8.78,7.39,1.00,0.74
216,1-2,10-20,9.50,10.00,11.00,55,10.85,5.94,1.50,1.11
47,0-1,5-10,5.50,6.00,6.50,55,8.17,7.69,1.00,0.74
55,3-5,20-40,17.00,19.00,22.45,55,20.19,4.53,5.45,4.04
44,10-20,20-40,32.50,35.00,36.50,55,35.87,2.98,4.00,2.97
256,0-1,10-20,8.00,8.50,9.00,55,9.75,10.24,1.00,0.74
56,0-1,5-10,5.50,6.00,6.50,55,5.92,7.45,1.00,0.74
112,3-5,40+,19.00,26.00,28.00,55,25.27,5.75,9.00,6.67
126,1-2,10-20,9.00,9.50,10.50,55,10.98,6.07,1.50,1.11
241,1-2,10-20,9.00,9.50,10.50,55,10.06,6.07,1.50,1.11
168,20+,20-40,56.09,62.71,68.00,55,68.96,2.79,11.91,8.83
259,1-2,5-10,7.00,7.50,8.00,55,7.39,5.14,1.00,0.74
162,5-10,5-10,15.50,16.00,16.50,55,16.99,3.05,1.00,0.74
36,1-2,0-5,5.50,5.50,5.50,55,5.56,5.00,0.00,0.00
157,1-2,10-20,9.00,9.50,10.00,54,10.51,5.79,1.00,0.74
210,20+,20-40,55.09,58.50,66.33,54,60.51,2.74,11.24,8.33
7,1-2,20-40,13.00,14.00,15.50,54,14.61,8.90,2.50,1.85
240,10-20,20-40,39.50,44.93,50.50,54,45.24,3.01,11.00,8.15
29,5-10,40+,30.50,33.50,39.95,54,37.85,4.47,9.45,7.01
90,2-3,0-5,7.50,7.50,7.50,54,7.94,3.68,0.00,0.00
62,1-2,0-5,5.50,5.50,6.00,54,5.94,5.05,0.50,0.37
207,0-1,0-5,3.00,4.00,4.50,54,10.48,11.11,1.50,1.11
11,3-5,20-40,16.50,18.00,19.50,54,19.41,4.95,3.00,2.22
135,5-10,40+,30.58,35.00,39.00,54,35.29,3.85,8.42,6.24
59,10-20,20-40,32.36,36.00,45.65,54,39.75,2.91,13.29,9.85
82,10-20,10-20,31.00,37.50,52.00,53,41.27,3.26,21.00,15.57
16,20+,40+,64.50,71.50,79.00,53,76.43,2.87,14.50,10.75
78,2-3,20-40,15.00,16.50,18.00,53,17.38,5.86,3.00,2.22
14,2-3,5-10,9.00,9.50,10.00,53,9.38,4.08,1.00,0.74
80,10-20,10-20,29.50,32.50,39.00,53,36.33,2.85,9.50,7.04
61,3-5,40+,21.50,25.50,28.00,53,25.62,6.15,6.50,4.82
150,3-5,10-20,13.50,14.50,16.00,53,15.42,4.10,2.50,1.85
106,2-3,20-40,14.50,15.50,17.00,53,15.95,6.04,2.50,1.85
10,0-1,5-10,5.50,6.00,6.50,53,10.25,8.00,1.00,0.74
8,1-2,5-10,7.00,7.50,8.00,53,7.49,4.88,1.00,0.74
40,20+,20-40,54.00,64.19,69.00,53,62.33,2.64,15.00,11.12
76,2-3,20-40,15.00,15.50,16.50,53,16.02,6.12,1.50,1.11
88,2-3,0-5,9.00,9.00,9.50,53,8.97,3.40,0.50,0.37
51,20+,20-40,56.45,62.00,67.50,53,66.79,2.78,11.05,8.19
133,20+,40+,61.50,67.20,74.38,53,69.66,2.89,12.88,9.55
102,5-10,10-20,19.00,25.00,35.95,52,29.11,3.35,16.95,12.56
157,5-10,5-10,52.00,52.00,52.00,52,48.66,9.52,0.00,0.00
169,0-1,5-10,5.50,6.00,6.50,52,6.05,7.69,1.00,0.74
55,5-10,40+,32.00,35.66,46.15,52,38.47,4.15,14.15,10.49
14,20+,20-40,54.34,59.50,72.45,52,71.51,2.70,18.11,13.42
205,2-3,5-10,9.00,9.00,9.50,52,9.42,4.13,0.50,0.37
114,20+,20-40,53.17,61.50,69.50,52,66.89,2.73,16.33,12.11
139,20+,20-40,56.08,60.50,69.33,51,66.17,2.75,13.25,9.82
127,5-10,40+,30.50,35.00,38.00,51,35.10,4.04,7.50,5.56
35,2-3,20-40,14.50,15.50,17.00,51,16.03,6.17,2.50,1.85
136,0-1,5-10,5.50,6.00,6.50,51,6.68,7.50,1.00,0.74
175,0-1,0-5,2.50,4.50,5.00,51,8.18,12.50,2.50,1.85
9,1-2,5-10,7.00,7.50,8.50,51,8.41,4.85,1.50,1.11
67,3-5,10-20,13.50,14.50,15.50,51,15.40,4.20,2.00,1.48
139,3-5,20-40,17.00,20.00,24.00,51,21.11,5.07,7.00,5.19
24,0-1,40+,4.50,5.00,5.50,51,4.94,6.70,1.00,0.74
192,2-3,10-20,11.00,11.50,12.50,51,12.09,4.56,1.50,1.11
232,2-3,40+,10.00,11.50,12.50,51,13.24,4.36,2.50,1.85
92,5-10,40+,31.00,35.00,39.00,51,35.65,4.07,8.00,5.93
147,0-1,0-5,3.00,4.50,5.00,51,5.04,8.89,2.00,1.48
117,5-10,20-40,27.50,32.45,40.75,51,33.85,3.90,13.25,9.82
190,0-1,5-10,5.50,6.00,6.00,50,5.96,7.50,0.50,0.37
218,1-2,10-20,9.00,10.00,11.00,50,10.23,5.97,2.00,1.48
116,3-5,40+,15.00,21.95,27.00,50,22.11,5.42,12.00,8.90
219,3-5,20-40,17.50,19.00,25.45,50,21.87,4.57,7.95,5.89
12,1-2,0-5,5.50,5.50,6.00,50,6.72,4.96,0.50,0.37
219,1-2,0-5,5.50,6.00,52.00,50,30.90,4.92,46.50,34.47
31,5-10,20-40,24.00,27.00,29.50,50,27.48,3.27,5.50,4.08
254,0-1,5-10,5.50,6.00,6.50,50,8.00,7.79,1.00,0.74
178,5-10,40+,29.00,32.95,39.00,50,33.53,4.24,10.00,7.41
60,1-2,10-20,9.00,9.50,10.50,50,10.15,6.03,1.50,1.11
21,20+,40+,65.50,73.50,82.00,50,74.30,2.87,16.50,12.23
82,0-1,10-20,7.50,8.50,9.00,50,9.15,10.00,1.50,1.11
191,2-3,10-20,10.50,11.00,12.00,50,11.57,4.55,1.50,1.11
20,5-10,10-20,19.00,20.50,25.50,49,22.71,3.30,6.50,4.82
20,1-2,5-10,7.00,7.50,8.00,49,7.65,5.32,1.00,0.74
14,10-20,10-20,28.88,31.50,39.89,49,34.92,2.87,11.01,8.16
219,2-3,10-20,10.50,11.00,12.00,49,11.32,4.62,1.50,1.11
94,0-1,5-10,5.50,6.00,6.50,49,6.45,8.22,1.00,0.74
207,10-20,20-40,33.50,39.50,55.00,49,47.53,3.16,21.50,15.94
125,0-1,20-40,12.50,13.00,15.50,49,13.92,17.22,3.00,2.22
212,1-2,10-20,9.00,9.50,10.00,49,10.74,5.56,1.00,0.74
92,20+,40+,64.50,72.20,129.50,48,112.97,2.95,65.00,48.18
158,10-20,10-20,30.00,30.50,46.50,48,37.33,2.86,16.50,12.23
73,5-10,20-40,23.00,25.50,28.95,48,27.68,3.46,5.95,4.41
177,5-10,10-20,20.00,25.50,32.45,48,28.02,3.38,12.45,9.23
49,0-1,10-20,8.00,8.00,9.00,48,9.30,10.00,1.00,0.74
217,0-1,10-20,8.00,8.00,9.50,48,8.71,10.71,1.50,1.11
66,20+,40+,59.00,71.50,80.00,48,76.12,2.77,21.00,15.57
102,3-5,20-40,17.00,18.00,20.50,48,19.06,4.57,3.50,2.59
131,3-5,20-40,16.50,18.75,20.03,48,20.30,4.51,3.53,2.62
38,20+,20-40,55.00,58.00,68.83,48,61.07,2.78,13.83,10.25
195,1-2,0-5,5.50,6.00,6.50,48,7.88,4.47,1.00,0.74
71,2-3,20-40,14.50,15.00,17.00,48,16.04,6.17,2.50,1.85
190,2-3,5-10,8.50,9.50,9.50,48,9.26,4.09,1.00,0.74
4,2-3,40+,11.00,12.00,16.00,48,14.94,5.08,5.00,3.71
94,5-10,10-20,18.00,20.00,25.00,48,22.53,3.35,7.00,5.19
209,1-2,40+,7.50,8.50,9.50,48,10.06,5.52,2.00,1.48
171,0-1,0-5,3.00,4.50,5.00,48,5.11,8.75,2.00,1.48
51,2-3,5-10,9.00,9.50,10.00,47,10.25,4.01,1.00,0.74
171,2-3,10-20,10.50,11.50,12.00,47,11.54,4.57,1.50,1.11
160,1-2,10-20,9.00,9.50,10.00,47,9.80,5.67,1.00,0.74
61,0-1,10-20,8.00,8.50,10.00,47,9.70,11.19,2.00,1.48
67,1-2,10-20,9.00,9.50,11.00,47,10.03,6.00,2.00,1.48
33,20+,20-40,56.00,58.00,69.50,47,62.81,2.68,13.50,10.01
202,5-10,10-20,18.00,19.00,21.50,47,20.23,3.21,3.50,2.59
212,2-3,5-10,9.50,10.00,10.50,47,9.96,3.93,1.00,0.74
34,2-3,5-10,9.00,9.50,10.00,47,9.50,3.99,1.00,0.74
194,1-2,0-5,6.00,7.00,52.00,47,26.64,4.66,46.00,34.10
212,0-1,5-10,5.50,6.00,6.50,47,7.95,7.78,1.00,0.74
73,10-20,40+,39.78,45.29,50.97,47,45.45,3.34,11.19,8.30
200,2-3,10-20,10.50,11.50,12.50,47,11.63,4.52,2.00,1.48
167,2-3,20-40,14.50,15.50,17.00,47,15.99,5.87,2.50,1.85
108,20+,40+,63.00,73.00,83.90,47,78.08,2.84,20.90,15.49
244,3-5,40+,14.00,17.00,26.00,47,19.95,4.47,12.00,8.90
179,20+,40+,62.50,67.75,77.95,47,78.83,2.91,15.45,11.45
108,3-5,20-40,17.00,19.00,22.00,47,21.52,4.86,5.00,3.71
123,20+,40+,63.00,68.50,76.50,47,69.31,2.94,13.50,10.01
45,20+,20-40,52.00,59.00,63.84,47,59.75,2.67,11.84,8.78
178,1-2,10-20,9.00,9.50,11.00,47,10.02,6.44,2.00,1.48
31,10-20,20-40,35.50,42.23,46.00,47,43.70,2.99,10.50,7.78
223,3-5,40+,25.00,27.00,30.50,46,27.42,5.86,5.50,4.08
178,3-5,10-20,14.00,14.50,15.50,46,16.22,4.06,1.50,1.11
147,2-3,10-20,11.00,11.50,13.00,46,12.82,4.85,2.00,1.48
38,2-3,10-20,11.00,11.50,12.50,46,12.27,4.44,1.50,1.11
93,0-1,5-10,5.50,6.00,6.50,46,6.45,7.79,1.00,0.74
188,5-10,10-20,18.00,20.00,23.00,46,21.46,3.45,5.00,3.71
228,20+,20-40,58.50,62.50,70.04,46,64.08,2.71,11.54,8.55
178,3-5,20-40,17.50,18.00,22.50,46,20.41,4.87,5.00,3.71
171,3-5,10-20,14.00,15.00,17.50,46,17.58,3.91,3.50,2.59
248,3-5,20-40,17.50,19.50,21.00,46,19.84,4.64,3.50,2.59
241,0-1,5-10,5.50,6.00,6.00,46,5.91,8.33,0.50,0.37
54,10-20,20-40,32.50,35.00,45.00,46,40.10,2.91,12.50,9.27
203,1-2,5-10,7.00,7.50,8.00,46,8.95,5.51,1.00,0.74
222,1-2,10-20,9.00,10.00,11.00,46,10.61,6.08,2.00,1.48
124,3-5,5-10,15.46,52.00,52.00,46,40.08,11.16,36.54,27.09
42,0-1,40+,4.50,5.00,6.00,46,5.32,7.39,1.50,1.11
29,1-2,10-20,9.00,10.00,11.00,46,9.97,6.34,2.00,1.48
242,0-1,5-10,5.50,6.00,7.00,46,7.88,7.78,1.50,1.11
146,2-3,0-5,7.50,7.50,8.00,46,8.67,3.75,0.50,0.37
63,5-10,10-20,20.00,24.50,33.06,46,28.38,3.43,13.06,9.68
88,0-1,40+,4.50,5.50,7.50,46,10.41,8.33,3.00,2.22
144,20+,20-40,52.00,57.50,62.50,46,61.09,2.70,10.50,7.78
150,2-3,10-20,11.00,11.50,13.50,46,12.09,4.71,2.50,1.85
213,0-1,5-10,5.50,6.00,6.00,46,5.76,7.14,0.50,0.37
134,10-20,10-20,52.00,52.00,52.00,46,49.39,4.58,0.00,0.00
160,0-1,0-5,4.00,4.50,5.00,46,9.19,8.00,1.00,0.74
225,1-2,0-5,5.50,6.00,6.00,45,5.74,5.00,0.50,0.37
150,0-1,0-5,2.50,3.00,4.00,45,9.37,12.50,1.50,1.11
123,2-3,5-10,9.00,9.50,10.00,45,9.95,3.95,1.00,0.74
55,1-2,10-20,9.50,10.00,11.00,45,11.01,6.21,1.50,1.11
226,2-3,0-5,8.00,9.50,52.00,45,27.81,3.96,44.00,32.62
231,5-10,5-10,16.00,16.50,17.50,45,17.11,2.99,1.50,1.11
29,0-1,5-10,5.50,6.00,6.50,45,6.08,7.59,1.00,0.74
157,2-3,5-10,9.00,9.50,10.00,45,11.24,3.96,1.00,0.74
181,20+,20-40,57.50,65.50,68.00,45,65.04,2.67,10.50,7.78
194,1-2,10-20,9.00,9.50,11.00,45,13.54,6.07,2.00,1.48
15,20+,40+,61.49,71.33,82.45,45,73.52,2.82,20.96,15.54
89,1-2,0-5,5.50,5.50,6.00,45,5.74,5.00,0.50,0.37
188,0-1,10-20,8.00,9.00,10.00,45,9.60,12.20,2.00,1.48
248,5-10,40+,30.00,32.00,38.50,45,33.65,4.24,8.50,6.30
95,20+,40+,62.35,69.00,90.00,45,75.15,2.83,27.65,20.50
28,1-2,0-5,5.50,5.50,6.00,45,9.26,5.00,0.50,0.37
195,2-3,20-40,14.50,15.00,17.00,45,18.28,6.25,2.50,1.85
197,2-3,5-10,9.00,9.50,10.00,45,15.37,4.05,1.00,0.74
113,20+,20-40,52.00,59.50,67.25,45,60.47,2.71,15.25,11.30
69,2-3,5-10,9.00,9.50,9.50,44,9.50,4.05,0.50,0.37
216,0-1,5-10,5.50,6.00,6.50,44,7.31,7.95,1.00,0.74
22,5-10,10-20,18.50,20.50,25.79,44,23.94,3.27,7.29,5.40
82,5-10,5-10,52.00,52.00,52.00,44,49.06,8.62,0.00,0.00
219,2-3,5-10,9.50,9.50,10.00,44,10.90,3.86,0.50,0.37
77,0-1,5-10,5.50,6.00,6.50,44,6.13,7.64,1.00,0.74
91,2-3,5-10,9.00,9.50,9.50,44,9.69,4.27,0.50,0.37
34,10-20,20-40,35.00,39.50,45.65,44,41.28,3.02,10.65,7.89
67,5-10,10-20,18.00,20.92,24.50,44,22.24,3.13,6.50,4.82
97,20+,20-40,55.50,59.00,64.69,44,61.85,2.70,9.19,6.81
17,20+,40+,58.67,64.31,70.00,44,67.96,2.87,11.33,8.40
124,1-2,5-10,7.00,8.00,8.00,44,7.63,5.00,1.00,0.74
119,2-3,20-40,14.50,15.50,17.00,43,15.92,5.74,2.50,1.85
185,5-10,40+,31.50,32.50,37.00,43,33.63,4.44,5.50,4.08
15,0-1,0-5,4.50,5.00,5.00,43,5.70,7.50,0.50,0.37
192,1-2,5-10,7.00,7.50,8.00,43,7.55,5.00,1.00,0.74
147,1-2,10-20,9.00,10.00,11.50,43,12.05,6.32,2.50,1.85
206,10-20,40+,47.50,52.00,55.50,43,53.44,3.03,8.00,5.93
173,2-3,5-10,9.00,9.50,10.00,43,9.40,4.04,1.00,0.74
152,10-20,10-20,29.50,30.00,33.00,43,32.25,2.86,3.50,2.59
128,10-20,20-40,34.00,38.50,51.67,43,42.24,3.09,17.67,13.10
209,0-1,20-40,13.00,14.50,17.00,43,15.58,18.75,4.00,2.97
43,2-3,0-5,7.50,7.50,8.00,43,7.84,3.64,0.50,0.37
174,0-1,5-10,5.50,5.50,6.50,43,8.41,8.57,1.00,0.74
165,2-3,20-40,14.50,15.50,17.00,43,16.09,6.35,2.50,1.85
182,0-1,5-10,5.50,6.00,6.50,43,6.01,7.22,1.00,0.74
197,0-1,5-10,5.50,6.00,6.50,42,8.67,7.75,1.00,0.74
252,3-5,10-20,13.00,15.00,17.50,42,16.89,3.84,4.50,3.34
20,1-2,10-20,9.00,10.00,10.50,42,10.10,6.07,1.50,1.11
232,5-10,5-10,16.00,17.00,18.00,42,17.00,2.97,2.00,1.48
219,3-5,5-10,11.00,12.50,13.50,42,14.88,3.28,2.50,1.85
219,10-20,10-20,32.50,48.85,52.00,42,46.84,3.52,19.50,14.46
116,5-10,5-10,15.50,16.00,16.00,42,15.89,3.06,0.50,0.37
74,0-1,20-40,11.50,13.00,15.00,42,16.49,17.65,3.50,2.59
63,1-2,5-10,7.00,7.50,8.00,42,7.51,5.00,1.00,0.74
81,1-2,10-20,9.50,9.50,11.50,42,11.24,5.81,2.00,1.48
112,2-3,20-40,15.00,15.50,16.50,42,15.50,5.71,1.50,1.11
195,20+,20-40,52.00,53.50,68.00,42,63.60,2.60,16.00,11.86
194,20+,40+,52.00,75.00,125.00,42,100.78,2.82,73.00,54.11
21,5-10,10-20,19.00,23.50,25.95,42,23.70,3.20,6.95,5.15
62,20+,40+,60.50,64.33,71.50,42,65.57,2.96,11.00,8.15
11,5-10,10-20,17.98,23.00,29.86,42,24.74,3.21,11.88,8.81
25,20+,20-40,57.00,58.00,67.50,42,62.29,2.70,10.50,7.78
49,20+,40+,55.14,66.33,73.00,42,66.46,2.87,17.86,13.24
207,5-10,40+,33.00,35.00,37.00,42,36.32,4.29,4.00,2.97
46,10-20,20-40,36.50,39.50,43.00,42,40.79,2.96,6.50,4.82
257,0-1,5-10,5.50,6.00,6.50,42,6.11,7.69,1.00,0.74
177,2-3,20-40,14.50,15.50,17.50,42,17.07,5.85,3.00,2.22
135,2-3,5-10,9.00,9.50,9.50,42,9.33,4.13,0.50,0.37
89,0-1,10-20,8.00,9.00,10.50,41,13.75,10.87,2.50,1.85
136,20+,20-40,56.50,62.50,66.83,41,62.67,2.77,10.33,7.66
89,3-5,40+,25.45,27.50,29.50,41,27.86,6.11,4.05,3.00
205,5-10,40+,33.00,35.00,42.95,41,37.81,4.20,9.95,7.38
8,3-5,5-10,52.00,52.00,52.00,41,48.72,11.95,0.00,0.00
66,3-5,40+,16.00,24.50,27.00,41,22.18,5.20,11.00,8.15
150,1-2,5-10,6.50,7.50,8.00,41,7.33,5.24,1.50,1.11
227,0-1,5-10,5.50,6.00,6.50,41,6.51,8.33,1.00,0.74
195,0-1,5-10,5.50,6.00,6.50,41,9.01,7.97,1.00,0.74
69,1-2,0-5,5.50,5.50,6.00,41,5.67,5.00,0.50,0.37
92,3-5,5-10,11.50,12.00,13.50,41,15.11,3.33,2.00,1.48
217,2-3,20-40,14.50,15.00,17.00,41,15.86,6.07,2.50,1.85
34,0-1,5-10,5.50,5.50,6.00,41,5.78,7.22,0.50,0.37
228,3-5,5-10,12.00,12.50,52.00,41,23.63,3.57,40.00,29.65
93,2-3,5-10,9.00,9.50,10.00,40,14.63,3.86,1.00,0.74
94,1-2,10-20,9.00,9.50,10.00,40,9.73,6.36,1.00,0.74
218,5-10,40+,31.00,34.00,37.00,40,34.39,4.00,6.00,4.45
122,5-10,10-20,20.50,24.50,32.45,40,26.08,3.31,11.95,8.86
95,0-1,10-20,8.00,8.50,9.00,40,8.60,10.63,1.00,0.74
101,1-2,5-10,7.00,7.50,8.50,40,9.40,4.76,1.50,1.11
201,10-20,20-40,37.00,39.50,46.06,40,42.39,3.21,9.06,6.72
20,20+,40+,61.49,67.00,73.50,40,68.09,2.84,12.01,8.90
55,20+,20-40,54.61,59.00,71.33,40,63.26,2.75,16.72,12.39
7,1-2,40+,6.50,7.50,8.00,40,9.11,5.13,1.50,1.11
53,3-5,10-20,14.00,15.00,16.50,40,15.86,3.57,2.50,1.85
226,2-3,40+,11.00,12.50,26.50,40,22.45,5.19,15.50,11.49
122,2-3,10-20,10.50,11.50,12.50,40,12.99,4.41,2.00,1.48
208,2-3,10-20,10.50,11.50,12.50,40,11.54,4.55,2.00,1.48
215,0-1,5-10,5.50,6.00,6.50,40,6.16,7.29,1.00,0.74
108,1-2,10-20,9.00,9.50,10.00,40,9.95,5.67,1.00,0.74
209,2-3,40+,10.00,12.00,23.50,39,15.62,4.77,13.50,10.01
134,20+,40+,56.50,70.45,104.00,39,101.49,2.79,47.50,35.21
35,5-10,10-20,18.50,21.50,28.95,39,24.72,3.36,10.45,7.75
39,2-3,5-10,9.00,9.50,10.00,39,12.95,4.17,1.00,0.74
118,20+,40+,69.50,85.50,95.50,39,85.30,2.87,26.00,19.27
116,1-2,40+,7.50,8.00,9.00,39,8.37,5.38,1.50,1.11
76,1-2,0-5,5.50,5.50,6.00,39,11.47,5.00,0.50,0.37
202,1-2,0-5,5.50,5.50,6.00,39,6.91,5.00,0.50,0.37
101,3-5,10-20,14.00,15.00,16.50,39,15.95,3.65,2.50,1.85
46,10-20,40+,43.00,48.50,54.50,39,49.12,3.14,11.50,8.52
191,3-5,20-40,16.50,18.08,22.70,39,20.32,4.18,6.20,4.60
250,0-1,5-10,5.50,6.00,6.50,39,7.60,9.65,1.00,0.74
152,1-2,40+,7.00,7.50,8.50,39,7.77,5.46,1.50,1.11
153,3-5,20-40,17.00,19.00,20.00,39,19.84,4.64,3.00,2.22
154,10-20,20-40,42.50,52.00,52.00,39,48.10,3.15,9.50,7.04
153,1-2,10-20,9.00,9.50,10.50,39,9.69,5.76,1.50,1.11
8,0-1,0-5,4.00,4.50,5.00,39,9.58,7.50,1.00,0.74
95,2-3,20-40,15.00,16.00,17.00,39,16.37,6.25,2.00,1.48
21,0-1,5-10,5.50,6.00,6.50,39,6.03,7.41,1.00,0.74
116,0-1,40+,4.00,5.00,5.50,39,4.92,7.14,1.50,1.11
54,2-3,5-10,9.00,10.00,10.50,39,9.76,3.74,1.50,1.11
173,3-5,20-40,16.50,18.50,20.00,39,19.08,4.62,3.50,2.59
265,3-5,0-5,10.00,39.10,80.00,39,57.80,9.76,70.00,51.89
149,0-1,5-10,6.00,6.50,7.00,38,6.84,7.78,1.00,0.74
190,2-3,20-40,15.00,15.50,16.16,38,15.53,5.93,1.16,0.86
79,5-10,5-10,15.50,16.00,18.00,38,18.09,3.03,2.50,1.85
175,1-2,5-10,7.00,7.50,8.00,38,8.14,5.83,1.00,0.74
243,0-1,10-20,8.00,8.50,10.00,38,11.42,11.64,2.00,1.48
210,0-1,5-10,6.00,6.00,7.00,38,11.92,7.47,1.00,0.74
67,5-10,40+,29.50,32.00,35.00,38,33.42,4.17,5.50,4.08
49,1-2,20-40,13.50,14.50,15.50,38,14.66,8.72,2.00,1.48
226,1-2,40+,7.00,8.50,10.00,38,11.04,5.42,3.00,2.22
256,1-2,20-40,13.50,14.00,16.00,38,16.42,8.23,2.50,1.85
28,3-5,5-10,11.50,13.00,15.00,38,18.95,3.32,3.50,2.59
128,5-10,10-20,19.00,21.50,25.50,38,22.82,3.16,6.50,4.82
7,2-3,0-5,8.00,8.50,9.50,38,8.50,3.46,1.50,1.11
215,2-3,5-10,9.00,9.50,10.00,38,14.40,4.08,1.00,0.74
234,2-3,0-5,4.50,7.50,8.00,38,6.92,3.57,3.50,2.59
35,20+,20-40,54.50,59.00,63.83,38,59.03,2.73,9.33,6.92
60,20+,40+,61.63,66.33,71.50,38,68.74,2.97,9.87,7.32
11,0-1,0-5,2.50,3.50,4.50,38,4.99,8.65,2.00,1.48
257,1-2,0-5,5.50,6.00,6.50,38,6.09,4.62,1.00,0.74
52,20+,20-40,59.00,68.50,70.50,38,65.34,2.63,11.50,8.52
131,2-3,5-10,9.00,9.50,10.00,38,9.45,4.09,1.00,0.74
126,20+,40+,62.00,68.00,76.00,37,69.94,2.87,14.00,10.38
4,0-1,40+,5.00,5.50,5.50,37,5.22,7.25,0.50,0.37
203,2-3,10-20,11.00,11.50,13.00,37,12.45,4.48,2.00,1.48
189,3-5,40+,25.50,27.00,30.00,37,26.79,6.09,4.50,3.34
211,20+,20-40,52.00,52.00,68.50,37,62.42,2.60,16.50,12.23
81,5-10,40+,28.00,36.00,45.00,37,35.73,4.65,17.00,12.60
11,1-2,10-20,8.50,9.50,10.00,37,9.38,5.65,1.50,1.11
243,20+,20-40,52.00,61.13,68.83,37,63.09,2.70,16.83,12.48
168,1-2,20-40,13.50,14.00,15.50,37,14.36,8.33,2.00,1.48
52,1-2,20-40,13.50,14.00,14.50,37,13.92,8.13,1.00,0.74
119,2-3,5-10,9.00,9.50,10.00,37,11.17,4.01,1.00,0.74
190,1-2,0-5,5.50,5.50,6.00,37,6.20,5.00,0.50,0.37
52,3-5,40+,16.00,25.00,27.50,36,23.63,5.79,11.50,8.52
39,2-3,20-40,15.00,16.00,18.00,36,16.58,6.35,3.00,2.22
78,0-1,5-10,5.50,6.00,7.00,36,7.07,7.50,1.50,1.11
60,5-10,40+,32.45,35.00,37.50,36,37.05,4.13,5.05,3.74
168,10-20,10-20,29.32,31.00,43.45,36,40.69,2.82,14.13,10.47
220,5-10,40+,27.50,32.45,36.50,36,32.74,4.09,9.00,6.67
101,20+,20-40,56.50,62.00,70.00,36,63.10,2.74,13.50,10.01
73,10-20,20-40,33.50,37.00,42.23,36,38.04,3.08,8.73,6.47
194,10-20,10-20,32.50,52.00,52.00,36,47.29,3.27,19.50,14.46
256,20+,40+,61.50,76.50,86.50,36,89.53,2.91,25.00,18.53
51,10-20,10-20,29.09,30.50,39.89,36,34.65,2.86,10.80,8.01
70,0-1,10-20,8.50,9.00,10.50,36,14.28,17.02,2.00,1.48
192,3-5,20-40,17.50,18.00,19.50,36,19.24,4.27,2.00,1.48
197,1-2,0-5,5.50,6.00,52.00,36,24.58,5.34,46.50,34.47
139,0-1,0-5,3.00,4.50,5.00,35,8.14,9.30,2.00,1.48
189,0-1,10-20,8.00,8.50,9.00,35,11.00,10.63,1.00,0.74
108,5-10,40+,31.00,35.00,46.50,35,37.58,4.33,15.50,11.49
119,3-5,5-10,11.50,12.00,12.00,35,12.17,3.43,0.50,0.37
173,20+,40+,68.16,86.50,101.00,35,87.61,2.72,32.84,24.34
1,10-20,20-40,39.50,54.00,64.00,35,54.69,3.73,24.50,18.16
93,20+,20-40,88.50,130.00,150.00,35,121.31,4.84,61.50,45.59
159,0-1,10-20,8.00,8.50,9.50,35,9.74,11.64,1.50,1.11
9,3-5,20-40,19.00,20.50,25.50,35,22.51,5.10,6.50,4.82
240,10-20,40+,42.00,48.91,53.50,35,47.57,3.32,11.50,8.52
256,2-3,0-5,7.50,8.00,8.00,35,13.46,3.75,0.50,0.37
130,2-3,20-40,14.50,16.00,17.00,35,15.96,6.18,2.50,1.85
188,3-5,40+,19.50,26.50,28.50,35,24.60,6.09,9.00,6.67
215,5-10,40+,31.50,35.50,40.50,35,48.01,3.95,9.00,6.67
154,5-10,20-40,23.86,26.39,33.00,35,31.48,3.45,9.14,6.78
66,1-2,20-40,13.50,14.00,15.50,35,14.47,8.44,2.00,1.48
235,20+,20-40,57.50,64.00,71.69,35,73.60,2.78,14.19,10.52
152,3-5,40+,15.00,19.00,26.50,35,20.67,5.21,11.50,8.52
127,2-3,20-40,14.00,14.50,18.00,35,17.73,6.43,4.00,2.97
96,5-10,20-40,27.00,30.50,37.19,35,33.66,3.75,10.19,7.55
51,0-1,5-10,5.50,6.00,6.00,35,7.68,8.21,0.50,0.37
247,0-1,10-20,8.00,9.00,10.00,34,11.74,11.43,2.00,1.48
184,10-20,20-40,40.50,45.65,50.33,34,55.80,3.09,9.83,7.29
64,3-5,10-20,13.00,15.00,21.47,34,19.09,3.68,8.47,6.28
108,0-1,0-5,3.50,4.50,5.00,34,13.07,9.00,1.50,1.11
121,2-3,5-10,9.00,9.00,9.50,34,10.32,4.04,0.50,0.37
247,3-5,5-10,11.50,12.50,14.00,34,12.82,3.30,2.50,1.85
9,3-5,5-10,13.00,15.00,25.45,34,17.70,3.55,12.45,9.23
46,5-10,20-40,22.50,27.36,32.00,34,28.04,3.41,9.50,7.04
248,1-2,10-20,8.50,9.50,10.00,34,9.54,6.50,1.50,1.11
77,5-10,10-20,21.43,24.50,35.95,34,28.87,3.49,14.52,10.76
228,2-3,20-40,14.50,15.50,16.50,34,15.99,5.77,2.00,1.48
214,10-20,40+,57.50,59.00,61.50,34,59.74,3.17,4.00,2.97
186,2-3,0-5,3.50,4.50,7.50,34,9.65,1.90,4.00,2.97
61,20+,20-40,54.89,63.50,66.83,34,61.75,2.94,11.94,8.85
180,3-5,10-20,13.00,14.50,15.50,34,17.93,4.00,2.50,1.85
236,5-10,5-10,15.50,16.00,16.00,34,15.41,3.00,0.50,0.37
159,1-2,0-5,5.50,5.50,6.00,34,5.81,5.17,0.50,0.37
260,5-10,5-10,17.50,20.50,52.00,34,34.56,3.01,34.50,25.57
15,3-5,10-20,14.50,15.00,18.00,34,17.31,3.88,3.50,2.59
64,20+,40+,60.80,65.00,74.00,34,69.55,2.93,13.20,9.79
169,2-3,5-10,8.50,9.00,9.50,34,10.40,4.07,1.00,0.74
3,20+,40+,65.00,77.00,83.83,33,78.92,2.81,18.83,13.96
169,2-3,20-40,15.00,16.00,18.00,33,16.89,6.23,3.00,2.22
145,2-3,40+,13.50,52.00,52.00,33,34.70,17.39,38.50,28.54
106,20+,40+,59.50,64.55,71.83,33,65.33,2.82,12.33,9.14
145,5-10,5-10,16.50,18.00,44.00,33,25.92,2.97,27.50,20.39
261,5-10,5-10,15.50,16.00,16.50,33,16.98,3.00,1.00,0.74
183,3-5,10-20,13.50,15.00,16.50,33,16.34,3.86,3.00,2.22
188,1-2,20-40,14.00,15.00,16.50,33,17.54,9.43,2.50,1.85
255,1-2,20-40,13.50,14.50,15.50,33,14.45,8.42,2.00,1.48
63,20+,40+,61.00,65.50,78.00,33,71.82,2.88,17.00,12.60
160,2-3,5-10,9.00,9.50,9.50,33,10.48,4.09,0.50,0.37
185,20+,40+,59.50,63.62,79.84,33,69.62,2.82,20.34,15.08
58,10-20,20-40,34.78,39.53,44.50,33,40.05,2.91,9.72,7.21
81,2-3,5-10,9.00,9.50,10.50,33,14.22,4.15,1.50,1.11
26,3-5,40+,25.45,27.00,29.00,33,26.22,6.09,3.55,2.63
232,20+,20-40,56.50,59.50,77.00,33,65.98,2.73,20.50,15.20
242,2-3,20-40,15.50,16.00,17.00,33,16.66,5.89,1.50,1.11
130,3-5,5-10,12.50,14.00,15.50,33,19.21,3.19,3.00,2.22
175,20+,40+,65.00,67.61,84.95,33,75.48,3.10,19.95,14.79
93,3-5,20-40,17.00,18.50,23.00,33,23.82,4.77,6.00,4.45
121,1-2,10-20,9.50,10.00,10.50,33,10.70,6.48,1.00,0.74
252,1-2,5-10,7.00,7.50,8.00,33,7.45,4.91,1.00,0.74
192,3-5,5-10,11.00,11.50,13.00,32,12.77,3.39,2.00,1.48
63,1-2,10-20,8.50,9.27,10.00,32,9.22,5.63,1.50,1.11
230,2-3,0-5,3.50,4.50,7.50,32,7.16,1.88,4.00,2.97
31,0-1,0-5,2.50,4.50,5.50,32,12.06,15.00,3.00,2.22
252,0-1,0-5,2.50,4.00,5.00,32,16.54,11.67,2.50,1.85
45,0-1,40+,5.00,6.50,7.50,32,10.78,8.57,2.50,1.85
183,1-2,5-10,7.00,8.00,8.50,32,7.98,5.04,1.50,1.11
217,1-2,0-5,5.50,5.50,6.00,32,6.36,5.00,0.50,0.37
207,1-2,5-10,7.00,7.00,8.00,32,7.39,4.81,1.00,0.74
208,1-2,5-10,7.00,7.50,8.00,32,7.74,4.92,1.00,0.74
248,0-1,5-10,5.50,5.50,6.00,32,5.84,7.93,0.50,0.37
252,20+,40+,66.74,87.00,150.00,32,128.08,2.99,83.26,61.72
14,1-2,0-5,5.50,6.00,6.00,32,7.53,4.91,0.50,0.37
65,2-3,40+,10.50,12.00,18.50,32,15.17,4.51,8.00,5.93
174,5-10,40+,27.40,33.00,34.00,32,32.26,4.06,6.60,4.89
129,1-2,20-40,13.00,13.00,14.50,32,13.19,8.13,1.50,1.11
77,20+,20-40,56.65,58.50,64.33,32,60.15,2.74,7.68,5.69
127,1-2,0-5,5.50,5.50,6.00,32,6.31,5.24,0.50,0.37
133,1-2,0-5,5.50,6.00,6.50,32,7.52,4.90,1.00,0.74
3,0-1,0-5,3.00,4.00,5.00,32,8.62,16.67,2.00,1.48
213,3-5,5-10,11.00,12.50,14.20,32,13.99,3.39,3.20,2.37
253,10-20,20-40,33.00,45.29,52.00,32,53.71,3.82,19.00,14.08
258,20+,40+,59.34,62.50,68.50,32,64.71,2.82,9.16,6.79
44,10-20,10-20,31.00,31.50,32.00,32,38.44,2.88,1.00,0.74
151,2-3,0-5,7.50,8.00,8.50,32,7.95,3.57,1.00,0.74
62,5-10,10-20,18.50,21.00,28.95,32,24.44,3.46,10.45,7.75
240,0-1,0-5,2.50,3.00,5.00,32,11.18,22.73,2.50,1.85
3,3-5,20-40,18.00,18.50,20.00,32,19.33,4.86,2.00,1.48
191,2-3,5-10,8.50,9.00,9.50,32,8.86,3.98,1.00,0.74
225,3-5,40+,21.95,26.00,28.50,32,24.95,5.71,6.55,4.86
152,20+,20-40,56.03,75.00,84.00,32,75.74,3.24,27.97,20.73
133,2-3,20-40,15.00,16.00,18.45,32,16.89,6.09,3.45,2.56
42,2-3,40+,11.00,15.00,25.50,32,19.31,5.33,14.50,10.75
56,3-5,5-10,11.50,12.50,15.00,32,15.82,3.35,3.50,2.59
208,1-2,0-5,5.00,5.50,6.00,31,7.89,4.55,1.00,0.74
80,0-1,10-20,8.00,8.00,9.00,31,8.26,9.44,1.00,0.74
227,5-10,10-20,19.07,23.00,27.50,31,24.63,3.23,8.43,6.25
192,0-1,0-5,3.50,5.00,36.50,31,20.94,10.00,33.00,24.46
247,1-2,20-40,13.00,14.50,16.00,31,14.69,8.44,3.00,2.22
180,5-10,40+,31.00,39.45,52.00,31,41.78,4.68,21.00,15.57
194,20+,20-40,52.00,60.93,150.00,31,99.71,3.01,98.00,72.65
69,0-1,10-20,8.00,8.50,11.00,31,13.06,12.22,3.00,2.22
116,2-3,40+,10.50,10.50,14.00,31,13.40,4.59,3.50,2.59
120,5-10,20-40,25.00,27.00,30.50,31,28.54,3.44,5.50,4.08
93,2-3,0-5,8.00,8.50,21.42,31,19.79,3.56,13.42,9.95
155,0-1,5-10,6.00,6.50,7.00,31,10.63,9.03,1.00,0.74
139,1-2,10-20,9.50,10.00,10.50,31,10.24,5.77,1.00,0.74
185,2-3,5-10,9.00,9.50,10.50,31,9.71,3.94,1.50,1.11
44,5-10,10-20,22.00,26.50,27.00,31,24.71,2.96,5.00,3.71
67,0-1,5-10,6.00,6.50,7.50,31,11.47,10.16,1.50,1.11
54,1-2,0-5,5.50,5.50,6.00,31,5.73,5.00,0.50,0.37
208,0-1,5-10,5.50,6.00,6.50,31,8.37,10.94,1.00,0.74
80,20+,40+,59.50,69.50,87.00,31,76.33,2.91,27.50,20.39
123,2-3,20-40,15.00,15.50,17.00,31,16.00,6.03,2.00,1.48
34,5-10,10-20,19.50,21.50,23.50,31,22.69,3.13,4.00,2.97
222,0-1,5-10,5.50,6.00,7.00,31,6.65,8.13,1.50,1.11
7,0-1,40+,4.00,5.00,5.50,31,11.65,7.22,1.50,1.11
126,2-3,5-10,9.00,9.00,9.50,30,10.23,4.13,0.50,0.37
129,3-5,0-5,11.00,11.50,13.00,30,12.02,3.06,2.00,1.48
82,20+,40+,62.50,65.00,78.50,30,78.48,2.86,16.00,11.86
152,2-3,40+,10.00,11.50,13.00,30,11.40,4.61,3.00,2.22
260,1-2,20-40,13.50,14.00,15.50,30,14.18,8.47,2.00,1.48
40,10-20,10-20,32.00,33.00,33.50,30,32.85,2.74,1.50,1.11
91,2-3,20-40,14.50,15.50,16.50,30,16.05,5.69,2.00,1.48
14,3-5,5-10,13.00,14.00,14.50,30,14.01,3.21,1.50,1.11
171,1-2,5-10,6.50,7.00,8.00,30,7.53,5.31,1.50,1.11
235,3-5,5-10,12.00,12.50,12.50,30,13.00,3.38,0.50,0.37
17,1-2,20-40,13.00,14.00,16.00,30,14.60,8.77,3.00,2.22
66,20+,20-40,54.00,58.00,64.19,30,68.46,2.66,10.19,7.55
153,20+,40+,63.50,69.50,71.69,30,71.22,2.87,8.19,6.07
12,20+,20-40,52.00,52.00,52.00,30,54.13,2.40,0.00,0.00
3,1-2,10-20,9.00,10.00,10.00,30,11.14,6.25,1.00,0.74
61,1-2,20-40,14.50,15.50,17.50,30,19.36,10.38,3.00,2.22
259,1-2,10-20,9.00,9.00,10.50,30,9.63,5.73,1.50,1.11
73,1-2,5-10,7.00,7.50,8.00,29,7.53,5.00,1.00,0.74
130,20+,20-40,52.00,69.33,137.00,29,97.59,3.26,85.00,63.01
22,2-3,20-40,15.00,15.00,16.50,29,16.81,5.93,1.50,1.11
85,2-3,20-40,14.50,15.50,16.00,29,15.86,5.97,1.50,1.11
177,3-5,40+,25.50,26.50,29.00,29,27.07,5.82,3.50,2.59
34,5-10,40+,30.50,32.00,34.50,29,32.74,4.56,4.00,2.97
16,10-20,10-20,32.78,34.50,44.93,29,37.00,2.83,12.15,9.01
150,3-5,20-40,17.69,19.00,21.95,29,21.95,4.57,4.26,3.16
177,2-3,5-10,9.00,9.50,10.00,29,9.67,4.13,1.00,0.74
53,0-1,0-5,2.50,2.50,3.50,29,3.10,27.78,1.00,0.74
15,1-2,5-10,7.00,8.00,8.50,29,8.32,5.00,1.50,1.11
259,20+,20-40,55.50,59.50,62.50,29,60.05,2.74,7.00,5.19
73,3-5,10-20,14.00,15.00,16.50,29,15.76,3.85,2.50,1.85
85,2-3,5-10,9.00,9.00,9.50,29,9.22,4.07,0.50,0.37
56,10-20,10-20,39.89,52.00,52.00,29,45.88,4.38,12.11,8.98
107,5-10,5-10,15.50,16.00,16.50,29,16.88,3.08,1.00,0.74
156,10-20,40+,47.66,50.00,53.03,29,51.52,3.05,5.37,3.98
124,3-5,20-40,18.50,19.00,25.45,29,22.62,4.51,6.95,5.15
209,0-1,40+,4.50,5.00,7.50,29,11.62,7.89,3.00,2.22
128,2-3,10-20,11.00,12.00,13.00,29,13.40,4.88,2.00,1.48
160,10-20,10-20,31.50,52.00,52.00,29,46.00,4.76,20.50,15.20
19,1-2,0-5,5.50,5.50,6.00,29,7.96,4.38,0.50,0.37
178,20+,40+,60.50,72.00,81.00,29,73.50,2.97,20.50,15.20
130,1-2,0-5,5.50,6.00,6.00,29,6.79,4.82,0.50,0.37
120,0-1,0-5,3.00,4.50,52.00,29,19.86,12.12,49.00,36.32
80,5-10,5-10,16.50,17.50,20.00,28,24.27,2.97,3.50,2.59
119,20+,20-40,55.00,63.83,64.69,28,63.61,2.74,9.69,7.18
196,2-3,20-40,14.00,15.00,16.00,28,16.07,6.00,2.00,1.48
28,20+,20-40,55.05,64.00,120.00,28,89.66,2.83,64.95,48.15
120,1-2,5-10,7.00,7.00,8.50,28,13.48,5.07,1.50,1.11
157,1-2,0-5,5.50,6.00,6.50,28,11.93,4.67,1.00,0.74
17,3-5,40+,25.00,26.50,29.00,28,25.75,5.88,4.00,2.97
132,20+,10-20,52.00,52.00,52.00,28,56.04,2.44,0.00,0.00
165,5-10,10-20,17.28,22.00,28.00,28,23.13,3.20,10.72,7.95
97,2-3,0-5,7.50,7.50,8.00,28,7.61,3.73,0.50,0.37
126,0-1,5-10,5.50,6.00,6.50,28,6.21,7.22,1.00,0.74
76,3-5,5-10,12.00,14.00,25.45,28,26.06,3.36,13.45,9.97
55,0-1,5-10,5.50,6.00,6.00,28,6.26,7.86,0.50,0.37
69,3-5,40+,25.50,27.50,29.50,28,27.83,6.41,4.00,2.97
116,10-20,10-20,29.50,30.50,43.40,28,40.88,2.88,13.90,10.30
185,0-1,5-10,6.00,6.00,6.50,28,6.21,7.14,0.50,0.37
242,2-3,5-10,9.00,9.50,10.00,28,9.57,4.09,1.00,0.74
11,5-10,40+,30.50,35.50,39.89,28,36.53,4.09,9.39,6.96
13,2-3,0-5,7.50,8.00,8.00,28,9.46,3.69,0.50,0.37
67,20+,40+,60.50,71.00,75.45,28,75.83,2.81,14.95,11.08
215,20+,20-40,61.00,72.00,140.00,28,96.59,3.49,79.00,58.56
181,1-2,40+,6.50,7.50,9.00,27,10.20,5.60,2.50,1.85
220,1-2,0-5,5.50,5.50,6.00,27,5.81,4.82,0.50,0.37
255,20+,40+,57.50,64.55,78.00,27,74.26,2.93,20.50,15.20
198,2-3,5-10,9.00,9.00,9.50,27,9.17,4.06,0.50,0.37
18,2-3,20-40,14.50,16.00,17.50,27,16.29,6.56,3.00,2.22
106,0-1,10-20,8.00,9.00,9.50,27,9.99,10.00,1.50,1.11
220,2-3,5-10,8.50,9.50,10.00,27,11.05,4.05,1.50,1.11
123,5-10,10-20,18.00,24.50,27.50,27,24.05,3.08,9.50,7.04
179,1-2,20-40,13.50,14.00,15.50,27,14.63,10.00,2.00,1.48
200,1-2,0-5,5.50,5.50,6.50,27,5.87,4.67,1.00,0.74
174,2-3,5-10,9.00,9.50,10.00,27,10.33,4.20,1.00,0.74
94,5-10,40+,29.50,32.00,37.00,27,33.49,4.44,7.50,5.56
183,5-10,40+,27.32,31.50,37.50,27,33.68,3.96,10.18,7.55
121,0-1,5-10,5.50,6.00,6.50,27,7.47,8.13,1.00,0.74
219,5-10,40+,33.00,35.00,40.00,27,36.64,3.90,7.00,5.19
38,3-5,20-40,18.00,20.50,42.95,27,27.50,5.30,24.95,18.50
195,3-5,5-10,11.00,13.50,48.00,27,24.22,3.33,37.00,27.43
127,20+,20-40,52.00,58.67,66.50,27,62.67,2.62,14.50,10.75
35,2-3,5-10,9.00,9.50,9.50,27,9.28,4.30,0.50,0.37
181,10-20,10-20,30.00,30.50,31.50,27,31.32,2.85,1.50,1.11
75,0-1,20-40,12.50,14.50,17.00,27,13.35,21.98,4.50,3.34
240,5-10,10-20,19.00,23.00,32.45,27,25.12,3.44,13.45,9.97
58,10-20,40+,40.50,44.00,50.00,27,46.07,3.54,9.50,7.04
98,3-5,20-40,18.00,18.50,21.00,27,19.99,4.95,3.00,2.22
78,2-3,5-10,9.00,9.50,10.50,27,11.31,4.17,1.50,1.11
252,5-10,40+,32.00,36.45,42.95,27,38.72,4.32,10.95,8.12
211,2-3,0-5,7.50,8.00,8.00,27,7.94,3.61,0.50,0.37
81,0-1,5-10,5.50,6.00,6.50,27,7.86,8.33,1.00,0.74
117,0-1,0-5,3.50,4.00,5.00,27,13.28,8.00,1.50,1.11
201,5-10,20-40,25.00,29.00,31.50,27,28.68,3.49,6.50,4.82
152,2-3,0-5,7.50,8.00,9.00,27,7.87,3.64,1.50,1.11
147,0-1,5-10,5.50,6.00,6.50,27,5.94,7.97,1.00,0.74
95,10-20,10-20,29.00,30.50,35.00,26,32.84,2.82,6.00,4.45
146,1-2,40+,7.00,8.00,9.50,26,12.02,5.13,2.50,1.85
207,3-5,10-20,13.50,14.50,16.00,26,18.50,3.69,2.50,1.85
45,2-3,0-5,7.50,7.50,8.50,26,8.60,3.70,1.00,0.74
255,10-20,10-20,29.00,29.50,31.00,26,30.48,2.82,2.00,1.48
131,1-2,10-20,9.50,10.00,11.00,26,11.73,6.22,1.50,1.11
139,2-3,5-10,9.00,9.50,10.50,26,10.71,4.13,1.50,1.11
150,5-10,40+,33.00,35.50,39.45,26,39.32,4.13,6.45,4.78
207,10-20,40+,46.00,61.85,75.00,26,64.95,3.89,29.00,21.50
149,5-10,10-20,20.50,24.00,28.50,26,26.06,3.18,8.00,5.93
122,1-2,5-10,6.50,6.50,7.50,26,6.88,5.33,1.00,0.74
71,3-5,40+,26.00,26.50,28.95,26,27.83,6.02,2.95,2.19
190,5-10,10-20,18.50,20.00,23.50,26,21.09,3.28,5.00,3.71
254,2-3,5-10,9.00,9.00,9.50,26,9.38,4.25,0.50,0.37
251,20+,40+,68.00,81.00,89.50,26,87.21,2.77,21.50,15.94
38,0-1,0-5,3.00,4.50,15.00,26,13.18,8.82,12.00,8.90
250,2-3,5-10,8.50,9.00,10.00,26,9.23,3.88,1.50,1.11
49,3-5,40+,16.00,26.00,28.50,26,24.00,5.66,12.50,9.27
180,2-3,10-20,10.50,11.00,12.00,26,13.17,4.60,1.50,1.11
121,20+,40+,67.00,77.45,121.00,26,98.13,2.93,54.00,40.03
54,10-20,40+,40.00,41.00,46.00,26,45.16,3.36,6.00,4.45
208,3-5,5-10,12.00,12.50,15.00,26,16.59,3.56,3.00,2.22
146,2-3,40+,9.00,12.50,24.00,26,15.90,4.68,15.00,11.12
225,1-2,20-40,13.50,14.50,16.50,26,17.21,8.84,3.00,2.22
1,1-2,0-5,30.00,85.00,100.00,25,72.90,60.00,70.00,51.89
136,3-5,5-10,11.50,12.50,14.50,25,12.96,3.25,3.00,2.22
192,2-3,5-10,8.50,9.50,9.50,25,9.24,3.96,1.00,0.74
115,10-20,40+,38.81,48.50,53.00,25,48.74,3.29,14.19,10.52
31,1-2,5-10,7.00,7.50,7.50,25,7.38,5.35,0.50,0.37
40,3-5,40+,24.00,26.00,29.50,25,25.32,6.64,5.50,4.08
83,2-3,20-40,14.00,15.00,16.50,25,15.14,5.95,2.50,1.85
129,3-5,40+,14.00,25.00,29.50,25,22.94,5.36,15.50,11.49
44,20+,40+,100.50,110.00,125.50,25,108.94,2.74,25.00,18.53
182,2-3,20-40,14.00,15.00,16.00,25,15.17,6.25,2.00,1.48
203,10-20,10-20,30.50,45.65,53.80,25,46.70,4.20,23.30,17.27
223,3-5,0-5,10.00,10.50,39.00,25,21.20,3.28,29.00,21.50
9,0-1,0-5,3.50,4.50,5.00,25,6.10,8.54,1.50,1.11
16,3-5,20-40,17.50,18.50,21.00,25,19.76,4.66,3.50,2.59
221,10-20,40+,44.21,51.30,58.43,25,59.53,3.38,14.22,10.54
19,20+,40+,58.00,63.00,69.19,25,64.12,2.85,11.19,8.30
53,2-3,10-20,10.50,11.00,12.00,25,11.50,4.68,1.50,1.11
184,5-10,10-20,21.00,25.00,28.95,25,41.90,3.20,7.95,5.89
20,5-10,40+,31.00,35.00,38.50,25,35.07,4.56,7.50,5.56
183,10-20,10-20,32.00,35.50,44.93,25,37.61,2.84,12.93,9.58
82,1-2,20-40,13.00,13.50,14.00,25,13.80,8.09,1.00,0.74
120,5-10,10-20,18.50,21.00,24.50,25,27.13,3.05,6.00,4.45
60,0-1,5-10,5.50,6.00,6.50,25,8.60,7.86,1.00,0.74
120,3-5,10-20,13.50,15.00,16.00,25,16.64,3.79,2.50,1.85
41,0-1,20-40,12.50,14.00,15.50,25,14.25,17.47,3.00,2.22
8,3-5,20-40,18.50,20.50,52.00,25,30.92,4.76,33.50,24.83
218,3-5,5-10,11.50,12.00,13.50,25,13.88,3.40,2.00,1.48
206,10-20,20-40,39.00,41.00,43.00,25,41.34,2.99,4.00,2.97
155,20+,20-40,56.50,59.00,74.95,25,71.14,2.77,18.45,13.68
7,20+,20-40,56.50,61.50,70.20,24,65.95,2.69,13.70,10.16
45,5-10,5-10,15.50,16.00,16.50,24,16.08,3.00,1.00,0.74
173,1-2,0-5,5.50,5.50,6.00,24,5.75,5.05,0.50,0.37
1,20+,40+,74.00,85.50,106.00,24,90.29,2.92,32.00,23.72
152,0-1,40+,5.00,5.50,6.00,24,7.42,7.14,1.00,0.74
42,0-1,20-40,4.50,13.50,15.00,24,12.25,21.43,10.50,7.78
54,3-5,5-10,11.00,11.50,12.00,24,11.77,3.38,1.00,0.74
258,1-2,10-20,9.00,9.50,10.00,24,10.77,6.11,1.00,0.74
131,0-1,5-10,5.50,6.00,6.50,24,6.10,7.61,1.00,0.74
264,3-5,0-5,10.00,11.00,16.50,24,22.04,3.21,6.50,4.82
46,5-10,10-20,19.50,20.00,24.00,24,22.79,3.22,4.50,3.34
123,0-1,10-20,8.00,8.50,9.00,24,8.77,12.14,1.00,0.74
256,2-3,40+,10.50,11.50,13.00,24,15.10,4.49,2.50,1.85
213,1-2,0-5,5.50,5.50,6.00,24,8.00,4.87,0.50,0.37
102,1-2,10-20,9.00,9.50,10.50,24,9.85,5.79,1.50,1.11
212,20+,40+,67.50,77.70,87.16,24,78.52,2.99,19.66,14.57
72,2-3,5-10,9.00,9.50,9.50,24,9.35,4.18,0.50,0.37
159,1-2,20-40,13.50,14.50,15.50,24,14.90,9.51,2.00,1.48
38,1-2,5-10,7.00,7.50,8.50,24,7.63,4.72,1.50,1.11
28,5-10,5-10,16.00,18.00,52.00,24,32.26,3.04,36.00,26.69
189,20+,40+,61.00,66.69,71.83,24,74.27,2.96,10.83,8.03
202,20+,40+,56.29,61.00,72.95,24,64.16,2.89,16.66,12.35
102,0-1,5-10,5.50,6.00,7.00,24,10.03,8.82,1.50,1.11
250,1-2,0-5,5.50,6.00,6.50,24,6.00,4.81,1.00,0.74
65,1-2,40+,7.50,9.00,10.50,24,13.27,5.95,3.00,2.22
89,1-2,20-40,13.50,15.50,16.00,24,17.41,8.51,2.50,1.85
47,2-3,5-10,9.00,9.50,10.00,24,9.83,4.05,1.00,0.74
86,0-1,0-5,2.50,5.00,13.57,24,19.49,35.71,11.07,8.21
128,3-5,10-20,13.50,15.00,16.00,24,15.46,3.63,2.50,1.85
18,5-10,40+,30.50,32.50,37.50,24,37.54,4.28,7.00,5.19
197,10-20,10-20,30.00,43.45,52.00,24,42.24,3.87,22.00,16.31
38,3-5,5-10,12.50,13.50,15.00,23,14.40,3.22,2.50,1.85
192,1-2,10-20,9.50,10.00,11.00,23,10.20,5.53,1.50,1.11
191,1-2,10-20,9.50,10.00,11.00,23,10.33,6.38,1.50,1.11
9,2-3,5-10,9.00,9.50,10.00,23,11.07,3.99,1.00,0.74
83,0-1,10-20,8.00,9.00,10.50,23,10.22,10.61,2.50,1.85
51,3-5,5-10,11.00,12.00,15.00,23,14.17,3.47,4.00,2.97
154,0-1,0-5,2.50,3.50,4.50,23,8.18,25.00,2.00,1.48
121,2-3,20-40,15.00,16.00,18.00,23,18.95,6.18,3.00,2.22
173,3-5,5-10,11.50,12.00,15.00,23,14.04,3.48,3.50,2.59
92,2-3,20-40,15.00,16.00,18.00,23,17.29,6.25,3.00,2.22
223,1-2,20-40,13.50,14.00,15.00,23,14.22,8.70,1.50,1.11
86,3-5,10-20,14.00,17.50,22.70,23,19.27,3.97,8.70,6.45
171,20+,40+,63.25,76.50,134.50,23,93.30,2.89,71.25,52.82
203,2-3,5-10,9.00,9.50,10.50,23,21.76,4.14,1.50,1.11
180,20+,40+,60.50,65.00,77.00,23,70.52,2.87,16.50,12.23
76,3-5,40+,26.00,28.00,32.00,23,29.45,6.63,6.00,4.45
85,0-1,10-20,8.00,9.00,10.50,23,10.49,11.94,2.50,1.85
241,5-10,40+,27.50,30.50,36.00,23,31.57,4.17,8.50,6.30
183,2-3,10-20,10.50,11.50,12.50,23,11.64,4.48,2.00,1.48
98,2-3,5-10,9.00,9.50,10.00,23,9.52,4.05,1.00,0.74
255,2-3,40+,10.50,11.50,13.00,23,14.28,4.43,2.50,1.85
71,2-3,5-10,9.00,9.50,9.50,23,9.72,4.15,0.50,0.37
69,1-2,20-40,14.00,14.50,15.00,23,16.59,8.24,1.00,0.74
257,2-3,20-40,14.50,15.00,18.50,23,15.89,5.91,4.00,2.97
171,3-5,20-40,18.00,20.00,25.45,23,21.97,4.47,7.45,5.52
230,5-10,5-10,15.50,16.00,17.00,23,15.96,3.04,1.50,1.11
32,2-3,20-40,15.00,16.00,17.00,23,16.35,5.95,2.00,1.48
1,10-20,40+,55.50,71.50,75.00,23,68.98,4.07,19.50,14.46
194,2-3,0-5,8.50,52.00,52.00,23,33.02,18.91,43.50,32.25
260,2-3,0-5,8.00,8.00,8.50,23,10.09,3.59,0.50,0.37
98,1-2,5-10,7.00,7.50,8.50,23,7.61,5.00,1.50,1.11
174,2-3,20-40,16.00,17.00,17.50,22,16.84,6.59,1.50,1.11
208,3-5,20-40,17.00,18.00,21.00,22,20.22,4.29,4.00,2.97
255,1-2,40+,6.50,7.00,9.00,22,7.80,5.33,2.50,1.85
15,2-3,5-10,9.50,9.50,10.00,22,10.70,4.22,0.50,0.37
224,5-10,5-10,15.50,15.50,18.50,22,16.66,3.05,3.00,2.22
92,0-1,10-20,8.00,8.00,10.50,22,11.32,13.56,2.50,1.85
108,20+,20-40,56.00,64.00,72.45,22,65.40,2.66,16.45,12.19
178,2-3,20-40,15.00,15.50,16.50,22,16.10,5.96,1.50,1.11
76,0-1,10-20,8.00,9.50,11.00,22,18.66,12.50,3.00,2.22
49,3-5,5-10,11.00,11.00,11.50,22,11.36,3.55,0.50,0.37
252,2-3,10-20,11.00,11.50,13.00,22,12.16,4.38,2.00,1.48
178,0-1,5-10,5.50,6.00,6.50,22,11.82,8.33,1.00,0.74
76,10-20,10-20,29.01,35.00,45.65,22,37.15,2.82,16.64,12.34
168,3-5,40+,25.45,26.50,27.50,22,26.88,6.04,2.05,1.52
46,20+,40+,63.50,73.50,78.00,22,72.32,2.87,14.50,10.75
194,2-3,20-40,14.50,15.00,35.00,22,24.14,6.30,20.50,15.20
4,2-3,0-5,8.00,8.50,9.50,22,12.45,3.59,1.50,1.11
72,3-5,40+,26.00,27.00,30.50,22,29.45,5.83,4.50,3.34
248,20+,40+,58.50,63.83,71.00,22,72.37,2.87,12.50,9.27
60,2-3,20-40,15.00,16.50,18.50,22,16.93,6.17,3.50,2.59
196,10-20,10-20,30.00,52.00,52.00,22,44.83,4.53,22.00,16.31
243,1-2,20-40,13.50,14.50,15.00,22,14.70,9.15,1.50,1.11
124,5-10,5-10,17.50,52.00,52.00,22,39.01,8.90,34.50,25.57
242,10-20,10-20,29.00,31.70,42.59,22,34.97,2.82,13.59,10.07
165,2-3,5-10,9.00,9.00,9.50,22,9.25,4.05,0.50,0.37
212,3-5,5-10,11.50,12.50,13.50,22,13.13,3.32,2.00,1.48
97,1-2,40+,7.00,8.00,9.00,22,11.00,5.82,2.00,1.48
26,1-2,20-40,14.00,15.00,16.00,22,15.86,8.71,2.00,1.48
131,20+,40+,61.18,65.00,75.00,22,80.32,2.96,13.82,10.24
16,2-3,5-10,8.50,9.00,9.50,22,9.79,3.96,1.00,0.74
92,10-20,10-20,28.50,30.50,33.93,22,36.36,2.80,5.43,4.03
26,5-10,10-20,18.00,20.64,24.50,22,21.18,3.17,6.50,4.82
244,1-2,40+,6.50,8.00,9.50,21,8.88,5.63,3.00,2.22
29,20+,20-40,55.11,66.33,71.83,21,64.28,2.72,16.72,12.39
7,5-10,5-10,15.50,16.50,17.00,21,16.67,2.98,1.50,1.11
185,3-5,5-10,11.00,11.95,13.00,21,13.56,3.51,2.00,1.48
180,3-5,20-40,17.00,19.00,20.50,21,19.56,4.45,3.50,2.59
49,20+,20-40,55.50,58.00,65.00,21,58.70,2.71,9.50,7.04
92,20+,20-40,56.50,69.00,130.00,21,90.94,2.85,73.50,54.48
207,2-3,10-20,11.00,11.50,12.50,21,13.60,4.85,1.50,1.11
112,0-1,10-20,8.00,8.00,9.00,21,10.29,11.43,1.00,0.74
225,0-1,10-20,8.00,8.50,10.00,21,13.56,11.43,2.00,1.48
81,10-20,10-20,30.00,33.00,42.95,21,34.63,2.91,12.95,9.60
255,0-1,40+,4.50,5.00,5.50,21,7.33,6.62,1.00,0.74
124,0-1,5-10,5.50,6.00,6.50,21,9.23,8.02,1.00,0.74
128,10-20,40+,45.39,50.81,56.45,21,50.02,3.38,11.06,8.20
73,5-10,10-20,19.50,22.70,32.45,21,25.29,3.50,12.95,9.60
128,1-2,5-10,7.00,7.50,8.50,21,7.57,5.29,1.50,1.11
89,3-5,5-10,11.00,11.50,13.50,21,12.73,3.49,2.50,1.85
106,20+,20-40,55.00,58.50,69.00,21,61.82,2.70,14.00,10.38
265,0-1,20-40,13.00,51.00,100.00,21,76.10,196.97,87.00,64.49
49,10-20,10-20,28.87,29.50,31.50,21,32.06,2.84,2.63,1.95
191,0-1,5-10,5.50,6.00,6.50,21,5.88,8.05,1.00,0.74
66,5-10,5-10,16.00,16.50,17.00,21,16.40,2.98,1.00,0.74
19,2-3,10-20,11.00,11.50,12.50,21,11.97,4.39,1.50,1.11
112,20+,40+,59.50,68.50,79.50,21,73.32,2.89,20.00,14.83
200,2-3,5-10,9.00,9.50,10.00,21,9.48,3.89,1.00,0.74
130,5-10,5-10,16.00,17.00,19.00,21,21.82,3.03,3.00,2.22
32,0-1,5-10,5.50,6.00,6.50,21,6.50,8.33,1.00,0.74
129,1-2,40+,7.00,8.00,10.00,21,10.43,5.90,3.00,2.22
177,20+,20-40,55.00,58.00,60.50,21,57.93,2.69,5.50,4.08
180,0-1,5-10,6.00,6.50,7.00,21,8.53,7.22,1.00,0.74
122,3-5,20-40,18.00,23.00,28.95,21,23.87,5.18,10.95,8.12
56,2-3,5-10,9.00,9.50,10.00,20,9.50,3.80,1.00,0.74
64,3-5,5-10,12.00,13.00,14.00,20,15.90,3.44,2.00,1.48
180,3-5,5-10,13.00,52.00,52.00,20,41.57,10.74,39.00,28.91
92,1-2,0-5,5.50,6.00,6.50,20,7.95,4.65,1.00,0.74
185,2-3,20-40,15.00,15.50,16.00,20,15.90,5.96,1.00,0.74
28,2-3,20-40,14.50,15.00,17.00,20,15.20,6.47,2.50,1.85
37,1-2,20-40,13.50,14.00,16.00,20,15.88,9.64,2.50,1.85
102,2-3,5-10,8.50,9.00,9.50,20,9.15,4.04,1.00,0.74
96,0-1,0-5,2.50,3.00,3.50,20,3.18,14.71,1.00,0.74
115,20+,40+,65.21,73.09,82.50,20,76.91,2.80,17.29,12.82
122,20+,40+,56.08,63.50,70.00,20,65.35,2.92,13.92,10.32
219,1-2,10-20,9.00,9.50,10.50,20,11.05,5.86,1.50,1.11
25,2-3,40+,11.00,12.50,23.50,20,17.25,5.00,12.50,9.27
205,2-3,20-40,15.00,16.00,21.95,20,19.17,6.49,6.95,5.15
222,2-3,5-10,9.00,9.50,10.00,20,9.55,4.32,1.00,0.74
157,20+,40+,56.45,80.00,140.00,20,111.65,3.25,83.55,61.93
122,0-1,0-5,3.00,4.00,4.50,20,5.60,9.00,1.50,1.11
146,10-20,10-20,29.50,30.50,31.50,20,31.58,2.85,2.00,1.48
95,5-10,5-10,16.50,19.00,52.00,20,30.18,3.06,35.50,26.32
193,1-2,20-40,13.00,14.50,15.00,20,15.60,8.43,2.00,1.48
57,10-20,20-40,33.00,40.72,45.65,20,40.31,3.15,12.65,9.38
41,10-20,10-20,30.00,30.50,32.50,20,32.50,2.85,2.50,1.85
156,20+,40+,61.49,72.00,88.00,20,79.56,2.85,26.51,19.65
258,0-1,5-10,6.00,6.50,7.50,20,12.19,8.62,1.50,1.11
156,10-20,20-40,43.76,45.00,53.03,20,51.46,2.93,9.27,6.87
207,1-2,10-20,9.00,10.00,10.00,20,9.78,6.01,1.00,0.74
197,2-3,0-5,8.50,52.00,62.00,20,57.53,19.48,53.50,39.66
157,0-1,5-10,6.00,6.00,6.50,20,6.20,8.22,0.50,0.37
244,0-1,40+,5.00,5.50,6.50,20,11.55,8.14,1.50,1.11
8,10-20,20-40,35.00,52.00,70.00,20,55.34,3.51,35.00,25.95
19,10-20,10-20,30.13,31.88,44.93,20,42.39,2.80,14.80,10.97
224,0-1,40+,5.00,6.00,6.50,20,9.63,8.20,1.50,1.11
244,2-3,0-5,7.50,8.50,9.00,20,13.80,3.54,1.50,1.11
227,2-3,20-40,15.50,16.00,18.50,20,17.18,6.14,3.00,2.22
112,10-20,10-20,29.50,31.50,32.00,20,31.15,2.80,2.50,1.85
153,0-1,5-10,5.50,5.50,6.00,20,5.78,7.14,0.50,0.37
118,0-1,0-5,3.00,4.00,4.50,20,6.15,8.00,1.50,1.11
71,5-10,10-20,19.50,21.50,24.50,20,23.08,3.26,5.00,3.71
89,20+,20-40,55.50,60.00,65.00,20,61.28,2.73,9.50,7.04
215,1-2,0-5,5.50,6.00,6.00,20,12.56,4.62,0.50,0.37
182,2-3,5-10,9.00,9.00,10.50,19,9.53,3.89,1.50,1.11
244,2-3,40+,10.00,12.00,13.00,19,13.29,4.71,3.00,2.22
14,2-3,20-40,14.50,15.50,16.50,19,15.68,6.02,2.00,1.48
131,10-20,10-20,30.50,32.00,38.14,19,34.69,2.79,7.64,5.66
154,5-10,10-20,21.00,24.00,32.95,19,30.49,3.00,11.95,8.86
197,3-5,0-5,52.00,52.00,52.00,19,50.76,14.05,0.00,0.00
191,3-5,5-10,11.00,13.00,15.00,19,15.23,3.45,4.00,2.97
145,3-5,0-5,3.50,11.00,13.50,19,15.89,3.04,10.00,7.41
226,0-1,40+,4.50,6.00,24.00,19,43.71,8.00,19.50,14.46
31,2-3,10-20,10.50,12.00,13.00,19,11.97,4.98,2.50,1.85
34,10-20,40+,38.50,44.00,48.00,19,43.05,3.15,9.50,7.04
232,0-1,40+,4.00,5.50,6.50,19,9.97,8.33,2.50,1.85
183,0-1,0-5,3.00,4.50,28.95,19,13.94,10.00,25.95,19.24
101,10-20,10-20,31.00,34.71,48.85,19,42.84,3.03,17.85,13.23
70,2-3,20-40,14.50,15.00,17.00,19,16.42,6.43,2.50,1.85
33,2-3,40+,10.50,12.00,14.00,19,13.16,4.75,3.50,2.59
145,20+,20-40,56.50,77.00,140.00,19,90.94,3.52,83.50,61.90
51,1-2,0-5,5.50,6.00,6.50,19,7.16,5.00,1.00,0.74
169,3-5,5-10,11.00,12.00,14.00,19,13.65,3.32,3.00,2.22
165,0-1,10-20,8.00,9.00,10.50,19,9.98,14.31,2.50,1.85
216,2-3,20-40,15.00,16.00,17.00,19,16.11,6.32,2.00,1.48
217,3-5,5-10,11.50,18.00,52.00,19,30.42,4.62,40.50,30.02
19,2-3,5-10,8.50,9.50,10.00,19,9.47,3.82,1.50,1.11
171,1-2,10-20,9.00,10.00,11.00,19,10.42,6.63,2.00,1.48
248,2-3,5-10,9.50,10.00,10.50,19,11.47,3.91,1.00,0.74
258,2-3,5-10,9.00,9.50,10.00,19,9.61,3.97,1.00,0.74
35,0-1,10-20,8.00,8.50,10.50,19,14.66,14.29,2.50,1.85
56,1-2,0-5,5.50,6.00,6.50,19,13.87,4.62,1.00,0.74
55,2-3,5-10,8.50,9.50,10.00,19,9.55,4.05,1.50,1.11
128,20+,40+,60.00,68.00,77.45,19,72.37,2.90,17.45,12.94
150,1-2,10-20,9.00,9.50,10.50,19,9.79,6.08,1.50,1.11
259,0-1,5-10,5.50,6.00,7.00,19,8.39,7.78,1.50,1.11
247,10-20,10-20,29.50,31.50,34.00,19,32.78,2.81,4.50,3.34
91,20+,20-40,55.50,65.70,70.20,19,61.48,2.71,14.70,10.90
8,5-10,40+,34.50,52.00,52.00,19,45.38,6.58,17.50,12.97
73,2-3,10-20,11.00,11.00,12.00,19,11.61,4.68,1.00,0.74
235,1-2,0-5,5.00,5.50,6.00,19,5.42,5.00,1.00,0.74
254,10-20,10-20,29.00,30.00,39.45,19,34.31,2.86,10.45,7.75
166,0-1,20-40,5.00,13.50,16.50,19,13.82,18.75,11.50,8.52
7,2-3,40+,9.50,11.00,24.00,19,38.74,4.74,14.50,10.75
23,0-1,0-5,2.50,3.50,4.50,19,16.16,10.71,2.00,1.48
154,10-20,40+,48.71,52.00,57.10,19,53.91,3.38,8.39,6.22
15,1-2,10-20,9.50,10.00,10.50,18,10.39,6.00,1.00,0.74
86,2-3,10-20,10.50,11.00,11.50,18,11.14,4.48,1.00,0.74
218,1-2,0-5,5.50,6.00,6.50,18,13.15,4.96,1.00,0.74
189,1-2,20-40,13.50,14.00,15.00,18,14.31,7.91,1.50,1.11
220,2-3,20-40,14.50,14.50,15.50,18,15.50,5.76,1.00,0.74
208,20+,20-40,56.00,68.83,145.00,18,95.63,2.69,89.00,65.97
47,3-5,5-10,11.00,12.00,16.34,18,14.30,3.55,5.34,3.96
32,2-3,5-10,9.00,9.50,10.50,18,9.56,4.05,1.50,1.11
34,1-2,0-5,5.50,5.50,5.50,18,5.61,5.00,0.00,0.00
77,2-3,20-40,15.50,16.00,17.50,18,16.98,6.49,2.00,1.48
98,20+,40+,62.50,69.50,84.50,18,88.61,2.87,22.00,16.31
10,2-3,20-40,15.00,15.50,17.00,18,16.03,6.08,2.00,1.48
57,5-10,20-40,25.50,26.87,31.00,18,29.99,3.50,5.50,4.08
256,1-2,40+,6.50,7.00,8.50,18,9.89,5.25,2.00,1.48
200,0-1,5-10,5.50,5.50,7.00,18,6.11,8.72,1.50,1.11
51,2-3,20-40,15.00,15.50,17.50,18,15.81,6.02,2.50,1.85
175,2-3,10-20,11.00,11.50,13.00,18,12.03,4.20,2.00,1.48
205,1-2,0-5,5.50,5.50,6.00,18,5.83,5.00,0.50,0.37
21,2-3,20-40,14.50,16.00,18.00,18,16.38,6.30,3.50,2.59
242,3-5,40+,24.00,27.00,32.00,18,27.89,6.25,8.00,5.93
8,2-3,10-20,11.00,11.50,13.00,18,13.97,4.78,2.00,1.48
62,0-1,10-20,8.00,8.50,9.00,18,9.02,11.18,1.00,0.74
120,0-1,5-10,6.00,6.50,11.95,18,16.66,8.57,5.95,4.41
53,1-2,5-10,6.50,7.50,7.50,18,7.14,5.00,1.00,0.74
54,5-10,40+,32.50,34.00,35.50,18,37.52,4.02,3.00,2.22
149,2-3,20-40,15.00,15.50,17.00,18,16.13,6.50,2.00,1.48
16,0-1,5-10,6.00,6.00,6.50,18,6.14,8.22,0.50,0.37
37,0-1,10-20,8.00,8.50,9.50,18,11.57,11.59,1.50,1.11
111,1-2,5-10,7.00,7.50,8.00,18,10.03,5.33,1.00,0.74
257,10-20,10-20,30.50,33.50,44.00,18,36.17,2.81,13.50,10.01
123,1-2,0-5,5.50,6.00,7.00,18,10.31,4.78,1.50,1.11
25,1-2,40+,6.50,8.00,9.50,18,10.81,5.63,3.00,2.22
15,0-1,5-10,5.00,5.50,6.50,18,5.86,9.48,1.50,1.11
155,2-3,5-10,9.00,9.00,10.00,18,9.39,4.29,1.00,0.74
200,3-5,20-40,17.00,18.50,20.00,18,19.65,4.37,3.00,2.22
165,1-2,0-5,5.50,6.00,6.50,18,9.40,5.00,1.00,0.74
39,3-5,5-10,13.50,14.00,25.45,18,18.60,3.29,11.95,8.86
254,2-3,20-40,14.50,16.00,17.50,18,16.77,6.28,3.00,2.22
207,1-2,0-5,6.00,6.50,7.50,18,11.94,4.33,1.50,1.11
10,2-3,0-5,8.00,9.00,52.00,18,21.20,3.64,44.00,32.62
128,20+,20-40,56.00,61.50,64.19,18,61.13,2.86,8.19,6.07
19,0-1,5-10,5.50,5.50,7.00,18,7.16,8.73,1.50,1.11
257,20+,40+,58.00,60.00,70.93,18,65.12,2.80,12.93,9.58
91,1-2,0-5,5.50,6.00,6.00,18,5.86,4.92,0.50,0.37
200,5-10,40+,30.50,36.00,40.15,18,35.96,4.10,9.65,7.15
130,0-1,10-20,8.00,9.00,11.50,18,11.53,12.78,3.50,2.59
198,2-3,20-40,14.50,15.00,15.50,17,15.14,5.75,1.00,0.74
20,0-1,5-10,6.00,6.00,6.50,17,6.09,8.21,0.50,0.37
129,2-3,40+,10.50,12.00,15.00,17,18.26,4.98,4.50,3.34
16,1-2,10-20,9.00,9.50,10.50,17,9.62,5.56,1.50,1.11
245,20+,40+,78.00,88.50,102.50,17,88.61,2.80,24.50,18.16
17,0-1,40+,4.00,4.50,5.00,17,4.50,7.00,1.00,0.74
56,20+,40+,52.00,60.50,110.00,17,80.73,2.90,58.00,42.99
226,20+,20-40,56.50,65.05,75.00,17,69.19,3.14,18.50,13.71
197,2-3,20-40,15.00,15.50,18.00,17,16.64,6.23,3.00,2.22
241,2-3,5-10,8.50,9.00,9.50,17,9.03,4.13,1.00,0.74
164,2-3,0-5,3.50,7.50,8.00,17,8.91,3.48,4.50,3.34
175,2-3,5-10,9.00,9.50,10.00,17,9.59,4.12,1.00,0.74
224,3-5,0-5,10.50,11.00,11.00,17,10.62,3.18,0.50,0.37
108,2-3,5-10,9.00,9.50,9.50,17,9.32,4.20,0.50,0.37
97,2-3,40+,10.50,11.50,20.00,17,15.12,4.79,9.50,7.04
171,0-1,5-10,5.50,6.00,6.00,17,5.88,7.53,0.50,0.37
31,3-5,10-20,14.50,14.50,15.01,17,15.04,3.98,0.51,0.38
122,2-3,5-10,9.50,9.50,10.00,17,9.53,3.78,0.50,0.37
62,3-5,40+,26.00,27.00,29.00,17,26.08,5.82,3.00,2.22
246,5-10,5-10,16.00,16.00,18.50,17,19.59,2.98,2.50,1.85
83,10-20,10-20,31.00,31.50,36.50,17,33.95,2.82,5.50,4.08
138,10-20,5-10,43.00,46.00,47.00,17,45.00,4.08,4.00,2.97
126,2-3,20-40,14.50,15.00,17.50,17,16.20,6.30,3.00,2.22
22,2-3,5-10,9.50,10.00,10.50,17,10.67,4.03,1.00,0.74
174,3-5,5-10,11.50,12.50,13.50,17,13.00,3.39,2.00,1.48
26,1-2,0-5,5.50,6.00,6.00,17,5.79,5.36,0.50,0.37
212,2-3,20-40,15.00,16.00,17.50,17,16.53,6.38,2.50,1.85
93,3-5,0-5,10.50,11.00,12.00,17,19.18,3.17,1.50,1.11
218,10-20,10-20,32.02,35.00,45.60,17,38.44,2.78,13.58,10.07
240,3-5,20-40,16.00,17.50,21.95,17,19.45,4.95,5.95,4.41
18,2-3,5-10,8.50,9.00,9.50,17,9.12,4.13,1.00,0.74
3,0-1,5-10,6.00,6.00,6.50,17,8.06,7.78,0.50,0.37
57,5-10,10-20,18.00,25.00,26.09,17,24.16,2.98,8.09,6.00
265,0-1,40+,46.00,66.00,120.00,17,94.46,444.12,74.00,54.86
180,1-2,10-20,8.50,9.00,10.00,17,9.32,6.18,1.50,1.11
64,10-20,10-20,32.00,37.00,48.85,17,46.00,3.16,16.85,12.49
214,20+,40+,64.00,76.33,76.33,17,73.28,3.02,12.33,9.14
242,1-2,0-5,5.50,6.00,6.00,17,5.76,4.96,0.50,0.37
139,0-1,5-10,6.00,6.00,7.00,17,6.96,8.33,1.00,0.74
166,5-10,5-10,15.50,16.00,16.00,17,16.00,3.04,0.50,0.37
203,3-5,20-40,16.50,18.50,20.50,17,20.12,4.46,4.00,2.97
151,0-1,20-40,13.00,14.00,18.00,17,13.94,27.94,5.00,3.71
240,3-5,10-20,15.00,16.00,19.56,17,17.82,3.79,4.56,3.38
167,3-5,40+,25.45,26.50,29.00,16,26.65,6.16,3.55,2.63
224,20+,20-40,52.00,55.50,72.00,16,66.25,2.61,20.00,14.83
22,20+,20-40,60.00,63.50,66.00,16,64.54,2.70,6.00,4.45
20,2-3,20-40,16.00,17.50,18.95,16,17.46,6.50,2.95,2.19
24,2-3,0-5,7.50,7.50,8.00,16,7.66,3.69,0.50,0.37
19,3-5,20-40,18.50,19.50,31.47,16,25.49,4.43,12.97,9.61
226,0-1,20-40,13.50,14.00,17.00,16,16.94,21.88,3.50,2.59
102,20+,40+,53.75,60.00,62.50,16,74.02,2.87,8.75,6.49
212,10-20,10-20,32.50,33.00,35.89,16,36.24,2.86,3.39,2.51
228,0-1,10-20,7.50,8.50,9.00,16,10.60,11.11,1.50,1.11
131,5-10,40+,28.95,32.50,38.50,16,33.46,4.40,9.55,7.08
208,2-3,5-10,8.50,9.50,10.00,16,9.63,3.80,1.50,1.11
53,20+,40+,59.00,65.50,76.95,16,74.70,2.80,17.95,13.31
203,1-2,0-5,5.50,6.00,6.50,16,6.70,4.55,1.00,0.74
160,1-2,0-5,5.50,6.00,6.00,16,36.38,4.62,0.50,0.37
98,1-2,0-5,5.50,5.50,6.50,16,14.24,4.76,1.00,0.74
224,0-1,20-40,13.00,14.00,16.50,16,17.22,18.33,3.50,2.59
185,1-2,0-5,5.50,5.50,6.00,16,8.09,4.74,0.50,0.37
39,1-2,0-5,5.50,6.00,6.00,16,5.88,4.92,0.50,0.37
133,0-1,10-20,8.00,8.50,10.00,16,8.84,10.22,2.00,1.48
64,20+,20-40,61.00,66.50,82.45,16,87.63,2.73,21.45,15.90
57,10-20,10-20,26.84,29.50,39.89,16,33.72,2.76,13.05,9.67
119,1-2,0-5,5.50,5.50,6.00,16,8.63,5.00,0.50,0.37
175,0-1,5-10,5.50,6.00,6.00,16,11.90,7.41,0.50,0.37
232,3-5,0-5,10.00,10.00,13.00,16,16.53,3.26,3.00,2.22
115,10-20,20-40,40.50,45.65,52.31,16,47.71,3.11,11.81,8.75
81,2-3,20-40,16.00,16.50,18.50,16,17.69,6.48,2.50,1.85
64,2-3,10-20,10.50,10.50,14.00,16,15.28,4.49,3.50,2.59
36,2-3,20-40,15.00,15.50,17.00,16,16.28,6.03,2.00,1.48
128,0-1,5-10,5.50,5.50,6.00,16,5.84,6.55,0.50,0.37
228,3-5,40+,25.00,26.00,29.00,16,26.29,5.93,4.00,2.97
252,1-2,10-20,9.00,10.00,11.00,16,10.03,6.64,2.00,1.48
217,1-2,20-40,14.00,14.00,15.50,16,14.72,10.23,1.50,1.11
16,3-5,5-10,11.50,13.00,14.50,16,14.90,3.38,3.00,2.22
100,2-3,0-5,3.50,4.50,7.50,16,8.50,1.74,4.00,2.97
215,3-5,5-10,12.50,14.00,29.45,16,23.77,3.31,16.95,12.56
192,20+,40+,69.95,107.50,111.00,16,96.55,2.70,41.05,30.43
256,0-1,40+,4.00,5.00,6.00,16,5.03,7.58,2.00,1.48
240,20+,40+,60.33,64.62,69.50,16,80.92,2.77,9.17,6.80
184,10-20,40+,43.50,52.50,55.91,16,51.28,3.18,12.41,9.20
124,2-3,5-10,8.50,9.00,10.50,16,12.32,4.09,2.00,1.48
85,3-5,40+,25.45,25.95,28.50,16,26.68,6.23,3.05,2.26
135,3-5,5-10,10.50,12.50,14.50,16,13.40,3.24,4.00,2.97
210,3-5,5-10,12.00,12.50,14.00,16,14.02,3.35,2.00,1.48
192,5-10,40+,31.00,35.50,39.03,16,36.20,4.03,8.03,5.95
121,5-10,40+,30.00,33.50,42.95,16,36.15,4.35,12.95,9.60
154,20+,40+,86.33,150.00,300.00,16,212.39,4.80,213.67,158.39
159,20+,20-40,56.00,60.00,64.50,15,64.44,2.73,8.50,6.30
39,10-20,10-20,28.50,30.41,34.50,15,33.30,2.84,6.00,4.45
117,2-3,10-20,10.50,12.00,13.00,15,12.95,4.66,2.50,1.85
33,5-10,5-10,15.50,16.50,17.00,15,16.33,3.03,1.50,1.11
175,1-2,10-20,9.50,10.00,11.00,15,10.17,6.00,1.50,1.11
254,1-2,0-5,5.50,5.50,6.00,15,5.80,5.14,0.50,0.37
5,10-20,20-40,46.50,51.00,70.21,15,58.30,3.05,23.71,17.58
253,20+,40+,59.74,74.95,131.00,15,94.94,3.37,71.26,52.82
82,1-2,40+,8.00,8.00,10.00,15,9.83,5.69,2.00,1.48
8,1-2,0-5,5.50,6.50,7.00,15,12.33,4.39,1.50,1.11
146,20+,20-40,52.00,56.50,65.05,15,62.08,2.72,13.05,9.67
158,2-3,0-5,3.50,7.50,7.50,15,5.93,3.44,4.00,2.97
12,1-2,40+,7.00,9.00,11.50,15,10.17,6.08,4.50,3.34
127,10-20,10-20,29.50,30.50,31.00,15,30.63,2.81,1.50,1.11
173,0-1,10-20,8.00,8.50,9.50,15,10.47,10.26,1.50,1.11
197,20+,20-40,52.00,56.00,69.00,15,60.34,2.69,17.00,12.60
118,10-20,40+,38.50,47.50,54.50,15,47.01,3.14,16.00,11.86
159,3-5,40+,16.00,28.50,30.00,15,25.10,6.79,14.00,10.38
260,20+,20-40,60.00,73.00,93.00,15,83.07,3.17,33.00,24.46
179,2-3,0-5,7.50,7.50,8.50,15,7.50,3.61,1.00,0.74
196,5-10,5-10,16.00,17.00,52.00,15,31.43,3.14,36.00,26.69
183,2-3,5-10,8.50,9.50,10.00,15,13.08,3.88,1.50,1.11
136,2-3,20-40,14.50,15.00,17.00,15,15.43,5.90,2.50,1.85
208,10-20,10-20,30.00,40.00,100.00,15,60.74,3.74,70.00,51.89
119,0-1,10-20,7.50,9.00,10.50,15,10.90,11.54,3.00,2.22
179,20+,20-40,56.00,62.17,72.95,15,75.90,2.72,16.95,12.56
164,5-10,5-10,15.50,16.00,16.50,15,16.30,3.10,1.00,0.74
203,5-10,40+,31.50,35.00,42.95,15,37.97,3.84,11.45,8.49
3,2-3,5-10,9.00,9.50,10.50,15,9.67,3.94,1.50,1.11
221,20+,40+,65.93,72.50,121.00,15,97.86,2.95,55.07,40.82
238,3-5,0-5,10.00,10.50,11.00,15,9.93,3.20,1.00,0.74
38,2-3,5-10,9.50,9.50,10.00,15,9.70,3.82,0.50,0.37
131,2-3,20-40,15.00,16.50,18.00,15,16.83,6.07,3.00,2.22
27,20+,40+,63.63,77.51,81.75,15,72.96,2.78,18.12,13.43
59,10-20,40+,42.54,45.65,49.50,15,44.98,3.30,6.96,5.16
180,2-3,5-10,9.00,9.50,10.00,15,15.10,4.09,1.00,0.74
42,5-10,5-10,16.50,16.73,22.00,15,19.75,3.13,5.50,4.08
254,0-1,10-20,8.00,8.00,9.00,15,8.60,11.67,1.00,0.74
219,2-3,0-5,8.00,9.00,52.00,15,27.18,3.64,44.00,32.62
195,2-3,0-5,8.00,9.00,52.00,15,19.97,3.61,44.00,32.62
10,0-1,10-20,8.00,9.00,11.00,15,11.59,20.00,3.00,2.22
73,3-5,20-40,16.00,17.00,20.00,15,18.96,4.49,4.00,2.97
53,2-3,5-10,9.00,9.50,10.00,15,9.60,3.95,1.00,0.74
144,2-3,0-5,3.50,7.50,8.00,15,6.43,3.54,4.50,3.34
208,1-2,10-20,9.00,10.00,11.50,15,10.27,5.94,2.50,1.85
196,20+,40+,61.00,72.95,92.50,15,90.83,3.41,31.50,23.35
4,5-10,5-10,15.50,16.00,17.00,15,16.83,3.06,1.50,1.11
120,10-20,20-40,33.98,43.50,52.00,15,47.74,2.97,18.02,13.36
247,20+,20-40,55.00,60.00,70.00,15,67.05,2.70,15.00,11.12
160,0-1,5-10,5.50,6.00,6.50,15,6.17,7.29,1.00,0.74
31,20+,40+,62.00,69.50,81.00,15,74.51,2.92,19.00,14.08
94,2-3,20-40,14.50,15.50,16.00,15,15.80,6.55,1.50,1.11
175,3-5,5-10,11.00,11.50,13.00,15,12.00,3.50,2.00,1.48
155,10-20,10-20,32.00,34.50,45.65,14,38.13,2.84,13.65,10.12
18,0-1,10-20,8.00,8.50,10.00,14,9.79,14.29,2.00,1.48
86,20+,20-40,57.17,60.00,73.83,14,63.97,2.68,16.66,12.35
118,1-2,5-10,6.50,7.00,7.50,14,7.07,5.00,1.00,0.74
193,0-1,20-40,13.00,13.50,15.50,14,12.36,19.29,2.50,1.85
219,0-1,5-10,6.00,6.50,7.50,14,13.82,7.87,1.50,1.11
58,1-2,5-10,6.00,7.00,7.00,14,6.82,5.17,1.00,0.74
173,2-3,20-40,14.00,15.50,17.00,14,15.25,6.22,3.00,2.22
226,3-5,0-5,11.50,13.00,52.00,14,31.57,3.33,40.50,30.02
39,0-1,10-20,8.50,10.50,12.50,14,13.88,16.95,4.00,2.97
153,5-10,40+,30.00,33.50,39.45,14,36.56,3.77,9.45,7.01
2,10-20,40+,52.00,52.00,52.00,14,53.29,2.89,0.00,0.00
111,2-3,10-20,11.00,11.00,12.00,14,11.61,4.86,1.00,0.74
182,3-5,5-10,11.50,13.50,14.00,14,13.11,3.23,2.50,1.85
205,0-1,10-20,8.50,9.00,10.00,14,11.27,11.11,1.50,1.11
66,2-3,40+,10.50,12.50,14.00,14,13.93,4.88,3.50,2.59
122,10-20,10-20,42.73,48.35,48.35,14,43.83,4.13,5.62,4.17
202,2-3,20-40,14.50,15.00,15.50,14,15.21,5.76,1.00,0.74
225,20+,20-40,56.50,57.00,64.08,14,59.69,2.77,7.58,5.62
257,3-5,5-10,11.00,11.50,13.00,14,11.93,3.30,2.00,1.48
208,5-10,5-10,16.39,18.00,52.00,14,34.01,2.99,35.61,26.40
191,1-2,0-5,0.10,5.00,5.50,14,4.46,3.87,5.40,4.00
12,2-3,40+,11.00,12.00,16.00,14,14.04,4.96,5.00,3.71
80,2-3,40+,10.50,11.00,13.50,14,13.14,4.30,3.00,2.22
33,1-2,40+,7.00,8.00,9.00,14,9.35,5.22,2.00,1.48
124,1-2,10-20,9.00,10.00,10.50,14,9.89,6.05,1.50,1.11
134,2-3,0-5,8.50,9.50,52.00,14,32.77,3.79,43.50,32.25
82,3-5,40+,15.00,26.50,31.00,14,29.25,5.86,16.00,11.86
262,3-5,0-5,10.00,10.00,10.00,14,10.11,3.25,0.00,0.00
2,10-20,20-40,37.00,52.00,52.00,14,46.61,2.87,15.00,11.12
124,1-2,0-5,6.00,6.00,7.50,14,15.61,4.64,1.50,1.11
106,1-2,20-40,13.50,14.00,15.00,14,14.54,8.39,1.50,1.11
120,2-3,10-20,10.50,11.50,12.50,14,11.46,4.41,2.00,1.48
16,1-2,0-5,5.50,5.50,6.00,14,5.75,5.05,0.50,0.37
31,5-10,10-20,18.82,20.50,28.23,14,23.25,3.11,9.41,6.98
118,10-20,20-40,34.13,38.00,44.93,14,39.73,2.91,10.80,8.01
55,2-3,20-40,15.00,15.00,16.00,14,15.93,6.03,1.00,0.74
23,10-20,10-20,31.50,33.00,39.00,14,54.11,2.75,7.50,5.56
22,0-1,10-20,8.00,9.00,10.50,14,12.60,14.53,2.50,1.85
261,2-3,0-5,7.50,7.50,8.00,14,13.39,3.64,0.50,0.37
128,1-2,10-20,9.00,9.50,10.50,14,9.86,5.59,1.50,1.11
216,0-1,10-20,8.00,8.00,10.00,14,8.68,11.05,2.00,1.48
117,1-2,5-10,6.50,7.00,8.00,14,7.21,5.00,1.50,1.11
174,20+,20-40,58.51,61.00,66.33,14,60.83,2.71,7.82,5.80
83,20+,40+,67.00,86.50,130.00,14,98.32,2.90,63.00,46.70
4,20+,20-40,57.00,62.55,68.50,14,65.18,2.70,11.50,8.52
183,1-2,10-20,9.00,9.00,11.00,14,9.75,5.79,2.00,1.48
206,5-10,20-40,23.00,29.00,30.00,14,27.18,3.48,7.00,5.19
80,20+,20-40,57.00,60.00,80.00,14,69.60,2.80,23.00,17.05
80,1-2,20-40,13.00,14.50,15.50,14,13.82,7.86,2.50,1.85
24,0-1,20-40,4.50,5.00,14.00,14,9.21,12.82,9.50,7.04
65,0-1,40+,5.00,5.50,6.00,14,9.75,6.59,1.00,0.74
210,10-20,10-20,29.57,36.57,48.35,14,40.06,2.86,18.78,13.92
210,2-3,5-10,9.00,9.50,10.00,13,10.11,4.31,1.00,0.74
96,10-20,40+,40.53,49.00,52.00,13,46.97,3.07,11.47,8.50
222,2-3,20-40,15.50,17.00,19.00,13,21.30,7.05,3.50,2.59
169,0-1,10-20,8.00,8.50,8.50,13,10.61,9.44,0.50,0.37
67,2-3,20-40,15.00,15.50,16.50,13,15.85,6.10,1.50,1.11
139,5-10,40+,32.50,38.00,40.75,13,36.95,4.42,8.25,6.12
207,0-1,5-10,5.50,6.00,7.00,13,6.04,7.69,1.50,1.11
9,10-20,10-20,33.50,33.50,34.00,13,32.89,2.74,0.50,0.37
37,20+,20-40,54.50,58.00,59.50,13,57.35,2.71,5.00,3.71
19,1-2,10-20,9.00,9.00,10.00,13,9.46,5.35,1.00,0.74
213,2-3,20-40,14.50,15.50,16.50,13,16.27,6.11,2.00,1.48
101,2-3,5-10,9.00,9.50,10.50,13,18.84,4.15,1.50,1.11
221,10-20,20-40,39.01,41.51,44.93,13,42.86,3.06,5.92,4.39
252,20+,20-40,90.00,150.00,164.00,13,131.18,5.61,74.00,54.86
23,10-20,20-40,34.00,36.50,39.50,13,41.32,2.94,5.50,4.08
44,5-10,20-40,28.00,30.50,32.00,13,29.73,3.33,4.00,2.97
155,2-3,20-40,15.50,16.50,17.50,13,16.54,5.93,2.00,1.48
182,10-20,10-20,30.50,34.65,42.23,13,35.62,2.86,11.73,8.70
177,0-1,10-20,8.50,10.00,11.00,13,16.35,12.33,2.50,1.85
76,5-10,5-10,16.00,17.50,52.00,13,28.50,3.02,36.00,26.69
86,1-2,5-10,7.00,8.00,8.50,13,13.11,5.06,1.50,1.11
134,20+,20-40,56.00,58.50,64.00,13,63.77,2.72,8.00,5.93
203,1-2,10-20,9.00,9.50,10.00,13,9.54,6.57,1.00,0.74
122,1-2,10-20,9.50,9.50,10.00,13,9.85,6.09,0.50,0.37
111,0-1,0-5,4.00,4.50,5.00,13,4.31,7.69,1.00,0.74
145,0-1,40+,5.00,22.50,62.00,13,55.29,45.10,57.00,42.25
217,0-1,40+,3.50,4.00,5.50,13,4.46,8.06,2.00,1.48
67,2-3,5-10,8.50,9.00,9.00,13,8.96,4.11,0.50,0.37
40,1-2,40+,7.00,7.50,10.00,13,9.27,5.30,3.00,2.22
19,5-10,5-10,15.82,18.00,19.50,13,20.33,2.90,3.68,2.73
36,20+,40+,59.50,63.00,78.00,13,73.75,2.85,18.50,13.71
253,5-10,10-20,21.00,23.50,25.00,13,29.65,3.13,4.00,2.97
228,10-20,10-20,31.00,33.69,34.00,13,32.95,2.76,3.00,2.22
135,2-3,20-40,15.00,15.50,16.50,13,16.46,6.20,1.50,1.11
167,2-3,5-10,9.00,9.50,9.50,13,9.27,4.29,0.50,0.37
96,1-2,5-10,6.50,7.50,8.00,13,7.31,4.78,1.50,1.11
80,1-2,40+,7.00,8.00,9.00,13,7.96,5.04,2.00,1.48
63,0-1,5-10,6.00,6.50,7.00,13,11.58,8.16,1.00,0.74
124,10-20,10-20,34.97,47.68,51.55,13,44.84,3.85,16.58,12.29
212,1-2,0-5,5.50,5.50,6.00,13,5.65,5.00,0.50,0.37
85,1-2,0-5,5.50,5.50,6.00,13,5.69,4.92,0.50,0.37
91,0-1,10-20,8.50,8.50,10.00,13,9.08,11.34,1.50,1.11
200,3-5,5-10,11.00,12.50,14.50,13,13.59,3.32,3.50,2.59
243,5-10,5-10,16.00,17.00,18.50,13,17.50,3.00,2.50,1.85
167,0-1,10-20,8.00,9.00,9.50,13,8.77,11.17,1.50,1.11
194,5-10,5-10,15.50,24.00,52.00,13,32.12,2.98,36.50,27.06
235,1-2,20-40,14.00,14.50,16.50,13,15.92,9.60,2.50,1.85
193,20+,20-40,54.65,56.00,64.00,13,58.40,2.72,9.35,6.93
126,1-2,0-5,5.00,6.00,6.50,13,5.50,4.64,1.50,1.11
217,3-5,40+,25.50,27.00,27.50,13,29.35,6.80,2.00,1.48
8,1-2,10-20,9.00,9.50,10.50,12,9.79,5.76,1.50,1.11
31,1-2,10-20,9.00,9.50,11.00,12,10.25,5.88,2.00,1.48
210,2-3,20-40,15.00,15.50,15.50,12,16.08,5.76,0.50,0.37
117,3-5,10-20,13.50,14.50,15.50,12,16.48,4.18,2.00,1.48
129,0-1,40+,4.50,5.50,6.50,12,8.79,7.58,2.00,1.48
206,1-2,5-10,6.50,7.50,8.00,12,7.46,5.00,1.50,1.11
240,1-2,5-10,7.00,7.00,7.50,12,7.38,5.00,0.50,0.37
168,2-3,0-5,8.00,8.50,9.00,12,8.75,3.45,1.00,0.74
175,10-20,10-20,29.56,31.00,39.53,12,35.85,2.73,9.97,7.39
210,0-1,10-20,8.00,9.00,10.00,12,9.21,13.64,2.00,1.48
9,20+,40+,59.50,64.00,68.50,12,66.02,2.91,9.00,6.67
70,1-2,20-40,13.50,15.50,17.00,12,15.88,9.50,3.50,2.59
64,1-2,0-5,5.50,6.00,23.73,12,16.10,4.69,18.23,13.51
198,1-2,0-5,5.50,6.00,6.00,12,5.96,4.69,0.50,0.37
257,3-5,40+,22.45,25.00,28.00,12,24.54,6.70,5.55,4.11
208,2-3,0-5,8.00,8.50,8.50,12,8.50,3.46,0.50,0.37
265,3-5,40+,27.50,28.50,54.00,12,47.75,6.91,26.50,19.64
183,3-5,20-40,18.00,21.00,24.50,12,22.21,5.01,6.50,4.82
163,5-10,5-10,17.50,18.00,19.50,12,19.92,2.96,2.00,1.48
3,3-5,5-10,12.00,12.50,13.00,12,14.53,3.38,1.00,0.74
265,1-2,40+,0.01,6.50,14.50,12,24.09,5.03,14.49,10.74
256,5-10,5-10,15.00,16.00,20.50,12,22.96,2.91,5.50,4.08
169,1-2,0-5,5.50,5.50,5.50,12,5.71,5.00,0.00,0.00
218,2-3,20-40,15.00,15.50,17.50,12,16.87,5.58,2.50,1.85
127,0-1,10-20,8.00,8.50,9.00,12,11.54,10.76,1.00,0.74
203,3-5,5-10,12.00,13.00,14.50,12,17.57,3.20,2.50,1.85
18,20+,20-40,55.00,59.17,63.50,12,60.61,2.70,8.50,6.30
64,1-2,5-10,6.50,7.00,9.00,12,14.06,5.13,2.50,1.85
53,1-2,10-20,10.00,10.50,11.00,12,10.46,5.87,1.00,0.74
11,0-1,5-10,5.50,6.00,6.00,12,5.88,6.57,0.50,0.37
259,5-10,40+,31.17,38.00,39.45,12,41.89,4.38,8.28,6.14
201,5-10,10-20,21.50,25.50,33.66,12,27.69,3.53,12.16,9.01
11,2-3,5-10,9.00,9.00,9.50,12,9.25,3.91,0.50,0.37
28,0-1,10-20,8.00,8.50,8.50,12,8.42,10.63,0.50,0.37
256,20+,20-40,60.50,65.00,72.00,12,78.19,2.68,11.50,8.52
71,0-1,10-20,8.50,9.50,11.00,12,14.04,14.93,2.50,1.85
157,3-5,0-5,11.00,15.00,52.00,12,29.67,4.78,41.00,30.39
19,3-5,5-10,11.00,11.50,14.50,12,12.92,3.35,3.50,2.59
253,5-10,20-40,21.50,23.50,29.00,12,26.79,3.24,7.50,5.56
207,20+,40+,95.00,120.00,168.00,12,146.46,4.85,73.00,54.11
259,2-3,5-10,9.00,9.50,10.00,12,9.58,4.30,1.00,0.74
217,10-20,10-20,30.00,36.50,52.00,12,42.19,2.85,22.00,16.31
9,0-1,5-10,5.50,6.50,6.50,12,11.28,7.86,1.00,0.74
179,0-1,20-40,12.50,13.50,15.00,12,18.98,17.86,2.50,1.85
35,3-5,40+,26.50,27.50,29.00,12,29.05,5.89,2.50,1.85
63,2-3,5-10,9.00,9.00,9.00,12,10.75,4.09,0.00,0.00
120,10-20,10-20,28.00,29.50,36.00,12,32.64,2.76,8.00,5.93
160,3-5,5-10,11.00,11.50,12.00,12,14.54,3.24,1.00,0.74
149,0-1,10-20,8.00,8.00,9.00,12,8.81,11.88,1.00,0.74
178,1-2,0-5,5.00,5.50,6.00,12,5.83,4.90,1.00,0.74
193,10-20,10-20,29.17,30.50,34.00,12,36.70,2.85,4.83,3.58
121,1-2,0-5,5.50,6.00,6.00,12,5.96,4.64,0.50,0.37
60,1-2,0-5,5.00,6.00,6.00,12,5.83,4.55,1.00,0.74
149,2-3,5-10,9.00,9.50,10.00,12,10.75,3.96,1.00,0.74
11,20+,20-40,52.42,62.00,70.45,12,86.79,2.71,18.03,13.37
21,2-3,5-10,9.00,9.50,10.50,12,10.94,4.13,1.50,1.11
169,10-20,10-20,29.00,31.85,37.50,12,35.10,2.75,8.50,6.30
33,0-1,40+,4.00,5.00,6.00,12,6.21,8.00,2.00,1.48
217,20+,40+,59.56,71.50,74.95,12,72.13,2.88,15.39,11.41
21,0-1,10-20,8.50,9.00,11.95,12,11.55,11.43,3.45,2.56
86,5-10,10-20,19.14,25.00,32.00,12,26.74,3.28,12.86,9.53
52,0-1,40+,4.50,5.50,6.00,12,6.67,7.50,1.50,1.11
227,20+,20-40,60.50,63.00,77.45,12,68.95,2.81,16.95,12.56
257,20+,20-40,58.00,60.50,69.50,12,65.70,2.69,11.50,8.52
189,3-5,5-10,11.00,11.50,11.50,12,13.12,3.50,0.50,0.37
35,1-2,20-40,14.50,15.00,18.00,12,16.50,8.90,3.50,2.59
31,3-5,20-40,17.00,19.50,21.50,12,20.78,5.11,4.50,3.34
145,1-2,40+,7.00,8.00,23.50,12,23.67,5.31,16.50,12.23
53,5-10,40+,28.50,34.00,34.50,12,32.22,3.66,6.00,4.45
20,3-5,5-10,12.00,12.50,13.00,12,12.63,3.27,1.00,0.74
56,5-10,5-10,16.50,52.00,52.00,12,39.46,6.79,35.50,26.32
118,3-5,10-20,12.50,13.00,15.50,12,14.29,3.72,3.00,2.22
196,0-1,10-20,7.50,8.00,8.50,12,8.17,10.19,1.00,0.74
250,3-5,5-10,11.50,12.50,13.50,11,12.45,3.37,2.00,1.48
252,2-3,5-10,8.50,9.00,9.50,11,9.05,4.25,1.00,0.74
54,20+,40+,56.50,68.00,76.00,11,72.50,2.73,19.50,14.46
101,2-3,10-20,11.00,11.50,13.00,11,11.73,4.45,2.00,1.48
134,3-5,0-5,11.50,13.00,52.00,11,32.14,3.23,40.50,30.02
147,2-3,20-40,15.00,18.00,20.23,11,18.10,6.64,5.23,3.88
200,10-20,10-20,29.50,30.00,32.50,11,32.70,2.83,3.00,2.22
175,1-2,0-5,5.50,5.50,6.00,11,5.77,4.96,0.50,0.37
72,0-1,10-20,8.50,10.00,34.07,11,21.13,13.75,25.57,18.95
255,2-3,0-5,7.50,8.00,8.50,11,7.86,3.54,1.00,0.74
108,0-1,5-10,5.50,6.00,7.00,11,6.23,10.78,1.50,1.11
139,10-20,10-20,29.00,29.50,40.20,11,33.25,2.84,11.20,8.30
147,20+,20-40,54.22,59.23,61.49,11,58.11,2.75,7.27,5.39
252,0-1,5-10,5.00,6.00,7.00,11,6.23,9.17,2.00,1.48
179,5-10,5-10,16.00,16.50,17.00,11,16.82,3.02,1.00,0.74
194,0-1,5-10,5.00,5.50,6.00,11,5.50,7.53,1.00,0.74
78,3-5,40+,27.00,28.50,32.00,11,29.36,6.06,5.00,3.71
106,10-20,10-20,30.00,32.00,48.85,11,40.03,2.86,18.85,13.97
7,0-1,20-40,12.50,13.50,15.50,11,12.95,18.75,3.00,2.22
171,2-3,5-10,9.50,10.00,10.00,11,9.77,3.97,0.50,0.37
6,10-20,40+,43.50,47.50,56.00,11,48.49,2.99,12.50,9.27
73,2-3,5-10,8.50,9.50,10.00,11,9.27,4.25,1.50,1.11
167,1-2,0-5,5.50,5.50,5.50,11,5.55,5.29,0.00,0.00
151,3-5,0-5,10.00,10.50,12.00,11,10.59,3.14,2.00,1.48
220,20+,20-40,56.50,63.00,74.19,11,63.80,2.65,17.69,13.11
102,1-2,0-5,5.50,6.50,6.50,11,8.94,4.74,1.00,0.74
105,3-5,10-20,13.00,14.50,15.00,11,14.41,3.68,2.00,1.48
72,5-10,10-20,19.00,19.50,21.95,11,22.14,3.45,2.95,2.19
196,1-2,20-40,14.00,14.50,15.50,11,14.86,7.63,1.50,1.11
20,2-3,5-10,9.50,10.00,10.00,11,9.73,4.22,0.50,0.37
133,1-2,20-40,14.00,15.50,17.50,11,15.68,9.01,3.50,2.59
153,1-2,0-5,5.50,5.50,6.00,11,5.73,5.39,0.50,0.37
248,10-20,10-20,28.93,33.50,45.65,11,36.48,2.85,16.72,12.39
205,3-5,5-10,13.00,15.00,25.45,11,17.08,3.87,12.45,9.23
259,3-5,5-10,12.50,13.50,17.39,11,15.94,3.41,4.89,3.62
15,1-2,0-5,5.00,5.50,6.50,11,8.40,4.85,1.50,1.11
57,3-5,10-20,13.50,15.50,16.00,11,15.27,3.77,2.50,1.85
168,5-10,5-10,16.00,16.50,17.00,11,16.64,3.06,1.00,0.74
198,20+,40+,57.50,68.00,98.00,11,77.66,2.82,40.50,30.02
121,3-5,5-10,12.00,13.50,28.00,11,21.50,3.89,16.00,11.86
241,1-2,0-5,5.50,5.50,6.00,11,5.68,5.09,0.50,0.37
154,2-3,10-20,9.50,11.00,13.50,11,11.48,4.74,4.00,2.97
213,3-5,40+,26.00,28.00,30.50,11,28.21,6.25,4.50,3.34
68,5-10,5-10,16.00,19.50,60.00,11,69.68,3.14,44.00,32.62
117,0-1,5-10,6.00,7.50,44.80,11,18.57,11.19,38.80,28.76
200,20+,20-40,55.50,58.83,66.33,11,59.72,2.69,10.83,8.03
173,10-20,10-20,29.50,32.00,34.00,11,38.43,2.82,4.50,3.34
1,0-1,5-10,7.00,85.00,96.00,11,66.16,100.00,89.00,65.97
25,2-3,0-5,8.00,8.00,8.00,11,11.91,3.81,0.00,0.00
259,2-3,20-40,15.00,15.00,17.00,11,16.81,5.86,2.00,1.48
36,3-5,40+,17.50,25.45,26.50,11,23.14,5.81,9.00,6.67
53,3-5,5-10,11.50,12.00,12.50,11,12.05,3.22,1.00,0.74
116,2-3,0-5,7.50,7.50,8.50,11,7.82,3.66,1.00,0.74
253,10-20,40+,47.00,52.00,57.50,11,54.37,3.29,10.50,7.78
179,1-2,40+,6.00,7.00,8.50,11,8.41,5.41,2.50,1.85
26,2-3,5-10,9.00,9.50,10.00,11,9.55,4.12,1.00,0.74
154,5-10,5-10,17.50,20.50,22.00,11,20.00,2.82,4.50,3.34
133,20+,20-40,59.00,68.84,77.45,11,67.99,2.87,18.45,13.68
73,0-1,0-5,4.00,5.00,32.95,11,22.63,10.00,28.95,21.46
21,1-2,0-5,5.50,5.50,6.00,11,7.86,5.24,0.50,0.37
195,0-1,10-20,8.00,11.00,47.62,11,26.73,114.29,39.62,29.37
258,2-3,20-40,14.50,15.50,16.50,11,15.95,6.13,2.00,1.48
55,10-20,10-20,32.00,39.45,52.00,11,41.31,3.37,20.00,14.83
47,20+,20-40,56.31,62.00,66.33,11,61.47,2.85,10.02,7.43
98,5-10,40+,30.44,32.50,38.00,11,33.68,3.68,7.56,5.60
93,2-3,20-40,14.50,16.50,18.00,11,19.41,5.89,3.50,2.59
200,1-2,10-20,8.50,9.50,10.50,11,9.59,5.73,2.00,1.48
34,2-3,20-40,14.50,15.00,16.00,11,15.32,5.96,1.50,1.11
139,1-2,0-5,5.50,5.50,6.00,11,5.73,4.81,0.50,0.37
203,0-1,5-10,5.50,6.50,15.03,11,11.23,9.82,9.53,7.06
111,5-10,20-40,21.50,24.00,28.50,11,25.14,3.57,7.00,5.19
150,0-1,5-10,5.50,6.00,7.00,11,6.05,7.14,1.50,1.11
42,2-3,0-5,7.50,8.00,9.50,11,16.05,3.66,2.00,1.48
260,1-2,40+,7.00,8.00,9.00,10,11.85,5.33,2.00,1.48
40,0-1,40+,4.50,5.00,6.00,10,5.40,6.18,1.50,1.11
37,3-5,5-10,11.00,11.50,11.50,10,11.45,3.61,0.50,0.37
248,1-2,0-5,5.50,6.00,28.00,10,17.83,5.50,22.50,16.68
223,0-1,40+,4.00,4.50,39.95,10,19.60,9.38,35.95,26.65
1,20+,20-40,73.00,77.50,130.50,10,95.70,3.51,57.50,42.62
47,0-1,10-20,8.00,8.50,9.50,10,9.53,10.84,1.50,1.11
235,0-1,10-20,8.00,8.00,8.50,10,12.20,13.33,0.50,0.37
248,2-3,20-40,15.00,15.98,21.95,10,17.79,6.54,6.95,5.15
166,2-3,0-5,7.50,7.50,9.50,10,11.20,3.57,2.00,1.48
192,1-2,0-5,5.50,6.50,6.50,10,10.60,4.39,1.00,0.74
6,10-20,20-40,43.50,44.50,142.00,10,80.20,2.89,98.50,73.02
161,3-5,0-5,4.00,4.00,15.00,10,12.00,1.08,11.00,8.15
22,3-5,5-10,11.00,12.00,21.95,10,15.74,3.59,10.95,8.12
69,3-5,5-10,10.50,11.00,12.00,10,11.35,3.45,1.50,1.11
47,3-5,40+,28.50,29.00,30.00,10,29.27,7.44,1.50,1.11
140,3-5,0-5,3.50,10.00,11.50,10,8.20,3.09,8.00,5.93
153,2-3,5-10,9.50,9.50,10.00,10,9.65,4.08,0.50,0.37
248,3-5,5-10,11.50,12.00,13.00,10,12.15,3.33,1.50,1.11
241,3-5,5-10,11.00,12.00,13.00,10,15.85,3.46,2.00,1.48
131,20+,20-40,58.50,59.71,75.45,10,87.64,2.75,16.95,12.56
210,1-2,0-5,5.50,6.00,6.50,10,6.92,5.00,1.00,0.74
146,0-1,40+,4.50,5.00,5.50,10,5.20,5.98,1.00,0.74
63,2-3,20-40,14.50,15.56,21.50,10,16.70,6.54,7.00,5.19
240,20+,20-40,54.21,61.09,66.69,10,62.01,2.70,12.48,9.25
139,3-5,5-10,11.50,12.50,13.00,10,12.25,3.32,1.50,1.11
213,0-1,10-20,7.50,8.50,11.00,10,11.22,15.00,3.50,2.59
136,1-2,0-5,5.50,5.50,6.00,10,5.95,4.58,0.50,0.37
137,3-5,0-5,10.00,10.50,12.50,10,11.35,3.29,2.50,1.85
227,3-5,40+,25.09,26.50,27.50,10,25.76,5.88,2.41,1.79
194,3-5,40+,27.00,52.00,52.00,10,44.45,12.15,25.00,18.53
76,0-1,20-40,14.00,17.00,56.46,10,32.21,133.82,42.46,31.48
52,1-2,40+,6.50,7.00,8.50,10,9.30,5.04,2.00,1.48
207,3-5,5-10,12.50,13.50,14.00,10,13.45,3.08,1.50,1.11
38,1-2,10-20,8.00,9.50,11.50,10,12.60,5.93,3.50,2.59
118,0-1,5-10,5.50,5.50,6.00,10,5.60,7.50,0.50,0.37
23,1-2,5-10,7.00,7.50,8.00,10,7.55,4.74,1.00,0.74
247,1-2,40+,7.50,9.50,23.50,10,15.59,5.43,16.00,11.86
145,0-1,20-40,5.50,12.50,14.50,10,11.70,20.83,9.00,6.67
251,10-20,40+,42.89,44.93,55.50,10,49.50,3.05,12.61,9.35
58,1-2,0-5,5.50,5.50,5.50,10,7.15,4.91,0.00,0.00
192,10-20,10-20,31.50,35.00,35.00,10,34.70,2.77,3.50,2.59
248,20+,20-40,55.00,56.50,69.33,10,61.42,2.73,14.33,10.62
14,5-10,5-10,16.00,17.50,19.50,10,22.74,2.96,3.50,2.59
177,1-2,0-5,5.50,5.50,6.00,10,5.85,5.45,0.50,0.37
242,0-1,10-20,0.01,9.00,10.50,10,11.90,30.00,10.49,7.78
16,20+,20-40,55.50,58.00,61.50,10,64.08,2.67,6.00,4.45
97,5-10,5-10,16.00,16.50,16.50,10,16.60,2.93,0.50,0.37
23,5-10,10-20,20.00,24.00,32.45,10,39.24,3.25,12.45,9.23
32,1-2,20-40,14.00,16.00,17.50,10,16.20,9.41,3.50,2.59
223,1-2,40+,7.00,7.50,9.50,10,8.05,5.86,2.50,1.85
171,5-10,40+,32.93,35.00,47.50,10,38.68,3.71,14.57,10.80
108,10-20,10-20,40.00,40.50,59.15,10,46.59,2.72,19.15,14.20
25,0-1,40+,4.00,4.50,5.50,10,6.55,7.95,1.50,1.11
61,10-20,10-20,30.00,30.50,35.50,10,32.30,2.84,5.50,4.08
58,3-5,10-20,13.50,14.00,15.00,10,16.70,3.79,1.50,1.11
177,1-2,20-40,14.00,14.50,20.00,10,19.78,7.94,6.00,4.45
178,2-3,5-10,9.00,9.50,10.00,10,9.45,3.78,1.00,0.74
8,2-3,5-10,9.00,9.00,52.00,10,22.35,4.09,43.00,31.88
119,10-20,10-20,29.00,30.00,37.85,10,45.36,2.86,8.85,6.56
131,1-2,0-5,6.00,6.00,6.50,10,6.25,4.38,0.50,0.37
167,20+,20-40,55.00,60.00,69.19,10,61.58,2.74,14.19,10.52
156,0-1,0-5,4.00,4.50,5.00,10,4.50,6.45,1.00,0.74
23,5-10,20-40,24.50,26.50,28.00,10,27.24,3.48,3.50,2.59
193,1-2,40+,7.00,7.50,9.50,10,9.75,4.93,2.50,1.85
45,3-5,0-5,10.00,10.50,10.50,10,9.70,3.23,0.50,0.37
122,0-1,5-10,5.50,5.50,6.00,10,5.80,8.33,0.50,0.37
78,0-1,10-20,8.00,9.50,10.00,10,12.95,10.87,2.00,1.48
64,2-3,5-10,9.00,10.00,10.00,10,10.75,3.89,1.00,0.74
207,3-5,20-40,17.00,17.50,21.50,10,21.95,4.45,4.50,3.34
3,20+,20-40,56.50,62.50,65.00,10,62.13,2.75,8.50,6.30
180,20+,20-40,59.29,63.50,66.50,9,62.88,2.73,7.21,5.34
127,3-5,40+,25.50,26.50,27.50,9,24.56,6.00,2.00,1.48
247,5-10,5-10,16.00,16.50,17.00,9,19.50,3.01,1.00,0.74
222,10-20,10-20,28.19,29.00,34.45,9,33.81,2.73,6.26,4.64
69,20+,20-40,56.50,61.42,64.33,9,61.23,2.80,7.83,5.80
253,0-1,0-5,2.50,3.50,4.50,9,5.28,12.00,2.00,1.48
154,5-10,40+,32.00,32.50,34.00,9,37.24,4.10,2.00,1.48
105,1-2,5-10,7.00,7.50,8.00,9,7.61,5.12,1.00,0.74
73,1-2,10-20,8.50,9.00,9.50,9,9.06,7.59,1.00,0.74
47,1-2,20-40,15.00,16.00,17.50,9,19.28,9.67,2.50,1.85
220,10-20,10-20,30.00,34.00,35.95,9,34.72,2.78,5.95,4.41
32,3-5,40+,26.50,27.00,28.95,9,27.48,6.35,2.45,1.82
39,3-5,40+,27.50,28.50,29.50,9,27.52,6.55,2.00,1.48
260,0-1,40+,3.00,4.50,5.50,9,4.39,8.54,2.50,1.85
120,1-2,10-20,9.00,10.00,12.00,9,14.67,5.99,3.00,2.22
71,1-2,0-5,5.50,5.50,6.00,9,5.72,5.00,0.50,0.37
255,5-10,5-10,15.50,15.50,16.00,9,15.78,3.06,0.50,0.37
120,20+,40+,67.00,90.45,100.95,9,116.43,2.76,33.95,25.17
181,2-3,40+,11.00,12.00,14.00,9,14.83,5.00,3.00,2.22
241,2-3,20-40,16.00,17.00,18.00,9,21.38,6.87,2.00,1.48
240,5-10,40+,24.73,33.50,36.45,9,30.77,4.59,11.72,8.69
70,3-5,40+,15.50,28.50,31.50,9,25.22,6.17,16.00,11.86
243,10-20,10-20,29.50,30.00,30.50,9,30.22,2.86,1.00,0.74
55,1-2,0-5,5.50,5.50,6.00,9,5.67,5.09,0.50,0.37
243,2-3,0-5,8.00,8.50,8.50,9,7.50,3.60,0.50,0.37
135,1-2,20-40,14.00,15.00,15.00,9,14.78,8.77,1.00,0.74
235,10-20,10-20,31.00,32.50,46.15,9,36.35,2.84,15.15,11.23
53,3-5,20-40,19.00,20.00,21.00,9,22.10,4.47,2.00,1.48
154,3-5,10-20,13.50,14.50,16.50,9,17.09,4.31,3.00,2.22
35,1-2,0-5,5.50,5.50,6.00,9,7.49,5.00,0.50,0.37
156,1-2,5-10,6.50,7.00,7.00,9,7.00,4.78,0.50,0.37
17,3-5,5-10,10.50,11.00,12.00,9,11.44,3.50,1.50,1.11
123,20+,20-40,55.16,56.00,57.50,9,58.27,2.74,2.34,1.73
213,10-20,10-20,28.55,30.00,40.03,9,35.08,2.83,11.48,8.51
33,2-3,0-5,8.00,9.50,49.48,9,25.03,3.81,41.48,30.75
184,0-1,0-5,3.00,4.00,25.59,9,18.45,11.11,22.59,16.75
134,2-3,20-40,15.00,16.50,19.00,9,17.55,6.09,4.00,2.97
193,0-1,40+,4.00,4.50,6.00,9,65.72,7.07,2.00,1.48
193,2-3,40+,9.50,10.50,13.00,9,12.28,4.24,3.50,2.59
247,3-5,40+,14.50,21.50,28.00,9,21.56,5.66,13.50,10.01
46,3-5,10-20,15.00,15.00,15.50,9,15.39,3.49,0.50,0.37
128,5-10,40+,30.00,32.45,34.50,9,31.62,3.79,4.50,3.34
186,5-10,5-10,15.00,15.50,15.50,9,16.94,3.01,0.50,0.37
148,3-5,0-5,3.50,3.50,10.00,9,5.78,1.17,6.50,4.82
201,3-5,10-20,13.00,15.00,17.00,9,15.77,3.68,4.00,2.97
202,3-5,40+,19.00,26.00,28.00,9,24.48,5.71,9.00,6.67
252,3-5,20-40,18.00,19.50,25.45,9,21.22,5.74,7.45,5.52
135,10-20,10-20,29.63,32.50,46.15,9,37.77,2.91,16.52,12.25
33,0-1,20-40,12.50,13.00,13.50,9,12.06,21.93,1.00,0.74
10,1-2,20-40,15.00,15.50,18.50,9,16.83,11.08,3.50,2.59
53,0-1,5-10,5.50,6.00,6.00,9,5.94,7.39,0.50,0.37
24,10-20,10-20,29.00,29.50,30.50,9,36.24,2.89,1.50,1.11
183,3-5,5-10,12.00,12.50,14.00,9,12.89,3.45,2.00,1.48
207,10-20,10-20,32.50,33.00,45.00,9,36.89,2.90,12.50,9.27
83,2-3,0-5,8.50,8.50,9.50,9,17.00,3.59,1.00,0.74
4,0-1,20-40,13.00,14.00,15.50,9,28.39,20.22,2.50,1.85
128,3-5,20-40,17.00,18.00,19.50,9,19.36,5.13,2.50,1.85
56,2-3,20-40,14.50,15.00,15.50,9,14.72,6.01,1.00,0.74
214,10-20,20-40,36.00,40.00,45.65,9,41.47,2.87,9.65,7.15
254,1-2,20-40,13.50,15.00,18.00,9,15.72,10.56,4.50,3.34
213,20+,20-40,59.00,59.89,71.69,9,65.49,2.75,12.69,9.41
31,5-10,40+,32.95,34.08,37.19,9,34.78,4.10,4.24,3.14
251,0-1,0-5,4.00,4.50,5.00,8,11.94,8.77,1.00,0.74
131,5-10,5-10,16.00,16.50,18.50,8,21.70,3.00,2.50,1.85
39,1-2,20-40,14.00,14.50,15.00,8,15.88,9.03,1.00,0.74
181,0-1,20-40,3.50,13.00,13.50,8,16.86,16.67,10.00,7.41
124,2-3,0-5,9.50,9.50,51.05,8,28.11,3.39,41.55,30.80
98,0-1,5-10,5.50,6.00,6.50,8,6.19,8.21,1.00,0.74
85,20+,20-40,53.03,59.50,67.75,8,61.86,2.73,14.72,10.91
193,2-3,0-5,7.50,7.50,8.00,8,8.13,3.73,0.50,0.37
252,3-5,5-10,11.00,12.00,13.50,8,12.50,3.32,2.50,1.85
9,1-2,10-20,9.50,10.50,11.50,8,13.46,6.05,2.00,1.48
57,1-2,5-10,7.00,7.50,7.50,8,7.56,4.83,0.50,0.37
80,2-3,0-5,8.00,52.00,52.00,8,37.13,18.71,44.00,32.62
74,3-5,0-5,10.00,10.50,45.00,8,24.25,3.33,35.00,25.95
14,0-1,10-20,8.00,9.00,10.00,8,9.25,13.11,2.00,1.48
171,0-1,10-20,8.00,9.50,11.00,8,9.75,11.17,3.00,2.22
168,1-2,40+,6.00,7.50,11.00,8,11.31,6.20,5.00,3.71
194,3-5,0-5,10.00,11.00,52.00,8,26.63,3.33,42.00,31.13
165,1-2,20-40,14.00,14.50,15.00,8,15.00,9.12,1.00,0.74
112,1-2,20-40,11.50,13.50,15.00,8,13.63,8.53,3.50,2.59
207,2-3,20-40,15.50,15.50,16.00,8,15.69,5.80,0.50,0.37
219,5-10,5-10,15.50,16.50,19.50,8,25.31,3.02,4.00,2.97
97,0-1,20-40,12.50,13.00,16.00,8,12.88,18.89,3.50,2.59
101,3-5,5-10,11.00,11.00,13.50,8,12.19,3.40,2.50,1.85
20,1-2,0-5,5.00,5.50,5.50,8,5.56,4.81,0.50,0.37
77,2-3,5-10,9.00,9.00,9.50,8,13.47,4.23,0.50,0.37
153,2-3,20-40,14.50,14.50,15.50,8,14.93,5.76,1.00,0.74
227,2-3,5-10,8.00,9.00,9.50,8,9.13,4.04,1.50,1.11
251,5-10,10-20,18.50,23.71,26.69,8,24.92,3.17,8.19,6.07
165,20+,20-40,57.00,57.50,60.00,8,58.69,2.72,3.00,2.22
229,3-5,0-5,4.00,4.00,10.50,8,7.38,1.13,6.50,4.82
80,0-1,40+,3.00,4.00,4.50,8,3.94,7.50,1.50,1.11
22,1-2,0-5,6.00,6.00,6.00,8,5.88,5.00,0.00,0.00
38,0-1,5-10,5.50,6.00,6.00,8,5.94,7.50,0.50,0.37
255,20+,20-40,55.50,60.50,62.00,8,61.69,2.67,6.50,4.82
17,0-1,20-40,13.00,14.00,15.00,8,16.35,18.99,2.00,1.48
59,5-10,10-20,18.88,21.50,23.50,8,23.42,3.17,4.62,3.42
111,3-5,10-20,13.00,15.23,17.00,8,16.98,3.83,4.00,2.97
15,10-20,10-20,32.00,42.73,48.35,8,43.11,3.62,16.35,12.12
117,5-10,10-20,16.50,20.00,32.69,8,26.40,3.23,16.19,12.00
12,5-10,5-10,15.50,16.00,16.00,8,14.56,2.98,0.50,0.37
108,3-5,5-10,12.00,12.50,14.00,8,15.06,3.43,2.00,1.48
218,2-3,0-5,8.00,8.50,8.50,8,8.56,3.44,0.50,0.37
120,2-3,5-10,8.50,9.00,9.50,8,14.38,4.12,1.00,0.74
179,2-3,40+,9.50,10.50,12.00,8,10.88,4.19,2.50,1.85
84,20+,40+,75.00,85.00,86.50,8,84.50,2.78,11.50,8.52
243,3-5,40+,17.00,23.00,28.00,8,24.75,5.75,11.00,8.15
93,1-2,20-40,13.50,13.50,15.00,8,18.75,10.38,1.50,1.11
94,0-1,10-20,7.50,8.50,9.50,8,8.94,15.08,2.00,1.48
98,3-5,5-10,12.00,12.50,12.50,8,12.44,3.19,0.50,0.37
190,20+,40+,63.00,72.50,76.50,8,75.83,3.05,13.50,10.01
81,1-2,0-5,5.00,5.00,5.50,8,4.81,4.46,0.50,0.37
252,10-20,10-20,32.50,52.00,116.00,8,75.81,5.12,83.50,61.90
120,10-20,40+,46.50,51.50,56.50,8,54.10,3.17,10.00,7.41
60,20+,20-40,56.50,58.00,59.00,8,60.07,2.76,2.50,1.85
32,3-5,5-10,11.50,12.50,13.00,8,12.50,3.51,1.50,1.11
254,3-5,40+,21.95,27.50,30.50,8,26.80,5.98,8.55,6.34
130,1-2,20-40,13.50,13.50,14.00,8,13.81,8.64,0.50,0.37
253,20+,20-40,56.56,90.00,138.00,8,103.64,4.44,81.44,60.37
30,10-20,40+,50.42,58.79,76.59,8,64.29,3.45,26.17,19.40
67,1-2,0-5,5.50,5.50,5.50,8,5.63,5.00,0.00,0.00
91,1-2,20-40,14.00,16.00,17.00,8,15.81,8.64,3.00,2.22
91,3-5,40+,25.50,27.00,28.95,8,43.62,6.05,3.45,2.56
222,3-5,5-10,14.00,18.77,18.79,8,20.49,3.78,4.79,3.55
147,2-3,5-10,9.50,10.00,10.50,8,10.06,3.93,1.00,0.74
96,3-5,10-20,12.00,13.50,15.00,8,15.62,3.54,3.00,2.22
105,5-10,20-40,18.50,21.00,22.00,8,21.19,3.57,3.50,2.59
175,3-5,20-40,15.50,17.00,18.50,8,17.50,4.27,3.00,2.22
6,5-10,10-20,18.00,19.50,21.50,8,20.86,3.05,3.50,2.59
62,1-2,20-40,14.00,14.00,15.00,8,15.81,9.62,1.00,0.74
150,1-2,0-5,5.50,6.00,6.00,8,5.19,4.26,0.50,0.37
169,3-5,40+,18.89,27.00,27.50,8,25.11,5.66,8.61,6.38
47,10-20,10-20,27.04,28.50,29.50,8,28.99,2.82,2.46,1.82
180,5-10,5-10,16.00,19.00,52.00,8,37.67,3.16,36.00,26.69
72,1-2,20-40,15.00,16.82,17.50,8,17.53,9.16,2.50,1.85
126,3-5,5-10,11.50,11.50,12.50,8,12.25,3.38,1.00,0.74
202,0-1,10-20,8.00,8.50,9.50,8,8.69,10.49,1.50,1.11
76,1-2,20-40,14.00,15.50,17.00,8,20.34,9.70,3.00,2.22
136,2-3,5-10,8.50,9.50,10.00,8,9.63,3.93,1.50,1.11
147,1-2,0-5,5.00,5.50,6.00,8,5.31,5.00,1.00,0.74
216,5-10,5-10,15.50,16.00,52.00,8,36.88,3.08,36.50,27.06
175,20+,20-40,54.50,57.00,68.50,8,64.13,2.67,14.00,10.38
32,1-2,0-5,5.50,6.00,6.00,8,5.75,4.91,0.50,0.37
157,2-3,0-5,8.00,8.50,42.50,8,24.25,3.46,34.50,25.57
182,3-5,40+,22.70,25.00,25.95,8,24.38,5.59,3.25,2.41
221,1-2,5-10,6.50,7.00,7.50,8,7.19,4.90,1.00,0.74
242,20+,20-40,56.50,58.79,60.88,8,76.28,2.68,4.38,3.25
29,2-3,5-10,8.50,9.50,10.00,8,9.56,4.04,1.50,1.11
115,20+,20-40,57.00,60.50,62.00,8,60.09,2.67,5.00,3.71
99,20+,40+,80.00,82.50,87.00,8,83.99,2.75,7.00,5.19
63,20+,20-40,55.50,58.50,67.50,8,61.78,2.69,12.00,8.90
73,0-1,5-10,6.00,6.00,6.50,8,8.97,6.98,0.50,0.37
167,1-2,20-40,13.50,14.50,15.50,8,17.01,8.47,2.00,1.48
95,1-2,20-40,13.50,14.00,18.00,8,16.24,10.00,4.50,3.34
189,20+,20-40,55.00,56.50,58.00,8,58.91,2.74,3.00,2.22
201,0-1,0-5,3.00,3.50,5.00,8,9.69,8.33,2.00,1.48
17,10-20,10-20,29.00,32.00,32.50,8,33.68,2.81,3.50,2.59
11,10-20,10-20,29.50,37.00,52.00,8,40.75,2.79,22.50,16.68
182,1-2,0-5,5.50,5.50,6.00,8,5.69,5.00,0.50,0.37
227,1-2,0-5,5.50,5.50,6.00,8,5.69,5.00,0.50,0.37
157,20+,20-40,53.88,57.00,72.45,8,83.01,2.78,18.57,13.77
93,0-1,10-20,7.50,8.50,9.50,7,7.86,13.13,2.00,1.48
25,5-10,5-10,15.50,16.00,16.73,7,16.60,3.05,1.23,0.91
40,2-3,40+,9.50,12.50,13.50,7,14.36,4.42,4.00,2.97
250,0-1,10-20,8.00,8.50,11.50,7,12.86,13.86,3.50,2.59
250,20+,20-40,53.39,55.73,56.00,7,56.04,2.72,2.61,1.93
22,10-20,10-20,31.00,36.63,36.69,7,36.49,2.79,5.69,4.22
69,2-3,40+,10.50,16.00,27.00,7,20.07,5.59,16.50,12.23
109,20+,40+,65.93,86.00,102.00,7,83.48,2.76,36.07,26.74
239,3-5,0-5,10.00,10.50,13.50,7,11.07,3.31,3.50,2.59
10,3-5,40+,26.50,35.00,52.00,7,37.50,7.38,25.50,18.90
3,2-3,20-40,14.50,15.00,16.00,7,15.21,5.44,1.50,1.11
54,0-1,10-20,7.50,8.00,9.00,7,8.36,9.88,1.50,1.11
71,1-2,20-40,13.50,15.50,16.00,7,20.86,8.44,2.50,1.85
187,10-20,40+,41.51,42.44,44.50,7,43.21,3.03,2.99,2.22
154,3-5,20-40,17.82,18.00,20.00,7,19.18,3.83,2.18,1.62
112,2-3,40+,11.50,14.50,32.00,7,21.71,5.22,20.50,15.20
218,0-1,10-20,8.50,9.00,11.50,7,10.00,22.97,3.00,2.22
180,1-2,0-5,5.50,6.00,6.00,7,5.93,4.88,0.50,0.37
8,0-1,5-10,5.50,6.00,6.50,7,5.93,7.32,1.00,0.74
92,1-2,20-40,11.50,13.50,14.00,7,13.00,8.33,2.50,1.85
255,0-1,20-40,7.50,13.00,15.00,7,11.79,14.44,7.50,5.56
78,3-5,5-10,11.00,13.00,14.00,7,19.86,3.30,3.00,2.22
118,1-2,10-20,9.50,9.50,11.50,7,10.14,7.42,2.00,1.48
156,20+,20-40,55.55,59.00,73.50,7,67.43,2.72,17.95,13.31
161,5-10,5-10,16.00,17.00,20.00,7,17.29,3.10,4.00,2.97
105,5-10,10-20,18.00,19.00,22.00,7,20.00,3.11,4.00,2.97
32,10-20,10-20,30.05,36.50,45.65,7,37.81,2.81,15.60,11.56
101,1-2,0-5,2.10,5.50,6.00,7,4.39,4.80,3.90,2.89
127,1-2,20-40,14.00,14.50,15.00,7,14.64,8.33,1.00,0.74
23,20+,20-40,66.50,76.00,80.00,7,77.95,2.64,13.50,10.01
72,1-2,0-5,5.50,5.50,6.00,7,5.64,5.00,0.50,0.37
31,2-3,5-10,8.50,9.50,10.00,7,9.29,4.00,1.50,1.11
54,2-3,20-40,15.00,15.50,17.00,7,17.06,6.51,2.00,1.48
236,3-5,0-5,3.50,4.00,15.00,7,7.29,1.08,11.50,8.52
244,0-1,20-40,9.50,17.00,18.50,7,15.07,18.69,9.00,6.67
9,5-10,40+,30.00,34.50,44.50,7,35.11,3.63,14.50,10.75
25,0-1,20-40,15.50,16.50,18.50,7,18.35,32.29,3.00,2.22
174,0-1,10-20,8.00,8.00,8.50,7,8.43,11.43,0.50,0.37
96,2-3,10-20,10.00,11.00,11.50,7,10.79,4.42,1.50,1.11
252,1-2,0-5,5.50,5.50,6.50,7,5.86,4.72,1.00,0.74
78,1-2,0-5,5.50,6.00,7.00,7,6.14,5.45,1.50,1.11
184,5-10,20-40,26.50,30.00,32.50,7,30.75,3.93,6.00,4.45
126,0-1,10-20,8.50,9.00,11.00,7,10.64,12.22,2.50,1.85
159,3-5,5-10,12.50,13.50,22.45,7,15.56,3.47,9.95,7.38
57,0-1,0-5,3.00,4.50,5.00,7,10.93,6.94,2.00,1.48
29,0-1,10-20,7.50,8.50,9.00,7,8.36,11.72,1.50,1.11
91,10-20,10-20,30.50,46.15,52.50,7,42.18,3.59,22.00,16.31
117,1-2,10-20,9.00,10.00,10.00,7,9.86,5.62,1.00,0.74
126,20+,20-40,56.50,120.00,180.00,7,124.10,4.33,123.50,91.55
207,2-3,5-10,9.00,9.00,9.50,7,9.36,4.15,0.50,0.37
241,20+,20-40,55.14,59.53,66.83,7,59.88,2.71,11.69,8.67
56,0-1,10-20,8.00,8.50,11.45,7,9.28,10.49,3.45,2.56
153,20+,20-40,60.07,66.83,71.69,7,71.27,3.07,11.62,8.61
3,3-5,40+,17.30,28.00,31.00,7,25.87,6.03,13.70,10.16
26,20+,20-40,56.50,60.00,67.25,7,61.47,2.79,10.75,7.97
240,1-2,10-20,9.00,9.50,12.00,7,10.36,5.63,3.00,2.22
182,20+,20-40,52.61,67.19,79.44,7,66.94,2.62,26.83,19.89
73,20+,20-40,54.98,56.16,72.95,7,59.05,2.79,17.97,13.32
221,0-1,0-5,2.50,4.50,5.00,7,14.57,16.67,2.50,1.85
95,2-3,40+,9.00,10.50,28.50,7,21.29,4.93,19.50,14.46
254,3-5,5-10,13.00,14.50,21.95,7,17.17,3.45,8.95,6.63
170,3-5,0-5,4.00,11.00,52.00,7,19.71,3.32,48.00,35.58
184,3-5,10-20,12.00,12.50,15.00,7,13.14,3.63,3.00,2.22
258,1-2,0-5,5.50,5.50,6.50,7,5.79,5.00,1.00,0.74
215,2-3,20-40,14.50,19.00,21.50,7,18.07,8.08,7.00,5.19
92,5-10,5-10,17.00,18.00,23.50,7,26.21,2.96,6.50,4.82
132,10-20,5-10,39.50,41.00,52.00,7,39.86,3.33,12.50,9.27
195,10-20,10-20,29.00,33.50,75.00,7,62.17,2.87,46.00,34.10
15,20+,20-40,55.17,61.13,61.13,7,58.21,2.88,5.96,4.42
228,1-2,20-40,13.00,14.00,19.50,7,15.29,10.66,6.50,4.82
119,1-2,20-40,14.50,17.00,17.50,7,16.29,10.06,3.00,2.22
258,3-5,5-10,10.50,11.50,11.50,7,11.57,3.56,1.00,0.74
9,1-2,0-5,5.50,5.50,6.00,7,6.98,4.87,0.50,0.37
154,20+,20-40,57.00,100.00,150.00,7,103.36,4.01,93.00,68.94
81,3-5,5-10,12.00,12.50,13.00,7,12.64,3.47,1.00,0.74
56,20+,20-40,51.55,75.45,128.00,7,83.41,3.49,76.45,56.67
230,3-5,0-5,3.50,4.00,4.50,7,4.93,1.09,1.00,0.74
174,1-2,20-40,13.50,15.50,17.00,7,15.57,8.96,3.50,2.59
260,0-1,20-40,13.00,13.50,14.50,7,12.86,28.18,1.50,1.11
118,2-3,10-20,11.00,12.00,12.00,7,11.36,4.32,1.00,0.74
232,0-1,20-40,13.00,13.00,16.00,7,14.36,22.56,3.00,2.22
96,3-5,20-40,17.50,18.00,22.70,7,20.16,4.84,5.20,3.85
98,10-20,10-20,30.43,33.50,43.45,7,46.49,2.87,13.02,9.65
54,2-3,0-5,7.50,8.00,9.00,7,8.14,3.48,1.50,1.11
60,2-3,5-10,8.50,9.00,9.50,7,9.21,4.25,1.00,0.74
208,0-1,10-20,8.00,8.50,12.00,7,12.86,13.56,4.00,2.97
240,2-3,10-20,10.00,11.00,13.50,7,11.21,4.55,3.50,2.59
124,3-5,0-5,10.00,52.00,52.00,7,41.86,12.56,42.00,31.13
197,1-2,20-40,13.50,14.50,18.00,7,15.43,8.13,4.50,3.34
149,1-2,0-5,5.50,6.00,6.50,7,6.07,5.34,1.00,0.74
86,5-10,40+,35.00,37.00,52.00,7,42.89,4.57,17.00,12.60
48,3-5,0-5,3.00,3.50,4.50,7,4.64,0.94,1.50,1.11
117,5-10,40+,31.00,34.00,40.25,7,35.85,4.10,9.25,6.86
157,2-3,20-40,14.50,15.50,16.00,7,15.36,5.84,1.50,1.11
258,10-20,10-20,30.65,35.50,45.60,7,37.84,2.85,14.95,11.08
111,1-2,10-20,8.00,9.50,10.00,7,9.14,6.52,2.00,1.48
237,5-10,5-10,16.50,19.50,28.50,7,24.71,3.00,12.00,8.90
228,5-10,5-10,19.00,52.00,52.00,7,37.50,7.65,33.00,24.46
3,1-2,0-5,6.00,6.00,6.00,7,5.93,4.62,0.00,0.00
66,1-2,40+,7.00,7.50,10.00,7,8.86,5.32,3.00,2.22
168,2-3,40+,10.00,14.00,23.00,7,16.64,4.98,13.00,9.64
192,0-1,5-10,6.00,6.00,7.50,7,9.35,7.78,1.50,1.11
98,2-3,20-40,15.00,16.00,20.00,7,21.43,6.00,5.00,3.71
22,1-2,20-40,14.00,14.50,18.50,6,15.92,9.06,4.50,3.34
169,20+,20-40,62.00,64.19,76.83,6,67.06,3.07,14.83,10.99
59,0-1,0-5,2.50,3.00,5.00,6,3.50,12.50,2.50,1.85
168,0-1,20-40,12.50,13.00,16.50,6,13.82,36.48,4.00,2.97
156,3-5,10-20,14.00,14.50,16.50,6,20.83,3.80,2.50,1.85
51,5-10,5-10,15.72,29.45,52.00,6,44.51,5.56,36.28,26.89
12,0-1,40+,6.50,7.00,8.00,6,7.17,8.70,1.50,1.11
188,20+,20-40,56.00,59.06,66.69,6,59.20,2.87,10.69,7.92
83,20+,20-40,55.00,66.50,99.00,6,94.41,2.72,44.00,32.62
222,1-2,0-5,5.50,6.00,6.50,6,6.08,4.05,1.00,0.74
134,0-1,10-20,9.50,10.50,52.00,6,28.42,12.93,42.50,31.50
82,2-3,40+,10.50,11.00,12.50,6,12.33,4.91,2.00,1.48
105,2-3,10-20,10.00,10.50,12.50,6,11.17,4.73,2.50,1.85
38,5-10,40+,29.50,32.50,38.00,6,33.58,3.89,8.50,6.30
223,2-3,40+,9.00,10.00,13.00,6,11.00,3.91,4.00,2.97
147,0-1,10-20,8.00,10.00,11.00,6,10.33,12.80,3.00,2.22
252,3-5,0-5,10.00,10.50,16.48,6,15.07,3.29,6.48,4.80
59,3-5,10-20,13.50,14.00,14.50,6,13.92,3.54,1.00,0.74
127,5-10,5-10,17.00,17.00,19.00,6,17.92,2.96,2.00,1.48
165,3-5,5-10,11.50,12.00,14.00,6,12.67,3.16,2.50,1.85
83,1-2,20-40,13.50,13.50,15.50,6,14.33,9.12,2.00,1.48
201,1-2,5-10,7.00,7.00,7.50,6,7.25,5.00,0.50,0.37
222,1-2,20-40,14.00,16.00,16.50,6,15.58,9.17,2.50,1.85
117,2-3,5-10,9.00,9.50,33.84,6,18.96,4.02,24.84,18.41
256,0-1,20-40,3.00,5.50,15.00,6,9.00,20.27,12.00,8.90
212,20+,20-40,56.42,56.42,58.00,6,58.08,2.36,1.58,1.17
171,10-20,10-20,29.57,34.00,39.53,6,34.85,2.79,9.96,7.38
2,5-10,20-40,25.00,27.50,32.50,6,28.92,3.64,7.50,5.56
56,1-2,20-40,14.00,14.00,15.00,6,14.42,7.89,1.00,0.74
3,10-20,10-20,33.51,35.64,37.19,6,34.34,2.65,3.68,2.73
169,1-2,20-40,13.50,13.50,15.00,6,14.33,9.78,1.50,1.11
206,3-5,10-20,14.00,15.00,16.00,6,14.92,3.60,2.00,1.48
164,3-5,0-5,3.50,3.50,14.50,6,7.25,1.17,11.00,8.15
27,3-5,20-40,16.50,19.00,20.00,6,18.75,5.08,3.50,2.59
8,10-20,40+,45.00,45.50,52.00,6,60.25,3.47,7.00,5.19
15,3-5,20-40,16.50,17.00,20.50,6,18.42,4.13,4.00,2.97
69,10-20,10-20,29.50,30.00,32.00,6,34.30,2.86,2.50,1.85
4,3-5,0-5,10.00,10.00,11.50,6,9.17,3.17,1.50,1.11
96,5-10,40+,31.30,45.65,52.00,6,43.66,5.47,20.70,15.34
184,10-20,10-20,36.93,47.99,140.00,6,92.49,3.62,103.07,76.40
16,5-10,40+,38.00,42.45,47.50,6,43.59,5.71,9.50,7.04
155,1-2,20-40,14.50,14.50,17.50,6,18.74,9.46,3.00,2.22
160,2-3,20-40,14.50,14.50,15.00,6,14.92,5.58,0.50,0.37
117,20+,20-40,57.00,58.50,68.16,6,62.35,2.74,11.16,8.27
64,5-10,5-10,17.50,17.50,20.50,6,19.79,2.87,3.00,2.22
197,0-1,10-20,7.50,8.00,9.50,6,7.33,10.10,2.00,1.48
240,2-3,5-10,9.00,9.50,9.50,6,9.25,3.92,0.50,0.37
23,10-20,40+,50.00,50.00,59.50,6,54.12,3.13,9.50,7.04
55,0-1,10-20,8.00,8.50,10.00,6,12.83,11.90,2.00,1.48
1,5-10,10-20,19.50,23.00,23.50,6,21.50,2.84,4.00,2.97
57,2-3,10-20,11.50,12.00,12.50,6,12.08,4.73,1.00,0.74
160,5-10,5-10,18.50,19.00,52.00,6,34.83,2.92,33.50,24.83
185,10-20,10-20,32.00,39.53,40.03,6,38.18,2.74,8.03,5.95
175,5-10,40+,31.50,34.00,36.50,6,35.05,4.06,5.00,3.71
10,0-1,40+,52.00,52.00,65.56,6,50.76,273.17,13.56,10.05
12,10-20,10-20,29.00,29.50,31.00,6,29.83,2.80,2.00,1.48
257,2-3,0-5,8.00,8.50,9.00,6,8.67,3.40,1.00,0.74
155,3-5,40+,27.50,28.50,38.50,6,31.75,7.86,11.00,8.15
58,2-3,5-10,8.50,9.00,12.00,6,10.83,4.00,3.50,2.59
135,20+,20-40,58.00,58.00,70.45,6,63.98,2.82,12.45,9.23
72,20+,20-40,56.00,56.00,57.00,6,57.87,2.75,1.00,0.74
96,5-10,10-20,21.00,21.50,28.95,6,24.15,2.96,7.95,5.89
58,5-10,20-40,21.50,22.00,37.33,6,28.55,3.67,15.83,11.73
122,1-2,0-5,6.00,6.00,6.00,6,5.92,5.17,0.00,0.00
10,3-5,0-5,10.50,12.00,52.00,6,30.33,3.39,41.50,30.76
181,0-1,40+,4.00,4.50,5.00,6,9.25,9.26,1.00,0.74
77,3-5,40+,26.00,26.50,34.00,6,33.67,7.03,8.00,5.93
245,1-2,5-10,6.00,6.50,8.00,6,6.92,4.96,2.00,1.48
119,3-5,40+,20.00,22.50,26.00,6,23.50,5.78,6.00,4.45
61,2-3,40+,12.00,13.00,26.50,6,18.00,5.18,14.50,10.75
207,1-2,20-40,13.50,13.50,16.50,6,14.58,8.13,3.00,2.22
149,1-2,20-40,16.00,16.50,22.00,6,18.17,10.31,6.00,4.45
174,10-20,10-20,29.00,29.00,36.50,6,32.98,2.78,7.50,5.56
29,10-20,10-20,34.50,37.50,45.65,6,39.70,2.72,11.15,8.27
115,1-2,5-10,7.00,7.00,8.00,6,7.58,5.00,1.00,0.74
15,3-5,5-10,11.50,12.00,13.00,6,12.50,3.25,1.50,1.11
81,1-2,20-40,14.00,14.00,17.00,6,15.33,8.28,3.00,2.22
101,1-2,10-20,9.00,9.50,10.50,6,13.91,5.74,1.50,1.11
259,1-2,0-5,6.00,6.00,7.00,6,6.58,4.88,1.00,0.74
108,2-3,20-40,16.00,16.00,18.00,6,17.33,6.92,2.00,1.48
116,0-1,20-40,7.50,9.50,12.50,6,11.08,12.50,5.00,3.71
97,0-1,40+,4.50,6.00,23.50,6,17.78,7.50,19.00,14.08
63,3-5,5-10,13.50,14.00,65.00,6,30.75,3.33,51.50,38.18
70,0-1,20-40,19.50,21.50,65.00,6,41.67,30.71,45.50,33.73
95,2-3,0-5,7.50,7.50,9.50,6,8.25,3.59,2.00,1.48
108,0-1,10-20,8.50,9.00,9.50,6,9.00,14.17,1.00,0.74
83,1-2,40+,7.00,7.50,9.00,6,12.67,5.11,2.00,1.48
180,10-20,10-20,33.83,35.96,45.65,6,39.86,3.07,11.82,8.76
51,3-5,40+,28.00,28.00,32.00,6,29.58,7.18,4.00,2.97
154,0-1,5-10,5.50,6.00,7.00,6,6.25,8.33,1.50,1.11
263,3-5,0-5,3.50,4.50,10.50,6,7.50,1.45,7.00,5.19
61,3-5,5-10,10.50,11.00,11.00,6,10.92,3.49,0.50,0.37
185,0-1,10-20,7.50,8.00,10.50,6,8.75,12.70,3.00,2.22
179,0-1,40+,4.00,4.00,5.50,6,17.08,8.33,1.50,1.11
83,5-10,5-10,15.50,16.00,18.50,6,16.67,2.91,3.00,2.22
58,5-10,10-20,17.50,18.00,19.50,6,18.92,3.16,2.00,1.48
34,0-1,10-20,7.50,7.50,8.00,6,7.67,9.44,0.50,0.37
231,3-5,0-5,3.50,3.50,4.50,6,3.92,1.06,1.00,0.74
155,1-2,0-5,5.50,5.50,6.00,6,20.42,5.14,0.50,0.37
136,10-20,10-20,30.50,30.50,36.50,6,32.92,2.88,6.00,4.45
36,1-2,20-40,13.50,14.00,15.00,6,14.75,8.64,1.50,1.11
214,5-10,20-40,20.00,22.50,24.50,6,23.08,3.54,4.50,3.34
8,5-10,5-10,52.00,52.00,52.00,6,45.83,9.24,0.00,0.00
38,10-20,10-20,37.00,43.50,51.55,6,48.37,2.85,14.55,10.79
17,20+,20-40,57.23,61.63,69.19,6,63.12,2.96,11.96,8.87
29,2-3,20-40,15.00,16.00,18.50,6,16.75,6.70,3.50,2.59
53,10-20,10-20,30.50,33.18,34.00,6,33.43,2.78,3.50,2.59
112,5-10,5-10,15.50,16.00,16.00,6,16.00,3.02,0.50,0.37
47,1-2,0-5,5.50,5.50,6.00,6,5.83,5.00,0.50,0.37
168,3-5,0-5,10.00,10.00,24.00,6,37.33,3.30,14.00,10.38
14,2-3,0-5,8.00,8.00,8.50,6,8.25,3.39,0.50,0.37
222,0-1,10-20,8.00,8.00,29.70,6,20.51,13.13,21.70,16.09
37,1-2,40+,6.50,6.50,6.50,5,6.70,4.71,0.00,0.00
159,10-20,10-20,30.46,31.49,31.49,5,32.49,2.78,1.03,0.76
16,0-1,10-20,8.50,9.00,10.00,5,16.17,11.11,1.50,1.11
27,1-2,5-10,6.50,7.00,7.50,5,7.30,5.65,1.00,0.74
29,1-2,0-5,5.50,6.00,6.00,5,5.80,4.92,0.50,0.37
187,10-20,20-40,40.44,49.61,61.54,5,62.92,2.94,21.10,15.64
147,1-2,20-40,14.00,14.00,14.00,5,14.40,8.92,0.00,0.00
111,3-5,20-40,16.50,17.50,20.00,5,18.10,4.88,3.50,2.59
220,0-1,10-20,8.50,8.50,9.50,5,8.90,10.00,1.00,0.74
240,1-2,0-5,5.50,5.50,6.00,5,6.20,5.00,0.50,0.37
172,20+,40+,75.00,86.00,88.61,5,81.76,3.04,13.61,10.09
257,1-2,20-40,14.00,14.50,14.50,5,14.50,8.53,0.50,0.37
65,0-1,20-40,13.00,14.00,14.50,5,13.60,18.57,1.50,1.11
59,20+,40+,61.00,61.50,65.50,5,62.25,2.91,4.50,3.34
6,5-10,20-40,22.00,27.00,27.00,5,26.84,3.79,5.00,3.71
150,10-20,10-20,33.00,36.00,36.00,5,37.70,2.74,3.00,2.22
183,0-1,5-10,5.50,6.00,6.00,5,6.00,9.09,0.50,0.37
9,2-3,20-40,15.50,17.00,18.00,5,17.20,6.80,2.50,1.85
98,3-5,0-5,11.00,12.00,12.50,5,12.01,3.23,1.50,1.11
191,5-10,5-10,16.50,18.00,21.77,5,21.74,3.06,5.27,3.91
34,3-5,5-10,11.50,11.50,11.50,5,11.70,3.53,0.00,0.00
28,2-3,0-5,7.50,8.00,9.50,5,18.50,3.61,2.00,1.48
38,2-3,20-40,15.50,16.50,17.50,5,16.80,6.04,2.00,1.48
253,1-2,5-10,7.50,8.00,9.00,5,7.90,4.97,1.50,1.11
250,2-3,20-40,15.50,16.00,16.50,5,16.20,6.35,1.00,0.74
17,1-2,40+,6.50,7.50,8.00,5,7.30,5.28,1.50,1.11
160,20+,40+,57.00,68.00,80.71,5,72.14,2.78,23.71,17.58
157,3-5,40+,28.00,32.50,52.00,5,36.40,10.51,24.00,17.79
184,1-2,0-5,6.00,6.00,22.45,5,18.39,4.29,16.45,12.19
131,3-5,5-10,10.50,11.00,11.50,5,11.20,3.53,1.00,0.74
146,0-1,20-40,13.00,13.00,15.00,5,12.98,15.85,2.00,1.48
196,2-3,40+,11.00,11.00,15.00,5,14.70,4.68,4.00,2.97
88,3-5,0-5,10.00,10.00,10.00,5,11.84,3.23,0.00,0.00
200,2-3,0-5,0.01,0.01,9.00,5,3.71,0.00,8.99,6.66
54,3-5,0-5,10.00,10.00,10.50,5,10.30,3.14,0.50,0.37
188,3-5,5-10,11.00,11.00,11.50,5,11.20,3.43,0.50,0.37
6,1-2,5-10,7.00,7.50,8.00,5,7.40,5.30,1.00,0.74
118,0-1,10-20,6.00,8.00,9.00,5,7.40,13.33,3.00,2.22
120,5-10,40+,27.00,32.72,35.00,5,32.43,3.49,8.00,5.93
160,0-1,10-20,9.50,11.50,11.50,5,10.60,17.91,2.00,1.48
197,0-1,40+,0.01,0.01,2.50,5,7.62,0.25,2.49,1.85
100,3-5,0-5,3.50,3.50,4.00,5,15.40,1.17,0.50,0.37
96,2-3,5-10,9.00,9.00,10.50,5,9.60,3.75,1.50,1.11
203,5-10,5-10,17.50,19.00,19.92,5,28.38,3.03,2.42,1.79
60,0-1,10-20,9.00,9.50,9.50,5,9.40,12.78,0.50,0.37
176,3-5,10-20,12.50,12.50,13.00,5,12.70,3.62,0.50,0.37
129,0-1,20-40,13.00,18.00,20.50,5,20.80,28.87,7.50,5.56
136,0-1,10-20,8.00,8.50,10.00,5,9.10,12.88,2.00,1.48
36,0-1,10-20,9.00,9.50,9.50,5,9.10,10.00,0.50,0.37
115,0-1,0-5,5.50,14.00,35.00,5,18.80,70.00,29.50,21.87
258,0-1,10-20,8.00,10.00,27.08,5,17.81,12.82,19.08,14.14
5,5-10,10-20,17.50,18.50,19.00,5,18.60,3.22,1.50,1.11
202,20+,20-40,55.50,56.50,61.99,5,59.05,2.77,6.49,4.81
246,3-5,0-5,3.50,4.00,4.50,5,5.20,1.14,1.00,0.74
2,1-2,5-10,6.50,7.00,7.50,5,6.90,5.61,1.00,0.74
165,3-5,40+,26.00,26.50,28.00,5,26.80,6.63,2.00,1.48
95,3-5,0-5,13.00,17.44,26.20,5,25.53,5.18,13.20,9.79
21,1-2,20-40,14.00,15.00,17.00,5,22.20,7.91,3.00,2.22
31,2-3,20-40,15.00,15.50,15.50,5,15.40,5.62,0.50,0.37
53,1-2,0-5,5.50,5.50,6.00,5,5.80,4.55,0.50,0.37
95,3-5,40+,16.50,17.00,21.00,5,20.00,3.89,4.50,3.34
123,3-5,5-10,10.50,11.50,12.00,5,11.60,3.29,1.50,1.11
86,3-5,20-40,17.00,17.00,17.50,5,17.21,4.00,0.50,0.37
49,1-2,40+,7.00,7.00,7.50,5,7.00,5.83,0.50,0.37
149,20+,20-40,57.00,60.00,60.00,5,59.81,2.73,3.00,2.22
245,10-20,20-40,41.50,47.00,51.50,5,56.00,2.91,10.00,7.41
189,10-20,10-20,30.50,31.00,32.00,5,34.81,2.89,1.50,1.11
60,3-5,5-10,12.00,13.50,14.00,5,13.10,3.29,2.00,1.48
227,0-1,10-20,7.50,9.00,9.00,5,8.40,10.71,1.50,1.11
87,3-5,0-5,4.50,10.00,10.00,5,8.30,3.20,5.50,4.08
106,3-5,40+,25.50,26.00,26.50,5,27.30,6.76,1.00,0.74
12,0-1,20-40,13.00,14.50,17.00,5,14.90,19.44,4.00,2.97
253,1-2,0-5,5.00,5.50,6.00,5,48.55,5.19,1.00,0.74
121,10-20,10-20,28.81,34.50,45.65,5,46.17,2.76,16.84,12.48
233,3-5,0-5,10.50,10.50,13.00,5,19.20,3.37,2.50,1.85
76,0-1,40+,2.50,2.50,3.00,5,3.20,62.50,0.50,0.37
11,2-3,20-40,14.50,16.00,16.00,5,16.00,5.71,1.50,1.11
126,10-20,10-20,28.50,31.19,32.50,5,33.02,2.86,4.00,2.97
174,1-2,0-5,5.50,5.50,6.00,5,5.70,5.00,0.50,0.37
64,3-5,20-40,16.50,16.50,16.50,5,16.50,5.16,0.00,0.00
207,5-10,5-10,20.00,25.00,30.00,5,25.80,3.38,10.00,7.41
186,3-5,0-5,3.00,4.00,15.00,5,9.00,1.29,12.00,8.90
243,0-1,40+,4.00,4.50,6.00,5,5.60,7.14,2.00,1.48
55,3-5,5-10,12.50,12.50,13.00,5,12.50,3.39,0.50,0.37
31,1-2,0-5,5.50,5.50,6.50,5,5.90,4.44,1.00,0.74
172,5-10,20-40,24.50,25.50,31.43,5,27.28,3.90,6.93,5.14
40,2-3,0-5,8.00,8.50,8.50,5,8.40,3.49,0.50,0.37
59,5-10,20-40,23.50,24.00,29.83,5,26.18,3.63,6.33,4.69
49,0-1,40+,4.50,4.50,5.00,5,8.20,9.78,0.50,0.37
252,2-3,0-5,8.00,9.00,9.00,5,8.60,3.38,1.00,0.74
85,1-2,20-40,15.00,15.00,17.00,5,15.70,10.49,2.00,1.48
128,2-3,5-10,9.00,9.50,10.00,5,9.40,4.23,1.00,0.74
9,5-10,5-10,16.50,19.67,28.95,5,22.01,3.47,12.45,9.23
169,5-10,5-10,16.50,22.41,33.52,5,24.88,3.48,17.02,12.62
171,2-3,20-40,14.50,15.00,16.00,5,21.13,6.47,1.50,1.11
107,3-5,0-5,3.50,4.00,4.50,5,5.80,1.13,1.00,0.74
252,5-10,5-10,15.00,16.00,16.50,5,17.10,2.94,1.50,1.11
198,20+,20-40,52.00,56.00,67.75,5,60.25,2.70,15.75,11.68
54,10-20,10-20,30.00,32.00,41.45,5,38.62,2.81,11.45,8.49
155,0-1,10-20,8.50,8.50,9.50,5,9.10,14.66,1.00,0.74
203,2-3,0-5,8.00,8.00,9.00,5,8.40,3.62,1.00,0.74
135,0-1,10-20,8.50,9.00,10.50,5,9.30,9.88,2.00,1.48
260,2-3,40+,10.50,11.00,11.00,5,11.50,4.61,0.50,0.37
57,10-20,40+,37.00,43.00,43.50,5,42.50,3.56,6.50,4.82
54,20+,20-40,68.00,71.00,72.50,5,78.40,2.63,4.50,3.34
96,0-1,5-10,6.50,6.50,7.50,5,6.90,10.83,1.00,0.74
83,3-5,40+,13.00,16.00,16.67,5,16.33,4.04,3.67,2.72
195,3-5,40+,17.00,22.00,30.50,5,23.90,4.43,13.50,10.01
242,3-5,5-10,14.00,15.98,25.45,5,20.48,4.86,11.45,8.49
177,10-20,10-20,27.96,29.00,44.50,5,35.65,2.79,16.54,12.26
44,0-1,0-5,3.00,3.00,3.00,5,3.20,37.50,0.00,0.00
52,2-3,40+,11.00,12.00,25.50,5,17.20,4.95,14.50,10.75
202,10-20,10-20,29.00,46.15,52.00,5,41.63,3.35,23.00,17.05
83,3-5,0-5,10.50,40.00,45.00,5,31.60,12.58,34.50,25.57
85,3-5,5-10,11.50,11.50,17.23,5,16.24,3.71,5.73,4.25
206,0-1,0-5,4.00,4.50,4.50,5,23.40,6.35,0.50,0.37
215,3-5,40+,30.00,30.50,38.50,5,33.92,8.75,8.50,6.30
243,1-2,40+,7.00,8.50,8.50,5,7.90,5.45,1.50,1.11
86,2-3,5-10,9.00,9.50,10.00,5,9.50,4.22,1.00,0.74
150,2-3,5-10,9.50,9.50,10.00,5,9.70,4.17,0.50,0.37
86,1-2,10-20,9.00,9.50,10.00,5,9.50,5.29,1.00,0.74
59,0-1,5-10,6.00,6.00,7.00,5,6.20,8.64,1.00,0.74
82,0-1,40+,3.50,5.00,6.00,5,4.80,11.32,2.50,1.85
64,0-1,5-10,5.50,14.04,25.95,5,19.79,36.00,20.45,15.16
136,3-5,40+,26.00,29.00,29.50,5,25.60,6.56,3.50,2.59
43,5-10,5-10,15.50,17.00,19.50,5,21.90,3.06,4.00,2.97
39,5-10,5-10,16.50,17.00,52.00,5,30.70,2.91,35.50,26.32
30,20+,40+,70.33,70.33,73.83,5,73.20,3.16,3.50,2.59
101,3-5,20-40,17.50,18.50,20.00,5,21.78,4.18,2.50,1.85
67,0-1,10-20,8.00,9.50,36.20,5,22.01,26.67,28.20,20.90
133,3-5,40+,26.00,27.50,29.00,5,31.30,7.32,3.00,2.22
220,3-5,5-10,12.50,14.50,15.00,5,13.80,3.33,2.50,1.85
115,0-1,5-10,5.50,6.00,6.50,5,6.10,7.22,1.00,0.74
201,2-3,10-20,11.50,11.50,11.50,5,13.39,4.37,0.00,0.00
60,3-5,40+,17.00,24.50,32.45,5,24.69,7.11,15.45,11.45
123,1-2,20-40,14.00,14.50,14.50,5,14.50,8.08,0.50,0.37
9,0-1,10-20,10.00,12.00,12.00,5,14.18,41.44,2.00,1.48
92,0-1,20-40,13.50,14.00,15.00,5,14.30,18.33,1.50,1.11
187,20+,40+,87.95,92.91,100.19,5,97.25,3.18,12.24,9.07
192,20+,20-40,86.50,90.00,90.00,5,88.40,4.25,3.50,2.59
59,1-2,10-20,9.50,9.50,10.00,5,9.60,5.38,0.50,0.37
188,0-1,20-40,13.00,15.00,17.50,5,13.50,50.00,4.50,3.34
120,3-5,5-10,11.50,12.00,87.00,5,41.80,3.61,75.50,55.97
35,10-20,10-20,29.06,30.39,32.45,5,31.67,2.86,3.39,2.51
195,5-10,5-10,15.50,17.00,18.00,5,16.90,2.91,2.50,1.85
215,0-1,10-20,8.50,9.50,10.00,5,9.30,11.73,1.50,1.11
159,0-1,20-40,12.50,13.00,14.00,5,11.90,22.00,1.50,1.11
68,3-5,0-5,4.00,4.50,13.00,5,16.90,1.41,9.00,6.67
181,2-3,0-5,8.00,8.00,8.50,5,9.00,3.83,0.50,0.37
122,5-10,40+,35.00,36.00,39.45,5,39.41,4.40,4.45,3.30
115,3-5,10-20,15.00,16.00,17.00,5,16.78,3.48,2.00,1.48
28,1-2,20-40,15.00,15.50,16.00,5,15.90,11.95,1.00,0.74
156,2-3,10-20,9.50,10.50,11.00,5,10.50,4.66,1.50,1.11
172,10-20,40+,48.50,52.50,53.03,5,51.31,3.08,4.53,3.36
19,20+,20-40,56.00,56.50,58.00,5,78.10,2.74,2.00,1.48
217,1-2,40+,7.00,9.50,15.00,5,11.60,6.55,8.00,5.93
41,2-3,0-5,8.00,8.00,8.50,5,8.10,3.60,0.50,0.37
135,5-10,5-10,16.50,16.50,18.50,5,23.90,2.95,2.00,1.48
26,0-1,20-40,12.50,13.00,17.00,5,12.90,19.70,4.50,3.34
94,2-3,5-10,8.50,9.00,9.00,5,8.90,3.99,0.50,0.37
1,0-1,40+,52.50,90.66,114.00,5,80.34,533.29,61.50,45.59
59,5-10,40+,31.56,36.50,39.45,5,34.58,4.51,7.89,5.85
59,3-5,20-40,15.00,20.50,25.95,4,21.86,5.22,10.95,8.12
136,5-10,5-10,5.00,15.00,15.50,4,12.88,2.97,10.50,7.78
18,3-5,5-10,12.00,12.50,13.00,4,12.88,3.33,1.00,0.74
240,0-1,5-10,5.00,6.50,6.50,4,6.13,7.74,1.50,1.11
32,0-1,10-20,8.00,8.50,34.60,4,24.86,400.00,26.60,19.72
6,3-5,10-20,13.50,14.50,16.00,4,48.50,3.79,2.50,1.85
257,3-5,0-5,10.50,11.00,11.00,4,11.00,3.13,0.50,0.37
30,10-20,20-40,34.00,47.60,49.98,4,49.03,2.80,15.98,11.85
14,1-2,20-40,12.50,13.50,14.00,4,14.25,7.69,1.50,1.11
189,0-1,40+,3.50,5.00,5.50,4,4.88,6.47,2.00,1.48
98,2-3,0-5,8.00,8.50,33.65,4,22.62,3.56,25.65,19.01
128,10-20,10-20,29.50,29.50,115.00,4,74.75,2.95,85.50,63.38
11,2-3,0-5,8.00,12.96,20.20,4,20.15,6.17,12.20,9.04
61,0-1,20-40,4.00,6.00,12.50,4,10.63,6.98,8.50,6.30
106,2-3,40+,8.00,10.50,12.00,4,10.63,3.83,4.00,2.97
178,0-1,10-20,8.50,10.00,10.00,4,10.00,11.49,1.50,1.11
248,0-1,10-20,5.50,7.50,7.50,4,7.25,8.33,2.00,1.48
106,1-2,40+,7.00,7.50,8.00,4,7.88,5.22,1.00,0.74
102,2-3,20-40,14.00,15.00,15.50,4,15.13,6.02,1.50,1.11
208,3-5,0-5,10.50,10.50,11.50,4,11.25,3.10,1.00,0.74
53,2-3,20-40,16.00,17.00,18.00,4,18.13,6.14,2.00,1.48
217,5-10,5-10,15.50,17.50,19.00,4,17.75,2.94,3.50,2.59
241,10-20,10-20,30.50,31.00,31.00,4,33.00,2.75,0.50,0.37
184,5-10,5-10,15.00,19.83,22.50,4,45.58,2.91,7.50,5.56
77,0-1,10-20,8.00,8.50,8.50,4,8.63,10.49,0.50,0.37
84,0-1,0-5,0.01,20.00,75.00,4,51.25,157.14,74.99,55.59
225,0-1,20-40,11.50,13.00,17.50,4,18.00,18.62,6.00,4.45
55,1-2,20-40,14.00,15.00,15.00,4,15.25,8.15,1.00,0.74
15,0-1,10-20,8.00,8.50,9.50,4,9.25,13.11,1.50,1.11
75,3-5,0-5,4.50,10.00,10.00,4,9.75,3.15,5.50,4.08
98,20+,20-40,62.86,65.50,65.50,4,70.33,2.69,2.64,1.96
219,3-5,0-5,11.50,52.00,52.00,4,73.88,17.11,40.50,30.02
154,3-5,5-10,10.50,13.50,14.00,4,13.00,3.08,3.50,2.59
184,20+,40+,62.00,64.45,67.50,4,66.49,2.87,5.50,4.08
51,1-2,20-40,14.00,14.00,15.50,4,15.38,8.48,1.50,1.11
112,20+,20-40,56.00,59.50,64.00,4,65.61,2.65,8.00,5.93
153,0-1,10-20,6.50,9.00,22.56,4,17.63,12.86,16.06,11.91
201,20+,20-40,49.25,59.00,60.00,4,59.32,2.65,10.75,7.97
1,0-1,10-20,8.50,83.50,95.00,4,101.58,548.25,86.50,64.12
1,1-2,5-10,7.50,8.00,8.50,4,9.13,4.91,1.00,0.74
22,3-5,40+,14.50,26.50,28.00,4,24.61,5.34,13.50,10.01
128,3-5,5-10,11.00,11.50,12.50,4,11.88,3.14,1.50,1.11
154,1-2,5-10,5.50,7.50,8.00,4,7.38,4.71,2.50,1.85
18,1-2,0-5,5.00,6.00,6.00,4,5.75,5.00,1.00,0.74
251,5-10,20-40,24.00,24.00,28.00,4,26.13,3.20,4.00,2.97
90,5-10,5-10,20.00,23.50,24.00,4,26.88,2.87,4.00,2.97
205,10-20,10-20,26.34,30.54,42.95,4,36.50,2.81,16.61,12.31
89,0-1,20-40,14.00,16.00,18.00,4,16.75,23.75,4.00,2.97
207,0-1,10-20,3.00,7.50,9.00,4,27.63,107.14,6.00,4.45
135,3-5,40+,27.00,33.34,39.89,4,47.81,8.84,12.89,9.56
102,0-1,10-20,8.00,8.00,9.50,4,9.00,16.33,1.50,1.11
83,2-3,40+,10.50,11.00,12.50,4,15.13,4.81,2.00,1.48
143,3-5,0-5,3.50,3.50,10.00,4,7.25,0.97,6.50,4.82
70,2-3,40+,10.00,10.50,21.00,4,17.63,4.67,11.00,8.15
46,20+,20-40,57.00,61.07,66.08,4,64.59,2.78,9.08,6.73
205,1-2,20-40,5.00,14.50,14.50,4,12.75,8.24,9.50,7.04
234,5-10,5-10,15.50,16.00,16.00,4,16.00,3.08,0.50,0.37
58,3-5,20-40,18.50,19.50,20.00,4,20.13,4.21,1.50,1.11
248,5-10,5-10,21.12,21.38,35.95,4,28.60,4.04,14.83,10.99
56,2-3,0-5,8.00,8.50,9.00,4,8.75,3.50,1.00,0.74
212,0-1,10-20,8.00,10.00,10.00,4,10.00,10.31,2.00,1.48
216,1-2,20-40,14.00,14.50,15.50,4,15.50,8.53,1.50,1.11
9,20+,20-40,56.50,57.00,57.00,4,59.00,2.78,0.50,0.37
109,3-5,10-20,13.00,14.50,16.00,4,15.00,3.64,3.00,2.22
26,3-5,5-10,12.00,12.00,12.50,4,12.38,3.31,0.50,0.37
122,2-3,20-40,16.00,16.00,16.50,4,17.00,5.95,0.50,0.37
191,2-3,20-40,14.50,15.50,16.50,4,16.38,6.20,2.00,1.48
59,2-3,10-20,11.00,11.50,12.00,4,12.13,5.13,1.00,0.74
31,10-20,10-20,28.00,31.00,33.50,4,31.75,2.72,5.50,4.08
86,0-1,5-10,5.50,5.50,6.00,4,6.00,6.79,0.50,0.37
89,1-2,40+,7.50,8.50,8.50,4,8.38,5.60,1.00,0.74
111,10-20,40+,42.23,48.13,50.00,4,48.09,3.48,7.77,5.76
265,2-3,40+,23.50,26.00,50.00,4,74.88,9.79,26.50,19.64
185,0-1,20-40,14.50,17.50,18.54,4,20.87,19.44,4.04,2.99
135,0-1,20-40,13.00,13.50,15.00,4,14.63,24.53,2.00,1.48
53,20+,20-40,57.29,59.65,77.95,4,72.22,2.82,20.66,15.32
171,1-2,0-5,5.50,5.50,6.00,4,5.88,4.81,0.50,0.37
101,0-1,5-10,2.30,5.00,7.00,4,9.58,10.29,4.70,3.48
32,20+,20-40,55.50,57.00,66.50,4,65.08,2.74,11.00,8.15
1,5-10,20-40,24.50,25.00,26.50,4,26.13,3.03,2.00,1.48
178,3-5,5-10,10.50,10.50,11.00,4,11.00,3.29,0.50,0.37
11,3-5,5-10,10.50,11.50,12.50,4,13.17,3.50,2.00,1.48
223,0-1,20-40,13.00,14.50,17.50,4,19.58,18.13,4.50,3.34
190,0-1,10-20,8.00,9.00,9.00,4,8.75,9.09,1.00,0.74
150,3-5,5-10,11.50,12.50,13.00,4,12.63,3.08,1.50,1.11
150,2-3,20-40,12.50,15.00,16.50,4,15.13,5.08,4.00,2.97
146,5-10,5-10,16.50,17.50,18.00,4,25.50,3.01,1.50,1.11
8,20+,20-40,100.00,105.00,120.00,4,114.25,4.31,20.00,14.83
141,3-5,0-5,2.50,4.00,4.50,4,7.25,1.21,2.00,1.48
39,2-3,40+,10.50,35.50,36.00,4,30.88,11.87,25.50,18.90
105,0-1,0-5,4.00,4.00,4.50,4,4.38,7.55,0.50,0.37
237,3-5,0-5,4.50,11.50,12.00,4,10.38,3.10,7.50,5.56
54,1-2,20-40,14.50,15.50,16.00,4,19.74,10.36,1.50,1.11
136,1-2,20-40,14.00,14.00,14.00,4,14.13,8.75,0.00,0.00
71,20+,20-40,52.00,56.50,57.50,4,56.13,2.72,5.50,4.08
120,20+,20-40,52.00,55.50,85.00,4,91.88,2.75,33.00,24.46
1,3-5,5-10,10.50,12.50,22.50,4,19.13,3.29,12.00,8.90
94,20+,20-40,55.00,72.95,74.00,4,70.61,2.68,19.00,14.08
118,5-10,10-20,10.00,17.50,17.50,4,16.63,2.99,7.50,5.56
29,1-2,20-40,13.50,15.00,15.50,4,15.38,7.89,2.00,1.48
221,1-2,10-20,8.50,10.50,11.00,4,10.63,6.07,2.50,1.85
105,3-5,20-40,18.00,20.00,20.00,4,19.63,4.60,2.00,1.48
67,3-5,40+,26.50,27.00,28.00,4,28.00,6.22,1.50,1.11
189,0-1,20-40,9.50,13.00,15.00,4,14.25,14.94,5.50,4.08
257,0-1,10-20,8.00,8.50,9.00,4,8.75,11.64,1.00,0.74
29,3-5,5-10,2.50,11.00,11.50,4,9.25,3.47,9.00,6.67
101,0-1,10-20,9.50,9.50,10.00,4,20.25,31.67,0.50,0.37
106,5-10,5-10,16.00,16.00,17.00,4,22.63,2.97,1.00,0.74
43,3-5,0-5,3.50,3.50,19.00,4,19.50,1.00,15.50,11.49
241,0-1,10-20,8.00,8.50,10.50,4,19.75,12.14,2.50,1.85
121,0-1,10-20,7.50,8.00,8.50,4,8.88,19.49,1.00,0.74
57,1-2,0-5,6.00,6.00,6.50,4,6.25,4.35,0.50,0.37
198,3-5,40+,26.00,26.00,26.00,4,26.25,6.24,0.00,0.00
196,20+,20-40,55.00,61.50,74.50,4,79.00,2.75,19.50,14.46
213,1-2,20-40,13.50,15.00,19.00,4,16.88,9.15,5.50,4.08
220,2-3,0-5,7.50,8.50,9.00,4,17.76,3.44,1.50,1.11
18,3-5,40+,22.50,28.50,29.00,4,27.25,7.36,6.50,4.82
58,0-1,0-5,4.50,5.00,5.00,4,5.00,7.14,0.50,0.37
206,0-1,5-10,5.50,5.50,6.00,4,17.38,7.41,0.50,0.37
31,0-1,5-10,5.00,5.50,5.50,4,5.50,6.88,0.50,0.37
102,0-1,20-40,14.50,17.50,25.51,4,25.79,31.82,11.01,8.16
218,3-5,40+,26.00,26.00,29.50,4,28.88,7.01,3.50,2.59
57,20+,40+,67.50,74.00,130.00,4,105.38,3.36,62.50,46.33
183,20+,20-40,50.95,50.95,57.50,4,65.35,2.33,6.55,4.86
2,1-2,10-20,9.50,9.50,10.50,4,10.38,5.83,1.00,0.74
133,2-3,0-5,8.00,8.00,17.50,4,15.74,3.64,9.50,7.04
154,10-20,10-20,29.00,52.00,52.00,4,55.25,3.38,23.00,17.05
173,5-10,5-10,16.00,16.50,17.00,4,16.75,2.99,1.00,0.74
52,0-1,20-40,12.50,13.50,15.00,4,14.13,15.00,2.50,1.85
221,0-1,5-10,5.00,5.50,5.50,4,5.38,8.47,0.50,0.37
251,1-2,10-20,8.00,10.00,10.00,4,9.63,6.10,2.00,1.48
6,1-2,0-5,5.50,6.00,6.50,4,34.50,4.74,1.00,0.74
82,3-5,0-5,10.50,11.50,52.00,4,36.00,3.13,41.50,30.76
188,0-1,40+,4.00,6.00,6.00,4,11.50,6.67,2.00,1.48
78,1-2,20-40,12.50,13.00,13.00,4,13.88,9.71,0.50,0.37
6,2-3,5-10,8.50,9.50,10.00,4,9.63,3.76,1.50,1.11
144,5-10,5-10,6.00,15.50,17.00,4,14.63,2.87,11.00,8.15
182,0-1,10-20,6.50,7.50,8.00,4,7.63,11.49,1.50,1.11
8,20+,40+,140.00,159.70,198.00,4,185.18,4.75,58.00,42.99
156,2-3,5-10,8.00,9.50,9.50,4,9.25,4.26,1.50,1.11
59,1-2,5-10,6.00,6.50,7.50,4,7.00,5.68,1.50,1.11
67,20+,20-40,60.21,60.21,60.71,4,82.78,2.98,0.50,0.37
208,2-3,20-40,15.00,15.00,16.50,4,16.00,6.27,1.50,1.11
219,0-1,10-20,7.50,8.00,10.00,4,9.13,20.83,2.50,1.85
78,20+,20-40,57.00,57.50,61.77,4,61.93,2.73,4.77,3.54
130,3-5,40+,17.50,20.00,26.00,4,28.88,6.17,8.50,6.30
46,5-10,40+,19.00,29.50,33.00,4,30.13,4.31,14.00,10.38
156,1-2,0-5,5.00,5.50,5.50,4,5.75,4.52,0.50,0.37
173,20+,20-40,61.50,75.00,80.00,4,91.63,3.47,18.50,13.71
249,5-10,5-10,15.50,16.50,17.00,4,18.25,3.06,1.50,1.11
80,3-5,0-5,9.50,10.50,10.50,4,10.25,3.25,1.00,0.74
174,3-5,40+,22.70,31.00,33.00,4,29.93,7.01,10.30,7.64
31,3-5,5-10,11.50,13.00,14.00,4,13.13,3.10,2.50,1.85
120,1-2,0-5,5.50,6.00,61.00,3,24.17,5.45,55.50,41.14
171,3-5,5-10,12.00,14.00,22.45,3,16.15,3.34,10.45,7.75
64,5-10,40+,33.00,36.45,42.95,3,37.47,4.10,9.95,7.38
196,0-1,20-40,13.00,14.00,19.00,3,15.33,26.00,6.00,4.45
91,3-5,5-10,11.50,12.50,13.50,3,12.50,3.34,2.00,1.48
219,2-3,20-40,15.00,16.00,20.50,3,17.17,6.00,5.50,4.08
144,3-5,0-5,3.50,4.00,19.50,3,9.00,1.14,16.00,11.86
112,1-2,40+,6.00,7.00,8.50,3,7.17,5.41,2.50,1.85
17,2-3,40+,9.00,9.50,10.50,3,9.67,3.92,1.50,1.11
76,3-5,0-5,11.00,45.54,52.00,3,36.18,11.95,41.00,30.39
126,5-10,5-10,16.00,17.50,19.50,3,17.67,2.93,3.50,2.59
69,0-1,40+,6.50,22.50,27.05,3,18.68,28.13,20.55,15.23
216,3-5,40+,25.00,29.00,52.00,3,35.33,6.90,27.00,20.01
5,10-20,40+,46.50,54.50,60.50,3,53.83,3.13,14.00,10.38
191,5-10,40+,39.45,39.45,51.55,3,43.48,4.34,12.10,8.97
214,0-1,0-5,3.50,3.50,4.50,3,3.83,17.50,1.00,0.74
1,3-5,20-40,16.00,18.50,80.00,3,38.17,5.56,64.00,47.44
250,0-1,40+,0.01,0.01,3.00,3,1.01,0.25,2.99,2.22
101,5-10,40+,30.00,36.50,48.35,3,38.28,4.09,18.35,13.60
221,5-10,10-20,14.20,25.50,39.45,3,26.38,2.97,25.25,18.72
257,0-1,20-40,4.00,20.50,37.00,3,20.50,29.29,33.00,24.46
218,1-2,20-40,14.50,14.50,16.00,3,15.00,8.29,1.50,1.11
212,2-3,0-5,7.50,8.50,9.50,3,8.50,3.70,2.00,1.48
147,3-5,40+,25.50,27.50,32.50,3,28.50,7.18,7.00,5.19
16,2-3,20-40,15.00,15.00,17.00,3,15.67,5.99,2.00,1.48
78,10-20,10-20,30.50,31.50,39.95,3,33.98,2.81,9.45,7.01
65,3-5,0-5,10.50,11.00,13.50,3,11.67,3.17,3.00,2.22
49,2-3,40+,9.00,10.00,37.50,3,18.83,4.88,28.50,21.13
206,1-2,10-20,9.50,10.50,11.50,3,10.50,6.35,2.00,1.48
23,1-2,10-20,10.00,10.00,10.50,3,10.17,6.25,0.50,0.37
10,5-10,5-10,18.00,20.50,59.00,3,32.50,2.90,41.00,30.39
228,0-1,40+,5.00,24.80,28.50,3,19.43,60.64,23.50,17.42
36,3-5,5-10,11.00,11.50,12.50,3,11.67,3.42,1.50,1.11
207,20+,20-40,61.00,61.50,64.00,3,62.17,2.66,3.00,2.22
89,0-1,40+,2.50,5.00,28.00,3,11.83,17.86,25.50,18.90
63,0-1,10-20,8.50,9.50,11.50,3,9.83,47.50,3.00,2.22
147,10-20,10-20,29.20,31.00,40.39,3,33.53,2.88,11.19,8.30
127,2-3,0-5,8.00,8.00,9.00,3,8.33,3.64,1.00,0.74
6,3-5,20-40,17.00,18.50,21.00,3,18.83,4.23,4.00,2.97
94,10-20,10-20,32.50,38.10,45.79,3,38.80,3.37,13.29,9.85
105,10-20,40+,34.36,38.50,39.89,3,37.58,3.63,5.53,4.10
128,2-3,20-40,15.00,15.50,17.00,3,15.83,6.30,2.00,1.48
139,0-1,10-20,8.00,9.50,9.50,3,9.00,14.55,1.50,1.11
155,3-5,5-10,11.50,13.50,15.00,3,13.33,3.17,3.50,2.59
15,5-10,5-10,6.80,16.00,32.45,3,18.42,3.08,25.65,19.01
221,20+,20-40,57.00,62.52,70.93,3,63.48,2.61,13.93,10.33
156,1-2,10-20,8.50,8.50,8.50,3,8.50,6.07,0.00,0.00
33,3-5,0-5,10.00,10.50,12.00,3,10.83,3.11,2.00,1.48
220,3-5,40+,13.50,19.84,25.95,3,19.76,4.16,12.45,9.23
20,0-1,10-20,8.00,8.50,10.00,3,8.83,9.44,2.00,1.48
89,10-20,10-20,29.50,30.00,31.00,3,30.17,2.84,1.50,1.11
98,1-2,10-20,9.00,10.00,10.50,3,9.83,5.41,1.50,1.11
27,20+,20-40,50.13,65.20,66.00,3,60.44,2.63,15.87,11.76
63,3-5,40+,25.00,27.00,27.50,3,26.50,5.97,2.50,1.85
6,0-1,5-10,6.00,6.50,7.50,3,6.67,8.06,1.50,1.11
81,0-1,10-20,9.50,9.50,10.00,3,9.67,11.45,0.50,0.37
217,0-1,20-40,14.50,16.50,17.50,3,16.17,20.11,3.00,2.22
206,2-3,10-20,11.00,13.50,13.50,3,12.67,4.66,2.50,1.85
5,20+,20-40,60.00,63.00,65.21,3,62.74,2.77,5.21,3.86
184,1-2,5-10,8.00,8.00,9.00,3,8.33,4.21,1.00,0.74
121,20+,20-40,60.00,68.83,200.00,3,109.61,3.19,140.00,103.78
210,0-1,20-40,17.50,49.29,51.05,3,39.28,308.06,33.55,24.87
152,0-1,20-40,4.50,5.00,22.00,3,10.50,6.25,17.50,12.97
191,1-2,20-40,15.00,15.50,18.00,3,16.17,10.00,3.00,2.22
198,2-3,40+,26.00,27.00,38.50,3,30.50,9.59,12.50,9.27
30,5-10,10-20,19.50,26.01,42.95,3,29.49,3.25,23.45,17.38
242,1-2,20-40,13.00,14.50,20.00,3,15.83,11.61,7.00,5.19
130,2-3,0-5,8.00,9.50,52.00,3,23.17,3.81,44.00,32.62
94,3-5,5-10,11.50,11.50,11.50,3,11.50,3.54,0.00,0.00
177,3-5,5-10,11.50,12.00,32.95,3,18.82,3.65,21.45,15.90
218,0-1,40+,25.00,64.55,65.00,3,51.52,268.96,40.00,29.65
241,1-2,20-40,14.00,15.00,15.00,3,14.67,8.11,1.00,0.74
70,0-1,40+,52.00,65.00,66.00,3,61.00,660.00,14.00,10.38
73,2-3,20-40,15.00,15.50,18.00,3,16.17,6.21,3.00,2.22
245,5-10,20-40,22.00,25.36,27.93,3,25.10,3.17,5.93,4.40
172,10-20,20-40,51.05,53.03,53.03,3,52.37,3.32,1.98,1.47
130,0-1,20-40,12.50,13.50,17.00,3,14.33,96.15,4.50,3.34
187,20+,20-40,60.43,64.50,68.43,3,64.45,2.67,8.00,5.93
69,1-2,40+,6.00,6.50,7.50,3,6.67,5.14,1.50,1.11
36,5-10,5-10,5.50,25.50,52.00,3,27.67,3.98,46.50,34.47
118,2-3,20-40,17.50,19.50,19.50,3,18.83,6.75,2.00,1.48
245,2-3,5-10,8.00,8.50,10.00,3,8.83,3.76,2.00,1.48
69,0-1,20-40,13.00,13.00,16.00,3,14.00,26.00,3.00,2.22
225,0-1,40+,2.50,4.50,11.50,3,6.17,17.69,9.00,6.67
58,5-10,40+,31.34,35.50,40.50,3,35.78,3.92,9.16,6.79
235,2-3,40+,11.00,14.00,28.00,3,17.67,5.41,17.00,12.60
180,0-1,10-20,6.50,7.50,8.00,3,7.33,8.16,1.50,1.11
197,3-5,40+,28.50,52.00,101.00,3,60.50,15.52,72.50,53.74
219,3-5,40+,18.00,19.50,33.00,3,23.50,4.41,15.00,11.12
92,3-5,40+,20.00,26.00,31.50,3,25.83,5.79,11.50,8.52
82,0-1,20-40,12.50,12.50,15.50,3,13.50,125.00,3.00,2.22
184,3-5,5-10,11.00,11.00,11.50,3,11.17,3.37,0.50,0.37
185,3-5,40+,24.00,30.00,33.00,3,29.00,8.01,9.00,6.67
60,1-2,20-40,13.00,13.50,14.00,3,13.50,7.29,1.00,0.74
259,0-1,10-20,8.00,10.00,11.50,3,9.83,12.35,3.50,2.59
86,0-1,10-20,8.00,39.20,53.70,3,33.63,653.33,45.70,33.88
73,10-20,10-20,28.16,31.00,42.90,3,34.02,2.85,14.74,10.93
3,0-1,10-20,4.50,8.50,8.50,3,7.17,9.34,4.00,2.97
24,5-10,5-10,16.00,16.50,19.00,3,17.17,2.99,3.00,2.22
56,3-5,0-5,11.50,31.78,52.00,3,31.76,9.05,40.50,30.02
57,3-5,5-10,11.50,11.50,24.20,3,15.73,3.36,12.70,9.41
119,1-2,40+,11.50,23.50,36.00,3,23.67,14.60,24.50,18.16
154,1-2,10-20,9.00,10.00,11.00,3,10.00,6.11,2.00,1.48
8,10-20,10-20,30.00,33.00,70.00,3,44.33,2.74,40.00,29.65
192,2-3,0-5,7.50,8.00,8.50,3,8.00,3.57,1.00,0.74
58,1-2,10-20,8.50,8.50,12.00,3,9.67,6.78,3.50,2.59
251,0-1,5-10,5.50,5.50,6.50,3,5.83,7.97,1.00,0.74
130,3-5,0-5,4.00,10.00,52.00,3,22.00,3.23,48.00,35.58
183,0-1,10-20,8.00,8.50,9.50,3,8.67,8.76,1.50,1.11
234,3-5,0-5,4.00,21.00,52.00,3,25.67,4.95,48.00,35.58
70,1-2,40+,6.00,6.50,24.00,3,12.17,6.13,18.00,13.34
214,1-2,10-20,8.50,9.50,9.50,3,9.17,5.52,1.00,0.74
76,2-3,0-5,8.00,15.00,25.95,3,16.32,6.20,17.95,13.31
125,3-5,0-5,4.50,17.50,52.00,3,24.67,4.38,47.50,35.21
27,0-1,0-5,2.50,3.00,5.50,3,3.67,15.79,3.00,2.22
245,0-1,0-5,2.50,4.00,5.00,3,3.83,8.33,2.50,1.85
245,2-3,10-20,11.00,12.50,13.00,3,12.17,5.39,2.00,1.48
27,10-20,40+,52.00,77.87,82.66,3,70.84,4.57,30.66,22.73
79,3-5,0-5,3.50,4.50,17.50,3,8.50,1.15,14.00,10.38
189,2-3,40+,9.50,11.50,25.00,3,15.33,4.63,15.50,11.49
176,10-20,20-40,39.50,45.50,46.50,3,43.83,2.78,7.00,5.19
95,20+,20-40,57.50,58.40,80.00,3,65.30,2.79,22.50,16.68
120,3-5,20-40,17.00,20.00,24.00,3,20.33,4.84,7.00,5.19
216,0-1,40+,2.50,3.50,62.00,3,22.67,27.78,59.50,44.11
96,3-5,5-10,0.10,11.50,11.50,3,7.70,3.69,11.40,8.45
55,3-5,40+,26.50,31.50,32.00,3,30.00,6.56,5.50,4.08
170,20+,10-20,57.00,64.00,76.00,3,65.67,2.65,19.00,14.08
185,20+,20-40,57.50,83.58,130.00,3,90.36,2.91,72.50,53.74
10,0-1,20-40,2.50,12.50,52.00,3,22.33,43.10,49.50,36.69
180,2-3,20-40,14.50,15.00,21.50,3,17.00,5.91,7.00,5.19
63,1-2,0-5,5.50,5.50,5.50,3,5.50,5.34,0.00,0.00
235,5-10,5-10,19.00,41.16,54.25,3,38.14,7.86,35.25,26.13
58,20+,40+,61.00,67.50,72.00,3,66.83,2.92,11.00,8.15
44,10-20,40+,44.50,52.50,53.50,3,50.17,3.75,9.00,6.67
135,1-2,40+,30.50,43.00,57.50,3,43.67,30.75,27.00,20.01
27,2-3,10-20,11.50,12.50,13.50,3,12.50,5.13,2.00,1.48
248,3-5,0-5,4.00,10.00,12.00,3,8.67,3.16,8.00,5.93
38,5-10,5-10,16.00,16.50,28.00,3,20.17,3.08,12.00,8.90
81,5-10,5-10,18.50,19.00,21.50,3,19.67,2.82,3.00,2.22
94,3-5,40+,25.45,29.00,30.00,3,28.15,5.92,4.55,3.37
72,2-3,40+,25.00,29.00,40.50,3,31.50,11.36,15.50,11.49
261,3-5,0-5,2.50,3.50,4.50,3,3.50,0.85,2.00,1.48
6,20+,40+,94.00,116.00,165.00,3,125.00,4.71,71.00,52.63
191,0-1,10-20,7.50,9.00,52.00,3,22.83,34.62,44.50,32.99
51,0-1,10-20,8.00,8.50,9.00,3,8.50,10.84,1.00,0.74
181,5-10,5-10,16.50,17.50,27.50,3,20.50,3.08,11.00,8.15
24,3-5,0-5,4.00,4.50,10.50,3,6.33,1.22,6.50,4.82
192,2-3,20-40,16.00,19.50,25.45,3,20.32,6.89,9.45,7.01
160,3-5,0-5,10.00,10.00,10.50,3,10.17,3.18,0.50,0.37
75,5-10,0-5,4.00,4.50,19.50,3,9.33,0.79,15.50,11.49
159,1-2,40+,7.00,9.00,43.00,3,19.67,6.48,36.00,26.69
192,5-10,5-10,17.50,21.50,60.00,3,33.00,2.87,42.50,31.50
153,10-20,10-20,29.50,30.00,33.00,3,30.83,2.84,3.50,2.59
222,5-10,5-10,15.26,28.95,52.00,3,32.07,5.67,36.74,27.23
142,3-5,0-5,2.50,3.50,4.50,3,3.50,1.17,2.00,1.48
155,2-3,0-5,7.50,7.50,9.00,3,8.00,3.57,1.50,1.11
133,2-3,40+,10.50,21.00,24.50,3,18.67,7.29,14.00,10.38
155,5-10,5-10,15.00,16.00,20.00,3,17.00,2.91,5.00,3.71
178,5-10,10-20,17.50,18.00,19.50,3,18.33,3.37,2.00,1.48
1,1-2,10-20,9.50,11.00,11.00,3,10.50,6.04,1.50,1.11
57,20+,20-40,56.50,145.00,150.00,3,117.17,6.44,93.50,69.31
64,2-3,0-5,7.50,8.50,9.50,3,8.50,3.62,2.00,1.48
111,1-2,0-5,5.50,5.50,6.00,3,5.67,4.82,0.50,0.37
173,1-2,20-40,12.50,14.00,15.50,3,14.00,8.22,3.00,2.22
198,0-1,20-40,12.50,13.50,16.00,3,14.00,18.24,3.50,2.59
28,0-1,20-40,13.50,14.50,16.50,3,14.83,41.43,3.00,2.22
59,2-3,20-40,15.00,15.50,17.00,3,15.83,5.74,2.00,1.48
21,10-20,10-20,31.50,46.15,52.00,3,43.22,4.40,20.50,15.20
1,2-3,5-10,8.00,8.50,10.00,3,8.83,3.96,2.00,1.48
200,2-3,20-40,15.00,15.00,17.50,3,15.83,6.36,2.50,1.85
96,1-2,0-5,5.50,5.50,5.50,3,5.50,4.70,0.00,0.00
57,5-10,40+,29.78,37.33,39.89,3,35.67,4.04,10.11,7.49
153,3-5,5-10,12.50,14.00,14.50,3,13.67,3.23,2.00,1.48
121,2-3,0-5,8.00,8.00,8.50,3,8.17,3.46,0.50,0.37
176,5-10,20-40,32.50,33.00,33.00,3,32.83,3.52,0.50,0.37
32,0-1,20-40,13.50,14.00,15.50,3,14.33,25.83,2.00,1.48
201,3-5,20-40,18.00,25.45,25.45,3,22.97,5.53,7.45,5.52
245,3-5,10-20,13.50,16.50,17.50,3,15.83,3.93,4.00,2.97
100,5-10,5-10,16.00,16.00,17.00,3,16.33,3.04,1.00,0.74
37,0-1,40+,3.50,5.00,5.50,3,4.67,7.00,2.00,1.48
96,1-2,10-20,9.00,10.50,11.00,3,10.17,6.43,2.00,1.48
35,0-1,20-40,12.50,17.73,28.95,3,19.73,47.92,16.45,12.19
200,5-10,5-10,15.50,16.00,22.00,3,17.83,2.93,6.50,4.82
23,3-5,10-20,13.50,16.00,17.50,3,15.67,4.20,4.00,2.97
26,0-1,40+,2.50,7.00,325.00,3,111.50,250.00,322.50,239.07
253,3-5,10-20,11.50,15.00,16.00,3,14.17,3.33,4.50,3.34
252,2-3,20-40,14.00,15.50,18.50,3,16.00,5.54,4.50,3.34
215,1-2,40+,6.50,39.60,53.89,3,33.33,24.91,47.39,35.13
30,3-5,10-20,14.00,15.42,22.70,3,17.37,3.72,8.70,6.45
53,3-5,0-5,12.00,12.50,23.80,3,16.10,3.14,11.80,8.75
208,1-2,20-40,14.00,17.00,19.00,3,16.67,10.22,5.00,3.71
14,0-1,20-40,14.00,39.00,450.08,3,167.69,95.12,436.08,323.26
99,3-5,10-20,11.50,12.50,16.00,3,13.33,3.67,4.50,3.34
62,10-20,10-20,28.91,45.65,46.15,3,40.24,4.40,17.24,12.78
221,2-3,5-10,9.00,10.00,20.00,3,13.00,4.35,11.00,8.15
27,0-1,5-10,5.50,6.00,7.00,3,6.17,6.71,1.50,1.11
171,0-1,20-40,13.00,14.50,14.50,3,14.00,17.47,1.50,1.11
258,20+,20-40,46.70,61.00,64.55,3,57.42,2.70,17.85,13.23
77,1-2,0-5,6.00,6.50,7.00,3,6.50,4.58,1.00,0.74
206,2-3,5-10,8.00,9.00,9.50,3,8.83,4.21,1.50,1.11
243,0-1,20-40,5.00,13.50,17.50,3,12.00,16.67,12.50,9.27
112,0-1,20-40,4.50,6.50,13.00,3,8.00,7.50,8.50,6.30
102,1-2,20-40,14.00,15.00,15.00,3,14.67,7.98,1.00,0.74
187,1-2,5-10,7.00,7.50,8.00,3,7.50,5.19,1.00,0.74
251,2-3,10-20,9.50,10.00,11.00,3,10.17,4.52,1.50,1.11
23,1-2,0-5,5.50,6.00,6.50,3,6.00,4.06,1.00,0.74
196,3-5,0-5,10.00,10.50,11.00,3,10.50,3.24,1.00,0.74
131,0-1,10-20,8.00,8.50,9.50,3,8.67,17.59,1.50,1.11
27,3-5,10-20,12.00,15.00,16.50,3,14.50,3.49,4.50,3.34
156,5-10,10-20,24.00,43.00,150.00,3,72.33,4.67,126.00,93.40
126,3-5,40+,27.00,27.50,27.50,3,27.33,7.70,0.50,0.37
58,20+,20-40,63.00,210.00,275.00,3,182.67,8.99,212.00,157.15
114,5-10,5-10,6.50,15.00,17.00,3,12.83,2.95,10.50,7.78
14,3-5,40+,25.00,25.44,35.95,3,28.80,6.25,10.95,8.12
168,0-1,40+,4.50,6.00,46.60,3,19.03,7.23,42.10,31.21
233,10-20,5-10,7.00,7.00,52.00,2,29.50,0.64,45.00,33.36
201,0-1,5-10,5.00,5.00,6.00,2,5.50,6.76,1.00,0.74
253,2-3,10-20,10.00,10.00,12.50,2,11.25,4.35,2.50,1.85
211,5-10,5-10,6.50,6.50,15.50,2,11.00,0.71,9.00,6.67
126,2-3,0-5,9.00,9.00,9.00,2,9.00,3.46,0.00,0.00
61,2-3,0-5,8.50,8.50,9.00,2,8.75,3.63,0.50,0.37
34,1-2,20-40,13.50,13.50,15.00,2,14.25,7.50,1.50,1.11
51,2-3,40+,24.50,24.50,104.50,2,64.50,12.19,80.00,59.30
2,0-1,0-5,2.50,2.50,4.00,2,3.25,9.76,1.50,1.11
31,3-5,40+,11.50,11.50,32.00,2,21.75,3.65,20.50,15.20
81,1-2,40+,27.00,27.00,31.00,2,29.00,16.32,4.00,2.97
115,5-10,20-40,19.61,19.61,32.45,2,26.03,2.91,12.84,9.52
250,3-5,40+,26.00,26.00,29.00,2,27.50,5.53,3.00,2.22
257,1-2,40+,8.00,8.00,27.50,2,17.75,4.06,19.50,14.46
54,0-1,20-40,13.00,13.00,16.50,2,14.75,14.29,3.50,2.59
160,1-2,20-40,15.00,15.00,18.00,2,16.50,7.89,3.00,2.22
85,2-3,40+,24.50,24.50,27.00,2,25.75,8.25,2.50,1.85
112,0-1,40+,5.50,5.50,5.50,2,5.50,5.91,0.00,0.00
59,20+,20-40,50.41,50.41,64.19,2,57.30,2.48,13.78,10.21
112,2-3,0-5,9.00,9.00,9.50,2,9.25,3.38,0.50,0.37
231,10-20,5-10,47.00,47.00,52.50,2,49.75,3.61,5.50,4.08
16,2-3,0-5,8.50,8.50,9.50,2,9.00,3.19,1.00,0.74
139,2-3,20-40,17.50,17.50,21.00,2,19.25,6.51,3.50,2.59
17,2-3,0-5,9.00,9.00,25.00,2,17.00,3.60,16.00,11.86
214,0-1,5-10,5.50,5.50,6.00,2,5.75,6.74,0.50,0.37
257,5-10,5-10,16.00,16.00,17.50,2,16.75,2.94,1.50,1.11
120,0-1,10-20,52.00,52.00,60.00,2,56.00,56.52,8.00,5.93
175,5-10,5-10,15.00,15.00,95.00,2,55.00,2.95,80.00,59.30
239,20+,10-20,52.00,52.00,52.00,2,52.00,2.44,0.00,0.00
78,2-3,40+,10.00,10.00,30.00,2,20.00,4.69,20.00,14.83
19,0-1,10-20,8.00,8.00,10.00,2,9.00,13.33,2.00,1.48
153,3-5,40+,17.53,17.53,25.45,2,21.49,3.77,7.92,5.87
172,0-1,0-5,3.50,3.50,5.00,2,4.25,7.00,1.50,1.11
220,1-2,20-40,14.50,14.50,16.50,2,15.50,8.38,2.00,1.48
19,2-3,20-40,15.00,15.00,17.00,2,16.00,6.42,2.00,1.48
71,0-1,20-40,12.50,12.50,13.00,2,12.75,13.59,0.50,0.37
116,3-5,0-5,10.00,10.00,52.00,2,31.00,3.24,42.00,31.13
71,2-3,40+,24.00,24.00,24.00,2,24.00,8.89,0.00,0.00
26,2-3,40+,24.50,24.50,24.50,2,24.50,8.45,0.00,0.00
217,2-3,40+,9.50,9.50,10.50,2,10.00,4.42,1.00,0.74
227,0-1,20-40,2.50,2.50,17.50,2,10.00,25.74,15.00,11.12
215,5-10,5-10,25.50,25.50,43.45,2,34.48,3.52,17.95,13.31
23,3-5,5-10,12.50,12.50,75.00,2,43.75,3.16,62.50,46.33
62,0-1,20-40,18.50,18.50,25.45,2,21.98,68.52,6.95,5.15
220,3-5,0-5,10.00,10.00,11.00,2,10.50,3.24,1.00,0.74
16,1-2,20-40,8.00,8.00,19.50,2,13.75,4.21,11.50,8.52
213,1-2,40+,6.00,6.00,9.50,2,7.75,5.94,3.50,2.59
61,1-2,40+,6.00,6.00,8.50,2,7.25,4.43,2.50,1.85
58,3-5,5-10,11.50,11.50,75.00,2,43.25,3.55,63.50,47.07
131,1-2,20-40,14.50,14.50,17.50,2,16.00,7.36,3.00,2.22
205,3-5,40+,15.50,15.50,29.00,2,22.25,3.90,13.50,10.01
247,2-3,40+,11.50,11.50,12.00,2,11.75,4.05,0.50,0.37
160,20+,20-40,0.01,0.01,70.45,2,35.23,0.00,70.44,52.22
123,3-5,40+,25.50,25.50,27.00,2,26.25,5.33,1.50,1.11
251,3-5,10-20,12.50,12.50,13.00,2,12.75,3.83,0.50,0.37
258,1-2,20-40,14.00,14.00,15.00,2,14.50,7.14,1.00,0.74
23,1-2,20-40,13.00,13.00,14.00,2,13.50,7.26,1.00,0.74
172,3-5,10-20,14.00,14.00,14.50,2,14.25,3.50,0.50,0.37
132,5-10,0-5,2.50,2.50,2.50,2,2.50,0.34,0.00,0.00
16,0-1,20-40,22.78,22.78,35.95,2,29.37,23.48,13.17,9.76
139,1-2,20-40,14.00,14.00,20.00,2,17.00,8.28,6.00,4.45
244,5-10,0-5,4.50,4.50,29.00,2,16.75,0.75,24.50,18.16
61,3-5,0-5,4.50,4.50,16.50,2,10.50,1.18,12.00,8.90
117,2-3,20-40,16.50,16.50,18.50,2,17.50,7.37,2.00,1.48
176,0-1,0-5,2.50,2.50,70.00,2,36.25,25.00,67.50,50.04
213,2-3,0-5,9.00,9.00,9.00,2,9.00,3.26,0.00,0.00
249,3-5,0-5,3.00,3.00,4.00,2,3.50,0.65,1.00,0.74
3,2-3,40+,9.50,9.50,25.50,2,17.50,4.44,16.00,11.86
134,1-2,20-40,15.00,15.00,18.50,2,16.75,7.61,3.50,2.59
159,5-10,5-10,16.00,16.00,16.00,2,16.00,3.14,0.00,0.00
260,3-5,0-5,52.00,52.00,65.00,2,58.50,14.05,13.00,9.64
8,3-5,40+,27.00,27.00,52.00,2,39.50,5.66,25.00,18.53
20,2-3,0-5,17.41,17.41,28.95,2,23.18,7.95,11.54,8.55
225,2-3,40+,12.50,12.50,24.00,2,18.25,5.32,11.50,8.52
247,0-1,40+,4.50,4.50,5.50,2,5.00,7.14,1.00,0.74
204,10-20,20-40,44.02,44.02,61.85,2,52.94,2.62,17.83,13.22
221,2-3,10-20,11.00,11.00,12.00,2,11.50,3.79,1.00,0.74
118,5-10,20-40,22.00,22.00,28.50,2,25.25,3.17,6.50,4.82
72,1-2,40+,7.00,7.00,24.50,2,15.75,4.58,17.50,12.97
108,0-1,20-40,3.50,3.50,7.50,2,5.50,21.88,4.00,2.97
118,3-5,20-40,18.50,18.50,22.00,2,20.25,4.57,3.50,2.59
21,5-10,5-10,15.50,15.50,24.00,2,19.75,2.78,8.50,6.30
264,20+,10-20,52.00,52.00,55.00,2,53.50,2.33,3.00,2.22
73,0-1,10-20,8.00,8.00,9.00,2,8.50,8.51,1.00,0.74
96,10-20,10-20,30.50,30.50,54.70,2,42.60,2.72,24.20,17.94
244,3-5,0-5,10.00,10.00,11.50,2,10.75,3.19,1.50,1.11
27,0-1,10-20,8.00,8.00,10.50,2,9.25,10.00,2.50,1.85
118,0-1,20-40,9.50,9.50,14.00,2,11.75,28.00,4.50,3.34
28,1-2,40+,12.00,12.00,25.00,2,18.50,9.23,13.00,9.64
14,3-5,0-5,12.00,12.00,12.00,2,12.00,3.13,0.00,0.00
147,3-5,5-10,11.50,11.50,11.50,2,11.50,3.56,0.00,0.00
109,10-20,20-40,42.88,42.88,56.45,2,49.67,3.02,13.57,10.06
185,1-2,20-40,14.00,14.00,14.50,2,14.25,9.24,0.50,0.37
63,10-20,10-20,34.50,34.50,36.50,2,35.50,2.68,2.00,1.48
6,20+,20-40,67.00,67.00,67.71,2,67.35,2.67,0.71,0.53
130,2-3,40+,27.50,27.50,52.00,2,39.75,13.48,24.50,18.16
186,10-20,5-10,8.00,8.00,46.50,2,27.25,0.73,38.50,28.54
1,1-2,40+,70.00,70.00,97.00,2,83.50,52.24,27.00,20.01
111,2-3,20-40,15.00,15.00,15.50,2,15.25,5.98,0.50,0.37
218,5-10,5-10,16.00,16.00,19.50,2,17.75,2.89,3.50,2.59
20,20+,20-40,61.00,61.00,63.50,2,62.25,2.68,2.50,1.85
23,2-3,10-20,12.00,12.00,13.00,2,12.50,5.15,1.00,0.74
176,20+,40+,67.47,67.47,87.50,2,77.49,2.78,20.03,14.85
240,2-3,0-5,8.00,8.00,9.00,2,8.50,3.33,1.00,0.74
117,3-5,5-10,11.00,11.00,13.00,2,12.00,3.13,2.00,1.48
243,3-5,0-5,11.00,11.00,11.00,2,11.00,3.21,0.00,0.00
36,1-2,40+,5.50,5.50,9.50,2,7.50,4.95,4.00,2.97
40,0-1,20-40,13.00,13.00,14.50,2,13.75,14.61,1.50,1.11
195,1-2,20-40,13.50,13.50,19.00,2,16.25,7.94,5.50,4.08
115,10-20,10-20,29.50,29.50,33.41,2,31.46,2.79,3.91,2.90
111,2-3,5-10,9.50,9.50,9.50,2,9.50,4.13,0.00,0.00
30,1-2,5-10,7.50,7.50,8.50,2,8.00,4.24,1.00,0.74
241,3-5,40+,36.47,36.47,45.29,2,40.88,7.66,8.82,6.54
2,20+,40+,52.00,52.00,52.00,2,52.00,1.87,0.00,0.00
227,3-5,5-10,11.50,11.50,12.50,2,12.00,3.29,1.00,0.74
82,2-3,0-5,8.50,8.50,9.50,2,9.00,3.30,1.00,0.74
106,3-5,0-5,10.00,10.00,52.00,2,31.00,3.23,42.00,31.13
196,2-3,0-5,8.00,8.00,8.50,2,8.25,3.48,0.50,0.37
242,5-10,5-10,16.50,16.50,113.00,2,64.75,3.00,96.50,71.53
207,0-1,20-40,6.50,6.50,19.50,2,13.00,16.25,13.00,9.64
150,5-10,5-10,15.00,15.00,17.50,2,16.25,2.91,2.50,1.85
242,0-1,40+,4.50,4.50,5.00,2,4.75,7.81,0.50,0.37
96,20+,40+,78.00,78.00,90.00,2,84.00,3.14,12.00,8.90
73,5-10,40+,36.50,36.50,40.00,2,38.25,3.69,3.50,2.59
235,3-5,40+,21.50,21.50,24.00,2,22.75,5.17,2.50,1.85
213,5-10,5-10,15.50,15.50,16.50,2,16.00,2.89,1.00,0.74
175,2-3,0-5,7.00,7.00,9.50,2,8.25,3.28,2.50,1.85
84,1-2,5-10,7.50,7.50,8.00,2,7.75,5.33,0.50,0.37
44,3-5,0-5,11.50,11.50,150.00,2,80.75,3.11,138.50,102.67
259,10-20,10-20,29.00,29.00,36.50,2,32.75,2.70,7.50,5.56
171,1-2,20-40,15.00,15.00,16.00,2,15.50,8.47,1.00,0.74
2,3-5,10-20,11.50,11.50,115.55,2,63.53,3.39,104.05,77.13
202,1-2,40+,9.00,9.00,65.00,2,37.00,4.62,56.00,41.51
163,20+,10-20,52.00,52.00,92.50,2,72.25,2.52,40.50,30.02
203,2-3,20-40,15.00,15.00,21.00,2,18.00,5.47,6.00,4.45
215,3-5,0-5,10.50,10.50,29.00,2,19.75,3.17,18.50,13.71
215,0-1,40+,5.50,5.50,52.00,2,28.75,5.85,46.50,34.47
20,1-2,20-40,14.00,14.00,14.50,2,14.25,7.63,0.50,0.37
120,5-10,5-10,17.50,17.50,90.00,2,53.75,3.07,72.50,53.74
150,2-3,0-5,8.00,8.00,9.50,2,8.75,3.37,1.50,1.11
241,5-10,5-10,17.42,17.42,32.95,2,25.19,3.19,15.53,11.51
174,5-10,5-10,5.50,5.50,18.50,2,12.00,0.98,13.00,9.64
20,3-5,40+,33.00,33.00,33.20,2,33.10,7.71,0.20,0.15
49,2-3,0-5,8.50,8.50,8.50,2,8.50,3.36,0.00,0.00
36,20+,20-40,55.00,55.00,85.00,2,70.00,2.68,30.00,22.24
253,1-2,10-20,10.00,10.00,12.00,2,11.00,5.88,2.00,1.48
63,5-10,5-10,16.00,16.00,16.50,2,16.25,2.87,0.50,0.37
23,2-3,5-10,9.50,9.50,10.00,2,9.75,3.63,0.50,0.37
108,2-3,0-5,34.71,34.71,48.35,2,41.53,13.30,13.64,10.11
86,1-2,0-5,5.50,5.50,5.50,2,5.50,5.09,0.00,0.00
216,1-2,40+,25.50,25.50,52.00,2,38.75,15.00,26.50,19.64
182,1-2,20-40,14.00,14.00,14.00,2,14.00,7.37,0.00,0.00
221,1-2,0-5,5.00,5.00,6.50,2,5.75,4.51,1.50,1.11
212,5-10,5-10,15.00,15.00,17.00,2,16.00,2.98,2.00,1.48
109,0-1,0-5,3.50,3.50,5.00,2,4.25,5.83,1.50,1.11
29,5-10,5-10,16.50,16.50,21.00,2,18.75,2.86,4.50,3.34
172,5-10,40+,65.93,65.93,68.43,2,67.18,9.90,2.50,1.85
22,5-10,5-10,17.50,17.50,17.50,2,17.50,2.85,0.00,0.00
240,3-5,5-10,10.00,10.00,11.50,2,10.75,3.33,1.50,1.11
211,3-5,0-5,3.50,3.50,12.00,2,7.75,1.06,8.50,6.30
207,3-5,0-5,13.50,13.50,49.00,2,31.25,2.99,35.50,26.32
37,2-3,40+,9.00,9.00,11.50,2,10.25,4.07,2.50,1.85
41,5-10,5-10,16.00,16.00,18.00,2,17.00,3.15,2.00,1.48
62,3-5,5-10,11.00,11.00,11.00,2,11.00,3.65,0.00,0.00
253,10-20,10-20,52.00,52.00,80.00,2,66.00,4.59,28.00,20.76
171,3-5,40+,17.00,17.00,49.43,2,33.22,3.81,32.43,24.04
44,20+,20-40,67.50,67.50,80.50,2,74.00,2.62,13.00,9.64
70,5-10,0-5,15.00,15.00,19.00,2,17.00,2.92,4.00,2.97
156,0-1,5-10,6.00,6.00,7.00,2,6.50,7.14,1.00,0.74
37,10-20,10-20,29.00,29.00,29.50,2,29.25,2.87,0.50,0.37
221,3-5,10-20,13.00,13.00,13.00,2,13.00,3.66,0.00,0.00
56,0-1,20-40,13.00,13.00,16.50,2,14.75,23.57,3.50,2.59
122,0-1,20-40,48.35,48.35,64.55,2,56.45,130.68,16.20,12.01
92,1-2,40+,7.50,7.50,8.00,2,7.75,4.84,0.50,0.37
251,1-2,5-10,7.00,7.00,8.50,2,7.75,4.89,1.50,1.11
260,5-10,0-5,4.50,4.50,59.00,2,31.75,0.80,54.50,40.40
180,0-1,20-40,0.01,0.01,0.10,2,0.06,0.33,0.09,0.07
220,1-2,40+,7.50,7.50,9.50,2,8.50,4.84,2.00,1.48
123,0-1,40+,2.50,2.50,28.00,2,15.25,17.86,25.50,18.90
218,3-5,0-5,10.00,10.00,10.00,2,10.00,3.23,0.00,0.00
120,2-3,0-5,8.50,8.50,9.00,2,8.75,3.32,0.50,0.37
219,0-1,40+,2.50,2.50,74.00,2,38.25,83.33,71.50,53.00
38,1-2,20-40,16.00,16.00,61.85,2,38.93,11.43,45.85,33.99
135,2-3,0-5,7.50,7.50,10.00,2,8.75,3.45,2.50,1.85
38,3-5,40+,16.00,16.00,30.50,2,23.25,3.48,14.50,10.75
27,5-10,20-40,24.50,24.50,25.00,2,24.75,3.11,0.50,0.37
95,0-1,20-40,16.00,16.00,16.50,2,16.25,20.63,0.50,0.37
52,5-10,5-10,15.50,15.50,15.50,2,15.50,3.01,0.00,0.00
108,1-2,0-5,5.50,5.50,7.00,2,6.25,4.07,1.50,1.11
66,0-1,40+,4.50,4.50,5.50,2,5.00,7.05,1.00,0.74
93,10-20,5-10,52.00,52.00,52.00,2,52.00,4.47,0.00,0.00
215,1-2,20-40,13.00,13.00,15.00,2,14.00,6.84,2.00,1.48
190,3-5,5-10,11.50,11.50,21.95,2,16.73,3.53,10.45,7.75
58,10-20,10-20,30.50,30.50,90.00,2,60.25,2.88,59.50,44.11
147,0-1,40+,5.00,5.00,6.00,2,5.50,6.45,1.00,0.74
210,1-2,20-40,14.00,14.00,16.50,2,15.25,10.77,2.50,1.85
95,0-1,40+,2.50,2.50,7.00,2,4.75,14.58,4.50,3.34
124,2-3,20-40,15.00,15.00,15.00,2,15.00,5.42,0.00,0.00
23,3-5,20-40,19.50,19.50,21.00,2,20.25,4.58,1.50,1.11
187,0-1,5-10,6.00,6.00,6.50,2,6.25,6.77,0.50,0.37
206,5-10,10-20,18.00,18.00,21.50,2,19.75,3.12,3.50,2.59
105,10-20,20-40,44.50,44.50,52.00,2,48.25,2.69,7.50,5.56
253,5-10,40+,28.00,28.00,30.50,2,29.25,4.18,2.50,1.85
245,3-5,20-40,18.00,18.00,18.50,2,18.25,4.24,0.50,0.37
248,2-3,40+,9.50,9.50,32.00,2,20.75,3.93,22.50,16.68
5,2-3,5-10,9.00,9.00,11.00,2,10.00,3.81,2.00,1.48
214,3-5,10-20,13.00,13.00,16.50,2,14.75,3.42,3.50,2.59
21,2-3,0-5,1.00,1.00,8.00,2,4.50,0.35,7.00,5.19
47,0-1,40+,23.50,23.50,74.19,2,48.85,185.48,50.69,37.58
99,0-1,0-5,2.50,2.50,4.00,2,3.25,9.52,1.50,1.11
133,10-20,10-20,30.50,30.50,35.50,2,33.00,2.72,5.00,3.71
265,5-10,0-5,52.00,52.00,130.00,2,91.00,9.12,78.00,57.82
27,10-20,20-40,36.00,36.00,46.06,2,41.03,2.88,10.06,7.46
19,3-5,0-5,12.00,12.00,12.00,2,12.00,3.09,0.00,0.00
259,5-10,5-10,17.00,17.00,19.00,2,18.00,2.92,2.00,1.48
68,5-10,0-5,2.50,2.50,38.00,2,20.25,0.43,35.50,26.32
38,2-3,0-5,7.50,7.50,9.50,2,8.50,3.28,2.00,1.48
117,3-5,20-40,20.50,20.50,25.45,2,22.98,4.26,4.95,3.67
133,1-2,40+,8.00,8.00,32.50,2,20.25,4.55,24.50,18.16
227,10-20,10-20,35.50,35.50,45.65,2,40.58,2.77,10.15,7.52
119,0-1,20-40,12.50,12.50,15.00,2,13.75,17.05,2.50,1.85
190,2-3,40+,13.00,13.00,29.00,2,21.00,4.87,16.00,11.86
105,0-1,5-10,5.50,5.50,7.50,2,6.50,8.59,2.00,1.48
248,3-5,40+,14.50,14.50,31.50,2,23.00,3.63,17.00,12.60
190,3-5,40+,20.00,20.00,26.50,2,23.25,4.03,6.50,4.82
100,10-20,5-10,45.00,45.00,48.50,2,46.75,3.82,3.50,2.59
221,5-10,20-40,23.00,23.00,34.50,2,28.75,3.52,11.50,8.52
204,20+,40+,77.87,77.87,95.00,2,86.44,2.82,17.13,12.70
92,2-3,40+,11.00,11.00,28.00,2,19.50,3.97,17.00,12.60
111,10-20,20-40,44.88,44.88,45.50,2,45.19,2.76,0.62,0.46
172,2-3,5-10,9.00,9.00,9.50,2,9.25,3.80,0.50,0.37
38,1-2,0-5,23.26,23.26,39.45,2,31.36,18.76,16.19,12.00
91,2-3,40+,11.50,11.50,12.00,2,11.75,4.28,0.50,0.37
136,0-1,20-40,9.50,9.50,21.00,2,15.25,10.11,11.50,8.52
235,1-2,40+,6.50,6.50,26.00,2,16.25,5.75,19.50,14.46
101,2-3,20-40,0.10,0.10,20.00,2,10.05,0.04,19.90,14.75
20,10-20,10-20,31.68,31.68,32.50,2,32.09,2.69,0.82,0.61
23,3-5,0-5,12.00,12.00,12.50,2,12.25,3.04,0.50,0.37
82,20+,20-40,52.00,52.00,57.00,2,54.50,2.28,5.00,3.71
105,1-2,10-20,8.50,8.50,9.50,2,9.00,4.86,1.00,0.74
64,1-2,10-20,9.50,9.50,12.00,2,10.75,4.77,2.50,1.85
158,5-10,5-10,15.00,15.00,17.00,2,16.00,3.00,2.00,1.48
180,1-2,20-40,13.00,13.00,18.00,2,15.50,13.00,5.00,3.71
99,1-2,5-10,7.50,7.50,8.00,2,7.75,4.41,0.50,0.37
233,20+,10-20,90.00,90.00,91.00,2,90.50,3.32,1.00,0.74
36,10-20,10-20,10.00,10.00,30.00,2,20.00,0.96,20.00,14.83
197,2-3,40+,23.50,23.50,27.00,2,25.25,8.90,3.50,2.59
58,2-3,10-20,11.50,11.50,21.95,2,16.73,4.66,10.45,7.75
128,0-1,10-20,8.00,8.00,11.00,2,9.50,11.70,3.00,2.22
22,1-2,40+,27.50,27.50,36.50,2,32.00,14.03,9.00,6.67
173,0-1,20-40,13.00,13.00,18.00,2,15.50,17.57,5.00,3.71
94,1-2,20-40,13.50,13.50,18.00,2,15.75,8.33,4.50,3.34
28,3-5,0-5,10.50,10.50,10.50,2,10.50,3.13,0.00,0.00
96,2-3,20-40,14.00,14.00,15.50,2,14.75,5.64,1.50,1.11
131,3-5,40+,16.00,16.00,28.00,2,22.00,4.83,12.00,8.90
254,0-1,20-40,13.50,13.50,14.00,2,13.75,15.56,0.50,0.37
95,1-2,40+,9.50,9.50,24.50,2,17.00,4.87,15.00,11.12
242,2-3,40+,9.50,9.50,31.00,2,20.25,4.34,21.50,15.94
8,2-3,20-40,14.50,14.50,15.00,2,14.75,5.00,0.50,0.37
36,0-1,40+,5.00,5.00,5.50,2,5.25,5.10,0.50,0.37
213,3-5,0-5,10.50,10.50,13.58,2,12.04,3.16,3.08,2.28
154,2-3,0-5,8.50,8.50,20.12,2,14.31,3.48,11.62,8.61
188,2-3,40+,9.50,9.50,13.00,2,11.25,3.99,3.50,2.59
49,5-10,5-10,18.00,18.00,18.50,2,18.25,2.88,0.50,0.37
240,0-1,10-20,8.00,8.00,8.50,2,8.25,8.89,0.50,0.37
90,3-5,0-5,3.50,3.50,4.00,2,3.75,1.03,0.50,0.37
122,3-5,5-10,11.00,11.00,11.50,2,11.25,3.24,0.50,0.37
34,1-2,40+,6.00,6.00,8.00,2,7.00,5.61,2.00,1.48
259,3-5,40+,26.50,26.50,39.00,2,32.75,6.28,12.50,9.27
184,2-3,5-10,9.50,9.50,10.50,2,10.00,3.95,1.00,0.74
64,3-5,0-5,10.50,10.50,13.00,2,11.75,3.07,2.50,1.85
197,0-1,20-40,12.50,12.50,12.50,2,12.50,16.03,0.00,0.00
221,1-2,20-40,15.00,15.00,15.00,2,15.00,7.61,0.00,0.00
36,2-3,40+,11.00,11.00,26.50,2,18.75,4.66,15.50,11.49
118,1-2,0-5,5.00,5.00,5.00,2,5.00,4.31,0.00,0.00
51,0-1,40+,3.00,3.00,23.50,2,13.25,26.11,20.50,15.20
183,1-2,20-40,15.00,15.00,16.00,2,15.50,7.73,1.00,0.74
66,2-3,0-5,7.50,7.50,8.00,2,7.75,3.75,0.50,0.37
128,1-2,0-5,6.00,6.00,26.00,2,16.00,5.71,20.00,14.83
213,2-3,40+,29.00,29.00,29.00,2,29.00,11.60,0.00,0.00
62,2-3,40+,28.00,28.00,94.50,2,61.25,10.00,66.50,49.30
115,1-2,0-5,5.50,5.50,5.50,2,5.50,5.45,0.00,0.00
204,0-1,0-5,3.50,3.50,104.00,2,53.75,7.00,100.50,74.50
220,5-10,5-10,19.00,19.00,20.00,2,19.50,2.81,1.00,0.74
118,2-3,5-10,8.50,8.50,9.50,2,9.00,4.23,1.00,0.74
15,2-3,20-40,15.50,15.50,16.50,2,16.00,5.81,1.00,0.74
94,0-1,20-40,17.00,17.00,18.50,2,17.75,46.25,1.50,1.11
2,1-2,20-40,13.50,13.50,13.50,2,13.50,7.85,0.00,0.00
91,0-1,20-40,12.50,12.50,13.00,2,12.75,22.32,0.50,0.37
230,10-20,5-10,46.50,46.50,48.50,2,47.50,4.16,2.00,1.48
177,0-1,20-40,13.50,13.50,14.00,2,13.75,14.89,0.50,0.37
38,0-1,10-20,0.01,0.01,0.10,2,0.06,0.14,0.09,0.07
133,5-10,5-10,15.50,15.50,16.00,2,15.75,3.05,0.50,0.37
265,10-20,5-10,30.00,30.00,95.00,2,62.50,2.71,65.00,48.18
177,1-2,40+,7.50,7.50,9.50,2,8.50,5.65,2.00,1.48
1,3-5,10-20,13.00,13.00,90.00,2,51.50,3.93,77.00,57.08
173,3-5,40+,14.50,14.50,54.00,2,34.25,3.80,39.50,29.28
253,5-10,5-10,16.50,16.50,17.50,2,17.00,2.85,1.00,0.74
147,2-3,0-5,2.50,2.50,2.50,1,2.50,1.19,0.00,0.00
51,0-1,20-40,23.49,23.49,23.49,1,23.49,53.39,0.00,0.00
1,2-3,20-40,17.00,17.00,17.00,1,17.00,6.56,0.00,0.00
37,0-1,20-40,14.00,14.00,14.00,1,14.00,14.74,0.00,0.00
57,3-5,20-40,16.00,16.00,16.00,1,16.00,4.40,0.00,0.00
57,2-3,20-40,15.50,15.50,15.50,1,15.50,5.25,0.00,0.00
6,5-10,40+,34.50,34.50,34.50,1,34.50,3.92,0.00,0.00
225,1-2,40+,8.00,8.00,8.00,1,8.00,5.30,0.00,0.00
235,3-5,0-5,10.00,10.00,10.00,1,10.00,3.13,0.00,0.00
35,2-3,40+,10.50,10.50,10.50,1,10.50,4.55,0.00,0.00
225,10-20,10-20,46.15,46.15,46.15,1,46.15,4.47,0.00,0.00
56,3-5,40+,35.00,35.00,35.00,1,35.00,7.06,0.00,0.00
197,1-2,40+,10.50,10.50,10.50,1,10.50,7.05,0.00,0.00
127,0-1,40+,5.50,5.50,5.50,1,5.50,7.97,0.00,0.00
187,1-2,0-5,6.00,6.00,6.00,1,6.00,4.96,0.00,0.00
86,3-5,40+,14.00,14.00,14.00,1,14.00,3.67,0.00,0.00
105,5-10,40+,32.50,32.50,32.50,1,32.50,3.84,0.00,0.00
2,10-20,10-20,31.00,31.00,31.00,1,31.00,2.70,0.00,0.00
206,5-10,40+,37.00,37.00,37.00,1,37.00,3.98,0.00,0.00
27,1-2,0-5,75.00,75.00,75.00,1,75.00,39.27,0.00,0.00
55,0-1,40+,49.19,49.19,49.19,1,49.19,1229.75,0.00,0.00
123,5-10,5-10,16.50,16.50,16.50,1,16.50,3.11,0.00,0.00
149,3-5,40+,27.00,27.00,27.00,1,27.00,8.39,0.00,0.00
156,3-5,20-40,15.50,15.50,15.50,1,15.50,5.12,0.00,0.00
194,0-1,40+,2.50,2.50,2.50,1,2.50,83.33,0.00,0.00
188,1-2,40+,13.00,13.00,13.00,1,13.00,9.15,0.00,0.00
46,2-3,5-10,10.50,10.50,10.50,1,10.50,3.57,0.00,0.00
219,0-1,20-40,52.00,52.00,52.00,1,52.00,76.47,0.00,0.00
40,5-10,5-10,17.50,17.50,17.50,1,17.50,2.93,0.00,0.00
78,0-1,40+,4.00,4.00,4.00,1,4.00,133.33,0.00,0.00
175,0-1,10-20,7.50,7.50,7.50,1,7.50,375.00,0.00,0.00
1,2-3,0-5,96.00,96.00,96.00,1,96.00,33.10,0.00,0.00
35,5-10,5-10,43.50,43.50,43.50,1,43.50,5.76,0.00,0.00
135,2-3,40+,26.00,26.00,26.00,1,26.00,9.03,0.00,0.00
164,10-20,5-10,31.00,31.00,31.00,1,31.00,2.84,0.00,0.00
204,3-5,5-10,11.00,11.00,11.00,1,11.00,3.55,0.00,0.00
250,5-10,5-10,15.00,15.00,15.00,1,15.00,2.94,0.00,0.00
21,20+,20-40,57.50,57.50,57.50,1,57.50,2.75,0.00,0.00
35,3-5,5-10,11.00,11.00,11.00,1,11.00,3.45,0.00,0.00
194,1-2,40+,52.00,52.00,52.00,1,52.00,30.06,0.00,0.00
67,0-1,20-40,18.00,18.00,18.00,1,18.00,24.66,0.00,0.00
99,10-20,40+,52.00,52.00,52.00,1,52.00,3.36,0.00,0.00
198,1-2,40+,24.00,24.00,24.00,1,24.00,12.06,0.00,0.00
209,3-5,0-5,10.00,10.00,10.00,1,10.00,3.14,0.00,0.00
19,3-5,40+,16.00,16.00,16.00,1,16.00,3.56,0.00,0.00
122,1-2,20-40,18.50,18.50,18.50,1,18.50,10.88,0.00,0.00
204,3-5,0-5,12.00,12.00,12.00,1,12.00,3.13,0.00,0.00
71,3-5,0-5,49.50,49.50,49.50,1,49.50,11.33,0.00,0.00
121,1-2,40+,31.50,31.50,31.50,1,31.50,30.88,0.00,0.00
219,1-2,20-40,14.50,14.50,14.50,1,14.50,8.63,0.00,0.00
4,5-10,0-5,18.50,18.50,18.50,1,18.50,3.06,0.00,0.00
53,0-1,20-40,12.50,12.50,12.50,1,12.50,1250.00,0.00,0.00
98,1-2,20-40,14.00,14.00,14.00,1,14.00,7.69,0.00,0.00
212,3-5,0-5,4.50,4.50,4.50,1,4.50,1.36,0.00,0.00
78,5-10,5-10,15.50,15.50,15.50,1,15.50,3.03,0.00,0.00
128,5-10,5-10,18.00,18.00,18.00,1,18.00,2.93,0.00,0.00
117,1-2,20-40,14.50,14.50,14.50,1,14.50,7.29,0.00,0.00
208,3-5,40+,25.45,25.45,25.45,1,25.45,5.74,0.00,0.00
71,1-2,40+,29.50,29.50,29.50,1,29.50,15.53,0.00,0.00
35,1-2,40+,10.50,10.50,10.50,1,10.50,6.86,0.00,0.00
56,2-3,40+,10.00,10.00,10.00,1,10.00,4.63,0.00,0.00
121,3-5,0-5,11.00,11.00,11.00,1,11.00,3.14,0.00,0.00
37,5-10,5-10,5.50,5.50,5.50,1,5.50,1.06,0.00,0.00
187,2-3,10-20,11.50,11.50,11.50,1,11.50,4.01,0.00,0.00
49,3-5,0-5,12.00,12.00,12.00,1,12.00,3.16,0.00,0.00
89,2-3,40+,23.50,23.50,23.50,1,23.50,10.09,0.00,0.00
243,2-3,40+,9.00,9.00,9.00,1,9.00,4.39,0.00,0.00
180,3-5,40+,14.00,14.00,14.00,1,14.00,3.51,0.00,0.00
212,1-2,20-40,14.50,14.50,14.50,1,14.50,9.80,0.00,0.00
5,5-10,40+,42.00,42.00,42.00,1,42.00,4.27,0.00,0.00
120,2-3,20-40,14.50,14.50,14.50,1,14.50,6.42,0.00,0.00
160,2-3,40+,8.00,8.00,8.00,1,8.00,3.81,0.00,0.00
253,3-5,5-10,10.00,10.00,10.00,1,10.00,3.33,0.00,0.00
148,5-10,0-5,4.50,4.50,4.50,1,4.50,0.87,0.00,0.00
241,0-1,20-40,6.00,6.00,6.00,1,6.00,6.38,0.00,0.00
6,3-5,5-10,12.00,12.00,12.00,1,12.00,3.87,0.00,0.00
214,5-10,10-20,17.00,17.00,17.00,1,17.00,3.30,0.00,0.00
147,2-3,40+,10.50,10.50,10.50,1,10.50,4.71,0.00,0.00
81,2-3,40+,32.50,32.50,32.50,1,32.50,13.83,0.00,0.00
123,10-20,10-20,40.50,40.50,40.50,1,40.50,2.67,0.00,0.00
105,2-3,20-40,16.50,16.50,16.50,1,16.50,8.21,0.00,0.00
155,0-1,20-40,12.50,12.50,12.50,1,12.50,96.15,0.00,0.00
150,3-5,40+,33.00,33.00,33.00,1,33.00,7.32,0.00,0.00
55,0-1,20-40,16.00,16.00,16.00,1,16.00,160.00,0.00,0.00
167,3-5,5-10,10.50,10.50,10.50,1,10.50,3.50,0.00,0.00
44,3-5,10-20,13.00,13.00,13.00,1,13.00,4.11,0.00,0.00
176,2-3,5-10,9.50,9.50,9.50,1,9.50,3.91,0.00,0.00
16,0-1,40+,10.00,10.00,10.00,1,10.00,10.53,0.00,0.00
62,20+,20-40,59.50,59.50,59.50,1,59.50,2.73,0.00,0.00
6,10-20,10-20,28.50,28.50,28.50,1,28.50,2.81,0.00,0.00
121,3-5,40+,28.00,28.00,28.00,1,28.00,6.41,0.00,0.00
37,10-20,5-10,35.50,35.50,35.50,1,35.50,3.20,0.00,0.00
252,0-1,40+,2.50,2.50,2.50,1,2.50,250.00,0.00,0.00
60,2-3,40+,25.00,25.00,25.00,1,25.00,8.59,0.00,0.00
30,5-10,20-40,48.35,48.35,48.35,1,48.35,6.67,0.00,0.00
53,3-5,40+,12.50,12.50,12.50,1,12.50,3.35,0.00,0.00
258,2-3,0-5,7.50,7.50,7.50,1,7.50,3.59,0.00,0.00
217,2-3,0-5,48.90,48.90,48.90,1,48.90,17.65,0.00,0.00
140,5-10,0-5,36.50,36.50,36.50,1,36.50,6.35,0.00,0.00
250,10-20,10-20,34.00,34.00,34.00,1,34.00,2.73,0.00,0.00
184,1-2,10-20,9.00,9.00,9.00,1,9.00,6.21,0.00,0.00
46,10-20,5-10,30.50,30.50,30.50,1,30.50,2.74,0.00,0.00
197,5-10,0-5,70.00,70.00,70.00,1,70.00,12.82,0.00,0.00
210,5-10,0-5,40.50,40.50,40.50,1,40.50,6.73,0.00,0.00
25,10-20,5-10,6.50,6.50,6.50,1,6.50,0.48,0.00,0.00
190,0-1,40+,4.50,4.50,4.50,1,4.50,5.00,0.00,0.00
207,20+,10-20,55.50,55.50,55.50,1,55.50,2.62,0.00,0.00
248,0-1,20-40,13.00,13.00,13.00,1,13.00,20.97,0.00,0.00
48,5-10,0-5,4.00,4.00,4.00,1,4.00,0.80,0.00,0.00
122,20+,20-40,69.33,69.33,69.33,1,69.33,3.06,0.00,0.00
245,1-2,10-20,10.00,10.00,10.00,1,10.00,9.90,0.00,0.00
10,2-3,40+,71.25,71.25,71.25,1,71.25,26.39,0.00,0.00
159,2-3,40+,12.50,12.50,12.50,1,12.50,5.53,0.00,0.00
172,3-5,20-40,17.50,17.50,17.50,1,17.50,3.57,0.00,0.00
77,1-2,20-40,14.00,14.00,14.00,1,14.00,7.29,0.00,0.00
214,3-5,5-10,11.50,11.50,11.50,1,11.50,3.19,0.00,0.00
176,5-10,10-20,23.00,23.00,23.00,1,23.00,3.09,0.00,0.00
85,20+,10-20,71.50,71.50,71.50,1,71.50,3.03,0.00,0.00
118,1-2,20-40,17.00,17.00,17.00,1,17.00,8.95,0.00,0.00
5,2-3,10-20,13.00,13.00,13.00,1,13.00,5.86,0.00,0.00
188,2-3,0-5,8.00,8.00,8.00,1,8.00,3.64,0.00,0.00
13,20+,10-20,52.00,52.00,52.00,1,52.00,2.41,0.00,0.00
247,0-1,20-40,21.50,21.50,21.50,1,21.50,29.86,0.00,0.00
21,3-5,5-10,12.00,12.00,12.00,1,12.00,3.75,0.00,0.00
165,0-1,40+,12.00,12.00,12.00,1,12.00,200.00,0.00,0.00
238,20+,10-20,52.00,52.00,52.00,1,52.00,2.57,0.00,0.00
170,10-20,5-10,46.50,46.50,46.50,1,46.50,4.65,0.00,0.00
227,1-2,20-40,10.00,10.00,10.00,1,10.00,6.06,0.00,0.00
81,2-3,0-5,8.00,8.00,8.00,1,8.00,3.92,0.00,0.00
27,1-2,10-20,12.00,12.00,12.00,1,12.00,8.82,0.00,0.00
93,5-10,0-5,16.50,16.50,16.50,1,16.50,3.04,0.00,0.00
45,5-10,0-5,4.50,4.50,4.50,1,4.50,0.63,0.00,0.00
259,1-2,20-40,25.95,25.95,25.95,1,25.95,21.63,0.00,0.00
23,2-3,20-40,20.50,20.50,20.50,1,20.50,9.81,0.00,0.00
156,5-10,20-40,26.50,26.50,26.50,1,26.50,4.29,0.00,0.00
31,0-1,10-20,8.50,8.50,8.50,1,8.50,10.37,0.00,0.00
198,3-5,5-10,11.00,11.00,11.00,1,11.00,3.65,0.00,0.00
206,20+,20-40,59.50,59.50,59.50,1,59.50,2.69,0.00,0.00
175,2-3,20-40,15.50,15.50,15.50,1,15.50,7.28,0.00,0.00
122,0-1,40+,48.59,48.59,48.59,1,48.59,2429.50,0.00,0.00
212,2-3,40+,30.50,30.50,30.50,1,30.50,11.42,0.00,0.00
41,3-5,0-5,3.50,3.50,3.50,1,3.50,0.74,0.00,0.00
105,2-3,5-10,9.00,9.00,9.00,1,9.00,3.77,0.00,0.00
91,3-5,0-5,3.50,3.50,3.50,1,3.50,0.81,0.00,0.00
188,10-20,10-20,31.50,31.50,31.50,1,31.50,2.81,0.00,0.00
245,20+,20-40,64.00,64.00,64.00,1,64.00,2.70,0.00,0.00
11,3-5,40+,28.00,28.00,28.00,1,28.00,6.09,0.00,0.00
38,0-1,40+,14.00,14.00,14.00,1,14.00,58.33,0.00,0.00
199,1-2,10-20,10.00,10.00,10.00,1,10.00,5.92,0.00,0.00
120,3-5,40+,40.00,40.00,40.00,1,40.00,10.00,0.00,0.00
86,0-1,20-40,14.00,14.00,14.00,1,14.00,15.22,0.00,0.00
66,5-10,0-5,4.50,4.50,4.50,1,4.50,0.67,0.00,0.00
161,5-10,0-5,4.00,4.00,4.00,1,4.00,0.70,0.00,0.00
162,3-5,0-5,3.00,3.00,3.00,1,3.00,0.91,0.00,0.00
140,10-20,5-10,44.50,44.50,44.50,1,44.50,4.27,0.00,0.00
174,2-3,40+,28.00,28.00,28.00,1,28.00,11.16,0.00,0.00
207,2-3,40+,10.50,10.50,10.50,1,10.50,4.65,0.00,0.00
184,2-3,10-20,11.50,11.50,11.50,1,11.50,4.66,0.00,0.00
119,5-10,5-10,24.50,24.50,24.50,1,24.50,2.74,0.00,0.00
228,1-2,40+,5.50,5.50,5.50,1,5.50,5.29,0.00,0.00
169,1-2,40+,10.00,10.00,10.00,1,10.00,7.30,0.00,0.00
219,2-3,40+,28.00,28.00,28.00,1,28.00,13.93,0.00,0.00
27,3-5,5-10,13.00,13.00,13.00,1,13.00,3.25,0.00,0.00
204,1-2,5-10,7.00,7.00,7.00,1,7.00,5.51,0.00,0.00
77,0-1,20-40,14.00,14.00,14.00,1,14.00,16.67,0.00,0.00
83,0-1,40+,4.50,4.50,4.50,1,4.50,8.04,0.00,0.00
6,2-3,40+,35.00,35.00,35.00,1,35.00,12.07,0.00,0.00
109,2-3,5-10,9.50,9.50,9.50,1,9.50,4.26,0.00,0.00
150,1-2,20-40,19.50,19.50,19.50,1,19.50,11.68,0.00,0.00
200,0-1,40+,4.50,4.50,4.50,1,4.50,11.54,0.00,0.00
226,5-10,0-5,40.00,40.00,40.00,1,40.00,7.59,0.00,0.00
187,3-5,10-20,11.50,11.50,11.50,1,11.50,3.59,0.00,0.00
106,2-3,0-5,7.50,7.50,7.50,1,7.50,3.75,0.00,0.00
253,2-3,0-5,8.00,8.00,8.00,1,8.00,3.48,0.00,0.00
131,2-3,40+,12.00,12.00,12.00,1,12.00,4.14,0.00,0.00
248,1-2,20-40,15.00,15.00,15.00,1,15.00,9.38,0.00,0.00
93,3-5,40+,27.00,27.00,27.00,1,27.00,6.94,0.00,0.00
142,20+,10-20,52.00,52.00,52.00,1,52.00,2.46,0.00,0.00
258,3-5,40+,13.50,13.50,13.50,1,13.50,3.73,0.00,0.00
61,0-1,40+,8.00,8.00,8.00,1,8.00,13.33,0.00,0.00
1,2-3,10-20,13.00,13.00,13.00,1,13.00,4.64,0.00,0.00
254,5-10,5-10,17.00,17.00,17.00,1,17.00,3.09,0.00,0.00
11,5-10,5-10,20.50,20.50,20.50,1,20.50,2.80,0.00,0.00
54,0-1,40+,3.50,3.50,3.50,1,3.50,7.61,0.00,0.00
161,10-20,5-10,119.00,119.00,119.00,1,119.00,11.12,0.00,0.00
23,0-1,40+,3.50,3.50,3.50,1,3.50,15.91,0.00,0.00
57,5-10,5-10,20.00,20.00,20.00,1,20.00,2.84,0.00,0.00
63,5-10,0-5,65.92,65.92,65.92,1,65.92,11.52,0.00,0.00
181,20+,10-20,8.50,8.50,8.50,1,8.50,0.42,0.00,0.00
98,3-5,40+,18.00,18.00,18.00,1,18.00,5.14,0.00,0.00
221,2-3,20-40,17.50,17.50,17.50,1,17.50,7.00,0.00,0.00
128,3-5,40+,26.50,26.50,26.50,1,26.50,7.22,0.00,0.00
251,0-1,10-20,7.50,7.50,7.50,1,7.50,10.42,0.00,0.00
176,1-2,5-10,6.50,6.50,6.50,1,6.50,5.12,0.00,0.00
229,5-10,0-5,16.50,16.50,16.50,1,16.50,3.06,0.00,0.00
92,2-3,0-5,7.50,7.50,7.50,1,7.50,3.75,0.00,0.00
196,5-10,0-5,24.50,24.50,24.50,1,24.50,3.71,0.00,0.00
198,1-2,20-40,18.50,18.50,18.50,1,18.50,11.01,0.00,0.00
206,2-3,20-40,15.50,15.50,15.50,1,15.50,6.33,0.00,0.00
44,5-10,40+,34.00,34.00,34.00,1,34.00,4.56,0.00,0.00
174,0-1,20-40,13.00,13.00,13.00,1,13.00,16.25,0.00,0.00
203,3-5,40+,40.04,40.04,40.04,1,40.04,9.56,0.00,0.00
63,2-3,0-5,8.00,8.00,8.00,1,8.00,3.48,0.00,0.00
5,0-1,0-5,5.00,5.00,5.00,1,5.00,8.06,0.00,0.00
222,0-1,20-40,17.00,17.00,17.00,1,17.00,17.35,0.00,0.00
172,2-3,10-20,10.00,10.00,10.00,1,10.00,4.48,0.00,0.00
1,20+,10-20,89.30,89.30,89.30,1,89.30,4.21,0.00,0.00
58,1-2,20-40,17.00,17.00,17.00,1,17.00,8.67,0.00,0.00
23,5-10,40+,37.50,37.50,37.50,1,37.50,3.76,0.00,0.00
182,2-3,0-5,8.00,8.00,8.00,1,8.00,3.64,0.00,0.00
43,5-10,0-5,21.50,21.50,21.50,1,21.50,3.70,0.00,0.00
251,2-3,40+,9.00,9.00,9.00,1,9.00,3.69,0.00,0.00
259,0-1,20-40,22.00,22.00,22.00,1,22.00,42.31,0.00,0.00
99,2-3,20-40,16.00,16.00,16.00,1,16.00,5.57,0.00,0.00
131,3-5,0-5,11.50,11.50,11.50,1,11.50,3.05,0.00,0.00
201,2-3,5-10,9.00,9.00,9.00,1,9.00,4.02,0.00,0.00
23,2-3,0-5,0.01,0.01,0.01,1,0.01,0.00,0.00,0.00
172,2-3,0-5,7.50,7.50,7.50,1,7.50,3.75,0.00,0.00
238,5-10,0-5,4.00,4.00,4.00,1,4.00,0.75,0.00,0.00
47,2-3,40+,33.00,33.00,33.00,1,33.00,15.49,0.00,0.00
193,5-10,5-10,6.00,6.00,6.00,1,6.00,1.03,0.00,0.00
198,10-20,10-20,29.00,29.00,29.00,1,29.00,2.75,0.00,0.00
130,0-1,40+,2.50,2.50,2.50,1,2.50,125.00,0.00,0.00
204,10-20,10-20,200.00,200.00,200.00,1,200.00,12.06,0.00,0.00
184,20+,20-40,140.00,140.00,140.00,1,140.00,5.16,0.00,0.00
196,1-2,40+,8.00,8.00,8.00,1,8.00,4.40,0.00,0.00
177,0-1,40+,5.00,5.00,5.00,1,5.00,6.49,0.00,0.00
162,10-20,5-10,40.00,40.00,40.00,1,40.00,3.88,0.00,0.00
48,20+,10-20,52.00,52.00,52.00,1,52.00,2.21,0.00,0.00
35,5-10,0-5,19.00,19.00,19.00,1,19.00,2.88,0.00,0.00
53,1-2,40+,6.50,6.50,6.50,1,6.50,6.07,0.00,0.00
88,10-20,5-10,52.00,52.00,52.00,1,52.00,3.98,0.00,0.00
156,10-20,10-20,30.00,30.00,30.00,1,30.00,2.99,0.00,0.00
214,2-3,5-10,9.50,9.50,9.50,1,9.50,3.52,0.00,0.00
102,10-20,10-20,30.00,30.00,30.00,1,30.00,2.81,0.00,0.00
120,2-3,40+,455.00,455.00,455.00,1,455.00,155.82,0.00,0.00
240,10-20,10-20,29.00,29.00,29.00,1,29.00,2.83,0.00,0.00
191,3-5,0-5,10.00,10.00,10.00,1,10.00,3.33,0.00,0.00
199,5-10,20-40,25.50,25.50,25.50,1,25.50,2.98,0.00,0.00
32,1-2,40+,23.50,23.50,23.50,1,23.50,16.55,0.00,0.00
185,1-2,40+,38.50,38.50,38.50,1,38.50,22.00,0.00,0.00
237,5-10,0-5,4.50,4.50,4.50,1,4.50,0.74,0.00,0.00
94,1-2,0-5,5.50,5.50,5.50,1,5.50,5.50,0.00,0.00
157,0-1,10-20,21.00,21.00,21.00,1,21.00,350.00,0.00,0.00
228,2-3,40+,13.00,13.00,13.00,1,13.00,5.46,0.00,0.00
115,2-3,10-20,12.00,12.00,12.00,1,12.00,4.14,0.00,0.00
67,1-2,20-40,18.50,18.50,18.50,1,18.50,10.88,0.00,0.00
13,10-20,5-10,30.00,30.00,30.00,1,30.00,2.82,0.00,0.00
109,1-2,10-20,8.50,8.50,8.50,1,8.50,6.44,0.00,0.00
203,1-2,20-40,14.00,14.00,14.00,1,14.00,14.00,0.00,0.00
28,0-1,40+,26.00,26.00,26.00,1,26.00,30.95,0.00,0.00
228,2-3,0-5,9.00,9.00,9.00,1,9.00,3.46,0.00,0.00
203,0-1,40+,38.50,38.50,38.50,1,38.50,1925.00,0.00,0.00
195,2-3,40+,10.50,10.50,10.50,1,10.50,5.10,0.00,0.00
154,3-5,40+,29.50,29.50,29.50,1,29.50,6.00,0.00,0.00
60,10-20,10-20,52.00,52.00,52.00,1,52.00,2.94,0.00,0.00
13,3-5,0-5,4.00,4.00,4.00,1,4.00,0.98,0.00,0.00
250,2-3,0-5,8.50,8.50,8.50,1,8.50,3.76,0.00,0.00
1,5-10,5-10,23.50,23.50,23.50,1,23.50,2.76,0.00,0.00
194,1-2,20-40,52.00,52.00,52.00,1,52.00,31.52,0.00,0.00
197,10-20,5-10,31.00,31.00,31.00,1,31.00,2.72,0.00,0.00
35,3-5,0-5,4.50,4.50,4.50,1,4.50,1.32,0.00,0.00
123,0-1,20-40,16.50,16.50,16.50,1,16.50,23.57,0.00,0.00
205,1-2,40+,23.50,23.50,23.50,1,23.50,14.69,0.00,0.00
96,2-3,0-5,61.85,61.85,61.85,1,61.85,24.74,0.00,0.00
141,5-10,0-5,59.00,59.00,59.00,1,59.00,10.31,0.00,0.00
86,2-3,20-40,15.00,15.00,15.00,1,15.00,5.23,0.00,0.00
172,5-10,10-20,18.00,18.00,18.00,1,18.00,3.59,0.00,0.00
22,0-1,40+,22.52,22.52,22.52,1,22.52,30.43,0.00,0.00
182,0-1,20-40,12.50,12.50,12.50,1,12.50,16.23,0.00,0.00
190,20+,20-40,61.85,61.85,61.85,1,61.85,3.07,0.00,0.00
67,3-5,5-10,11.50,11.50,11.50,1,11.50,3.45,0.00,0.00
205,0-1,40+,4.00,4.00,4.00,1,4.00,8.16,0.00,0.00
171,5-10,5-10,18.00,18.00,18.00,1,18.00,2.95,0.00,0.00
58,0-1,5-10,6.00,6.00,6.00,1,6.00,6.98,0.00,0.00
28,3-5,40+,14.50,14.50,14.50,1,14.50,3.44,0.00,0.00
177,2-3,0-5,4.00,4.00,4.00,1,4.00,1.67,0.00,0.00
23,0-1,10-20,8.00,8.00,8.00,1,8.00,9.76,0.00,0.00
195,0-1,40+,4.00,4.00,4.00,1,4.00,6.67,0.00,0.00
178,10-20,10-20,29.00,29.00,29.00,1,29.00,2.80,0.00,0.00
184,5-10,40+,24.12,24.12,24.12,1,24.12,3.35,0.00,0.00
190,0-1,20-40,18.00,18.00,18.00,1,18.00,25.35,0.00,0.00
162,20+,10-20,75.00,75.00,75.00,1,75.00,2.95,0.00,0.00
250,1-2,20-40,15.00,15.00,15.00,1,15.00,8.02,0.00,0.00
38,3-5,0-5,12.00,12.00,12.00,1,12.00,3.12,0.00,0.00
1,10-20,10-20,30.50,30.50,30.50,1,30.50,2.75,0.00,0.00
206,10-20,10-20,61.00,61.00,61.00,1,61.00,3.17,0.00,0.00
30,0-1,0-5,4.50,4.50,4.50,1,4.50,5.29,0.00,0.00
112,3-5,0-5,10.00,10.00,10.00,1,10.00,3.33,0.00,0.00
109,5-10,20-40,20.50,20.50,20.50,1,20.50,3.47,0.00,0.00
157,0-1,20-40,2.50,2.50,2.50,1,2.50,83.33,0.00,0.00
15,2-3,0-5,9.00,9.00,9.00,1,9.00,3.37,0.00,0.00
160,2-3,0-5,9.50,9.50,9.50,1,9.50,3.35,0.00,0.00
262,10-20,5-10,31.00,31.00,31.00,1,31.00,3.09,0.00,0.00
62,0-1,40+,50.50,50.50,50.50,1,50.50,2525.00,0.00,0.00
6,0-1,10-20,10.00,10.00,10.00,1,10.00,10.10,0.00,0.00
245,10-20,10-20,38.81,38.81,38.81,1,38.81,3.09,0.00,0.00
259,1-2,40+,30.50,30.50,30.50,1,30.50,17.33,0.00,0.00
10,1-2,40+,7.00,7.00,7.00,1,7.00,6.93,0.00,0.00
213,0-1,40+,15.00,15.00,15.00,1,15.00,250.00,0.00,0.00
217,20+,20-40,59.20,59.20,59.20,1,59.20,2.73,0.00,0.00
126,1-2,20-40,14.00,14.00,14.00,1,14.00,7.37,0.00,0.00
202,2-3,0-5,8.00,8.00,8.00,1,8.00,3.81,0.00,0.00
221,0-1,40+,6.00,6.00,6.00,1,6.00,9.38,0.00,0.00
50,3-5,0-5,2.50,2.50,2.50,1,2.50,0.81,0.00,0.00
134,10-20,5-10,52.00,52.00,52.00,1,52.00,4.73,0.00,0.00
250,0-1,20-40,2.50,2.50,2.50,1,2.50,41.67,0.00,0.00
93,0-1,40+,65.26,65.26,65.26,1,65.26,118.65,0.00,0.00
183,1-2,0-5,6.00,6.00,6.00,1,6.00,4.80,0.00,0.00
119,0-1,40+,27.00,27.00,27.00,1,27.00,35.06,0.00,0.00
34,20+,40+,70.45,70.45,70.45,1,70.45,3.47,0.00,0.00
139,0-1,40+,150.00,150.00,150.00,1,150.00,1071.43,0.00,0.00
114,3-5,0-5,13.50,13.50,13.50,1,13.50,4.37,0.00,0.00
264,5-10,0-5,4.50,4.50,4.50,1,4.50,0.74,0.00,0.00
35,0-1,40+,3.50,3.50,3.50,1,3.50,12.50,0.00,0.00
73,20+,40+,69.50,69.50,69.50,1,69.50,3.17,0.00,0.00
251,2-3,20-40,17.00,17.00,17.00,1,17.00,5.70,0.00,0.00
124,3-5,40+,26.00,26.00,26.00,1,26.00,5.42,0.00,0.00
196,3-5,40+,20.00,20.00,20.00,1,20.00,4.23,0.00,0.00
18,0-1,40+,5.00,5.00,5.00,1,5.00,7.35,0.00,0.00
150,0-1,20-40,52.00,52.00,52.00,1,52.00,60.47,0.00,0.00
105,0-1,10-20,10.00,10.00,10.00,1,10.00,13.89,0.00,0.00
261,5-10,0-5,4.50,4.50,4.50,1,4.50,0.64,0.00,0.00
13,5-10,0-5,20.50,20.50,20.50,1,20.50,2.83,0.00,0.00
192,0-1,10-20,8.50,8.50,8.50,1,8.50,11.81,0.00,0.00
204,5-10,20-40,29.50,29.50,29.50,1,29.50,3.07,0.00,0.00
176,10-20,40+,55.00,55.00,55.00,1,55.00,3.42,0.00,0.00
119,2-3,0-5,8.50,8.50,8.50,1,8.50,3.60,0.00,0.00
204,0-1,40+,104.82,104.82,104.82,1,104.82,2096.40,0.00,0.00
252,0-1,20-40,13.50,13.50,13.50,1,13.50,33.75,0.00,0.00
206,3-5,20-40,15.00,15.00,15.00,1,15.00,4.55,0.00,0.00
147,5-10,5-10,22.50,22.50,22.50,1,22.50,2.81,0.00,0.00
6,1-2,10-20,10.00,10.00,10.00,1,10.00,6.14,0.00,0.00
94,5-10,5-10,15.50,15.50,15.50,1,15.50,3.05,0.00,0.00
200,0-1,10-20,8.00,8.00,8.00,1,8.00,8.79,0.00,0.00
215,2-3,40+,52.00,52.00,52.00,1,52.00,21.67,0.00,0.00
66,0-1,20-40,14.00,14.00,14.00,1,14.00,280.00,0.00,0.00
179,3-5,0-5,45.00,45.00,45.00,1,45.00,12.03,0.00,0.00
113,5-10,0-5,19.50,19.50,19.50,1,19.50,3.42,0.00,0.00
108,0-1,40+,21.50,21.50,21.50,1,21.50,58.11,0.00,0.00
116,5-10,0-5,4.00,4.00,4.00,1,4.00,0.71,0.00,0.00
167,2-3,40+,31.00,31.00,31.00,1,31.00,11.83,0.00,0.00
126,0-1,20-40,13.00,13.00,13.00,1,13.00,14.44,0.00,0.00
53,5-10,5-10,15.00,15.00,15.00,1,15.00,3.00,0.00,0.00
115,2-3,5-10,8.00,8.00,8.00,1,8.00,3.64,0.00,0.00
23,0-1,5-10,6.50,6.50,6.50,1,6.50,9.85,0.00,0.00
30,3-5,5-10,10.50,10.50,10.50,1,10.50,3.38,0.00,0.00
210,2-3,40+,26.50,26.50,26.50,1,26.50,9.81,0.00,0.00
149,1-2,40+,23.00,23.00,23.00,1,23.00,18.70,0.00,0.00
192,0-1,40+,6.50,6.50,6.50,1,6.50,7.93,0.00,0.00
3,1-2,20-40,17.00,17.00,17.00,1,17.00,9.71,0.00,0.00
265,20+,10-20,60.50,60.50,60.50,1,60.50,2.75,0.00,0.00
178,2-3,0-5,3.50,3.50,3.50,1,3.50,1.40,0.00,0.00
182,5-10,5-10,26.50,26.50,26.50,1,26.50,2.78,0.00,0.00
210,1-2,40+,6.00,6.00,6.00,1,6.00,5.00,0.00,0.00
199,3-5,20-40,22.00,22.00,22.00,1,22.00,4.72,0.00,0.00
153,1-2,20-40,16.00,16.00,16.00,1,16.00,8.70,0.00,0.00
147,0-1,20-40,7.00,7.00,7.00,1,7.00,20.00,0.00,0.00
251,3-5,20-40,18.50,18.50,18.50,1,18.50,5.78,0.00,0.00
136,5-10,0-5,4.50,4.50,4.50,1,4.50,0.87,0.00,0.00
131,1-2,40+,8.50,8.50,8.50,1,8.50,4.27,0.00,0.00
178,20+,20-40,57.00,57.00,57.00,1,57.00,2.80,0.00,0.00
192,1-2,20-40,15.00,15.00,15.00,1,15.00,7.54,0.00,0.00
250,1-2,40+,10.50,10.50,10.50,1,10.50,5.28,0.00,0.00
128,1-2,20-40,13.00,13.00,13.00,1,13.00,7.65,0.00,0.00
193,3-5,0-5,10.00,10.00,10.00,1,10.00,3.23,0.00,0.00
63,1-2,20-40,15.00,15.00,15.00,1,15.00,8.06,0.00,0.00
156,0-1,10-20,8.50,8.50,8.50,1,8.50,9.55,0.00,0.00
6,2-3,10-20,11.50,11.50,11.50,1,11.50,3.94,0.00,0.00
192,3-5,40+,34.00,34.00,34.00,1,34.00,7.34,0.00,0.00
173,2-3,0-5,8.00,8.00,8.00,1,8.00,3.74,0.00,0.00
25,3-5,0-5,52.00,52.00,52.00,1,52.00,16.25,0.00,0.00
15,5-10,40+,49.50,49.50,49.50,1,49.50,5.00,0.00,0.00
252,3-5,40+,29.50,29.50,29.50,1,29.50,6.21,0.00,0.00
7,3-5,0-5,2.50,2.50,2.50,1,2.50,0.53,0.00,0.00
185,2-3,40+,27.00,27.00,27.00,1,27.00,9.47,0.00,0.00
31,20+,20-40,67.00,67.00,67.00,1,67.00,2.64,0.00,0.00
192,2-3,40+,13.00,13.00,13.00,1,13.00,4.64,0.00,0.00
128,3-5,0-5,10.00,10.00,10.00,1,10.00,3.32,0.00,0.00
175,3-5,40+,29.50,29.50,29.50,1,29.50,7.16,0.00,0.00
57,2-3,5-10,8.50,8.50,8.50,1,8.50,4.03,0.00,0.00
202,3-5,5-10,11.50,11.50,11.50,1,11.50,3.65,0.00,0.00
11,0-1,10-20,8.50,8.50,8.50,1,8.50,8.85,0.00,0.00
36,3-5,0-5,2.50,2.50,2.50,1,2.50,0.51,0.00,0.00
174,2-3,0-5,4.50,4.50,4.50,1,4.50,1.67,0.00,0.00
200,1-2,20-40,13.00,13.00,13.00,1,13.00,7.56,0.00,0.00
194,5-10,0-5,52.00,52.00,52.00,1,52.00,9.35,0.00,0.00
27,10-20,10-20,54.32,54.32,54.32,1,54.32,5.28,0.00,0.00
106,0-1,40+,5.00,5.00,5.00,1,5.00,6.76,0.00,0.00
117,10-20,10-20,32.00,32.00,32.00,1,32.00,2.76,0.00,0.00
72,0-1,20-40,13.50,13.50,13.50,1,13.50,14.67,0.00,0.00
51,2-3,0-5,10.00,10.00,10.00,1,10.00,3.45,0.00,0.00
117,0-1,20-40,38.60,38.60,38.60,1,38.60,214.44,0.00,0.00
46,10-20,10-20,52.50,52.50,52.50,1,52.50,4.57,0.00,0.00
184,0-1,20-40,3.00,3.00,3.00,1,3.00,15.00,0.00,0.00
118,10-20,10-20,29.50,29.50,29.50,1,29.50,2.87,0.00,0.00
57,1-2,10-20,9.00,9.00,9.00,1,9.00,5.66,0.00,0.00
133,0-1,40+,35.50,35.50,35.50,1,35.50,161.36,0.00,0.00
91,0-1,40+,20.00,20.00,20.00,1,20.00,166.67,0.00,0.00
221,0-1,10-20,9.00,9.00,9.00,1,9.00,10.98,0.00,0.00
19,2-3,0-5,8.50,8.50,8.50,1,8.50,3.51,0.00,0.00
199,1-2,5-10,7.00,7.00,7.00,1,7.00,4.73,0.00,0.00
241,1-2,40+,29.00,29.00,29.00,1,29.00,18.95,0.00,0.00
111,5-10,10-20,18.00,18.00,18.00,1,18.00,3.16,0.00,0.00
126,3-5,0-5,10.00,10.00,10.00,1,10.00,3.26,0.00,0.00
181,3-5,0-5,3.00,3.00,3.00,1,3.00,0.88,0.00,0.00
102,20+,20-40,55.00,55.00,55.00,1,55.00,2.72,0.00,0.00
64,2-3,20-40,15.00,15.00,15.00,1,15.00,5.36,0.00,0.00
187,0-1,0-5,3.50,3.50,3.50,1,3.50,14.00,0.00,0.00
154,2-3,20-40,15.50,15.50,15.50,1,15.50,5.52,0.00,0.00
59,1-2,20-40,14.50,14.50,14.50,1,14.50,8.15,0.00,0.00
234,10-20,5-10,45.50,45.50,45.50,1,45.50,3.56,0.00,0.00
62,2-3,0-5,8.00,8.00,8.00,1,8.00,3.72,0.00,0.00
214,3-5,20-40,16.50,16.50,16.50,1,16.50,4.04,0.00,0.00
71,10-20,5-10,45.50,45.50,45.50,1,45.50,3.97,0.00,0.00
79,5-10,0-5,17.50,17.50,17.50,1,17.50,2.97,0.00,0.00
253,2-3,5-10,7.50,7.50,7.50,1,7.50,3.55,0.00,0.00
75,10-20,5-10,40.38,40.38,40.38,1,40.38,2.72,0.00,0.00
20,1-2,40+,28.50,28.50,28.50,1,28.50,14.84,0.00,0.00
18,2-3,40+,11.50,11.50,11.50,1,11.50,5.20,0.00,0.00
44,0-1,5-10,7.00,7.00,7.00,1,7.00,58.33,0.00,0.00
99,10-20,20-40,55.01,55.01,55.01,1,55.01,3.16,0.00,0.00
218,20+,10-20,74.00,74.00,74.00,1,74.00,3.14,0.00,0.00
189,2-3,0-5,52.00,52.00,52.00,1,52.00,23.64,0.00,0.00
242,2-3,0-5,9.50,9.50,9.50,1,9.50,3.38,0.00,0.00
21,1-2,40+,36.50,36.50,36.50,1,36.50,30.42,0.00,0.00
22,0-1,20-40,2.50,2.50,2.50,1,2.50,250.00,0.00,0.00
149,0-1,40+,4.00,4.00,4.00,1,4.00,133.33,0.00,0.00
56,1-2,40+,7.00,7.00,7.00,1,7.00,6.48,0.00,0.00
130,1-2,40+,30.44,30.44,30.44,1,30.44,17.60,0.00,0.00
195,3-5,0-5,10.50,10.50,10.50,1,10.50,3.26,0.00,0.00
84,10-20,20-40,36.50,36.50,36.50,1,36.50,2.87,0.00,0.00
109,10-20,40+,45.00,45.00,45.00,1,45.00,3.01,0.00,0.00
156,3-5,40+,32.00,32.00,32.00,1,32.00,6.57,0.00,0.00
191,2-3,0-5,9.00,9.00,9.00,1,9.00,3.37,0.00,0.00
173,0-1,40+,7.00,7.00,7.00,1,7.00,8.43,0.00,0.00
86,1-2,20-40,32.45,32.45,32.45,1,32.45,19.91,0.00,0.00
208,1-2,40+,12.50,12.50,12.50,1,12.50,7.44,0.00,0.00
198,0-1,10-20,8.50,8.50,8.50,1,8.50,77.27,0.00,0.00
247,2-3,0-5,8.00,8.00,8.00,1,8.00,3.86,0.00,0.00
150,0-1,10-20,10.00,10.00,10.00,1,10.00,11.49,0.00,0.00
84,0-1,10-20,80.00,80.00,80.00,1,80.00,4000.00,0.00,0.00
111,5-10,40+,31.50,31.50,31.50,1,31.50,3.58,0.00,0.00
26,1-2,40+,7.50,7.50,7.50,1,7.50,4.81,0.00,0.00
84,3-5,20-40,20.00,20.00,20.00,1,20.00,5.28,0.00,0.00
11,1-2,0-5,6.00,6.00,6.00,1,6.00,5.00,0.00,0.00
245,10-20,40+,41.00,41.00,41.00,1,41.00,3.25,0.00,0.00
90,10-20,5-10,5.50,5.50,5.50,1,5.50,0.53,0.00,0.00
99,5-10,20-40,25.00,25.00,25.00,1,25.00,3.21,0.00,0.00
165,0-1,20-40,13.00,13.00,13.00,1,13.00,81.25,0.00,0.00
63,0-1,20-40,14.00,14.00,14.00,1,14.00,233.33,0.00,0.00
183,2-3,20-40,15.00,15.00,15.00,1,15.00,5.54,0.00,0.00
124,0-1,40+,52.00,52.00,52.00,1,52.00,152.94,0.00,0.00
81,3-5,40+,27.50,27.50,27.50,1,27.50,5.71,0.00,0.00
222,3-5,40+,28.00,28.00,28.00,1,28.00,5.77,0.00,0.00
167,0-1,20-40,22.00,22.00,22.00,1,22.00,23.40,0.00,0.00
214,5-10,40+,40.50,40.50,40.50,1,40.50,4.64,0.00,0.00
10,10-20,5-10,52.00,52.00,52.00,1,52.00,3.51,0.00,0.00
118,0-1,40+,22.00,22.00,22.00,1,22.00,23.40,0.00,0.00
121,1-2,20-40,15.50,15.50,15.50,1,15.50,11.83,0.00,0.00
19,5-10,40+,32.50,32.50,32.50,1,32.50,3.66,0.00,0.00
216,2-3,40+,8.50,8.50,8.50,1,8.50,3.79,0.00,0.00
218,0-1,20-40,20.00,20.00,20.00,1,20.00,30.77,0.00,0.00
175,0-1,20-40,21.50,21.50,21.50,1,21.50,22.87,0.00,0.00
11,0-1,20-40,13.50,13.50,13.50,1,13.50,16.46,0.00,0.00
173,1-2,40+,7.50,7.50,7.50,1,7.50,5.21,0.00,0.00
199,10-20,40+,40.00,40.00,40.00,1,40.00,3.99,0.00,0.00
183,3-5,40+,29.50,29.50,29.50,1,29.50,8.73,0.00,0.00
15,0-1,20-40,15.00,15.00,15.00,1,15.00,15.79,0.00,0.00
157,0-1,40+,45.00,45.00,45.00,1,45.00,236.84,0.00,0.00
10,20+,10-20,52.00,52.00,52.00,1,52.00,2.48,0.00,0.00
154,2-3,5-10,10.00,10.00,10.00,1,10.00,4.03,0.00,0.00
17,5-10,5-10,35.00,35.00,35.00,1,35.00,6.14,0.00,0.00
14,1-2,40+,7.50,7.50,7.50,1,7.50,5.21,0.00,0.00
30,2-3,5-10,9.00,9.00,9.00,1,9.00,3.91,0.00,0.00
213,0-1,20-40,12.50,12.50,12.50,1,12.50,208.33,0.00,0.00
239,10-20,5-10,56.50,56.50,56.50,1,56.50,3.83,0.00,0.00
39,0-1,20-40,14.00,14.00,14.00,1,14.00,31.11,0.00,0.00
9,2-3,0-5,8.50,8.50,8.50,1,8.50,3.40,0.00,0.00
113,5-10,5-10,25.00,25.00,25.00,1,25.00,2.88,0.00,0.00
96,3-5,0-5,10.00,10.00,10.00,1,10.00,3.24,0.00,0.00
187,3-5,20-40,17.50,17.50,17.50,1,17.50,3.80,0.00,0.00
84,10-20,40+,34.00,34.00,34.00,1,34.00,3.40,0.00,0.00
88,5-10,0-5,16.00,16.00,16.00,1,16.00,2.99,0.00,0.00
83,0-1,20-40,14.00,14.00,14.00,1,14.00,23.33,0.00,0.00
109,1-2,5-10,6.50,6.50,6.50,1,6.50,5.37,0.00,0.00
11,1-2,40+,27.00,27.00,27.00,1,27.00,19.71,0.00,0.00
261,10-20,5-10,52.00,52.00,52.00,1,52.00,3.25,0.00,0.00
104,5-10,10-20,25.00,25.00,25.00,1,25.00,3.06,0.00,0.00
239,5-10,0-5,20.50,20.50,20.50,1,20.50,3.25,0.00,0.00
54,3-5,40+,13.50,13.50,13.50,1,13.50,3.41,0.00,0.00
8,2-3,0-5,8.00,8.00,8.00,1,8.00,3.48,0.00,0.00
55,5-10,5-10,20.00,20.00,20.00,1,20.00,2.82,0.00,0.00
187,5-10,20-40,27.50,27.50,27.50,1,27.50,3.30,0.00,0.00
158,3-5,0-5,14.50,14.50,14.50,1,14.50,4.25,0.00,0.00
15,1-2,20-40,16.00,16.00,16.00,1,16.00,9.14,0.00,0.00
60,2-3,0-5,7.50,7.50,7.50,1,7.50,3.69,0.00,0.00
82,10-20,5-10,48.00,48.00,48.00,1,48.00,4.26,0.00,0.00
23,5-10,5-10,16.00,16.00,16.00,1,16.00,2.89,0.00,0.00
20,2-3,40+,34.00,34.00,34.00,1,34.00,12.45,0.00,0.00
64,0-1,10-20,42.67,42.67,42.67,1,42.67,133.34,0.00,0.00
85,1-2,40+,6.00,6.00,6.00,1,6.00,5.83,0.00,0.00
202,1-2,20-40,17.00,17.00,17.00,1,17.00,8.54,0.00,0.00
1,1-2,20-40,16.50,16.50,16.50,1,16.50,10.06,0.00,0.00
191,0-1,20-40,14.00,14.00,14.00,1,14.00,66.67,0.00,0.00
189,1-2,40+,6.00,6.00,6.00,1,6.00,4.69,0.00,0.00
2,5-10,10-20,27.00,27.00,27.00,1,27.00,2.78,0.00,0.00
225,3-5,5-10,11.50,11.50,11.50,1,11.50,3.71,0.00,0.00
202,2-3,40+,41.00,41.00,41.00,1,41.00,14.04,0.00,0.00
